year,region,sector,fuel_type,emissions_mt,gdp_billion,population_million
1990,Asia-Pacific,Energy,Coal,1173.7,18000,4200
1990,Asia-Pacific,Energy,Oil,1041.5,18000,4200
1990,Asia-Pacific,Energy,Natural Gas,708.1,18000,4200
1990,Asia-Pacific,Energy,Renewables,155.9,18000,4200
1990,Asia-Pacific,Energy,Nuclear,96.1,18000,4200
1990,Asia-Pacific,Industry,Coal,654.3,18000,4200
1990,Asia-Pacific,Industry,Oil,560,18000,4200
1990,Asia-Pacific,Industry,Natural Gas,379.6,18000,4200
1990,Asia-Pacific,Industry,Renewables,86.7,18000,4200
1990,Asia-Pacific,Industry,Nuclear,52.4,18000,4200
1990,Asia-Pacific,Transport,Coal,601.4,18000,4200
1990,Asia-Pacific,Transport,Oil,497,18000,4200
1990,Asia-Pacific,Transport,Natural Gas,353.8,18000,4200
1990,Asia-Pacific,Transport,Renewables,78.1,18000,4200
1990,Asia-Pacific,Transport,Nuclear,48.1,18000,4200
1990,Asia-Pacific,Buildings,Coal,296.7,18000,4200
1990,Asia-Pacific,Buildings,Oil,247.8,18000,4200
1990,Asia-Pacific,Buildings,Natural Gas,176.8,18000,4200
1990,Asia-Pacific,Buildings,Renewables,40.9,18000,4200
1990,Asia-Pacific,Buildings,Nuclear,23.1,18000,4200
1990,Asia-Pacific,Agriculture,Coal,247.4,18000,4200
1990,Asia-Pacific,Agriculture,Oil,198.6,18000,4200
1990,Asia-Pacific,Agriculture,Natural Gas,142.3,18000,4200
1990,Asia-Pacific,Agriculture,Renewables,32.1,18000,4200
1990,Asia-Pacific,Agriculture,Nuclear,19.8,18000,4200
1991,Asia-Pacific,Energy,Coal,1201.9,18990,4233.6
1991,Asia-Pacific,Energy,Oil,1093.4,18990,4233.6
1991,Asia-Pacific,Energy,Natural Gas,728.3,18990,4233.6
1991,Asia-Pacific,Energy,Renewables,274.7,18990,4233.6
1991,Asia-Pacific,Energy,Nuclear,104.7,18990,4233.6
1991,Asia-Pacific,Industry,Coal,663,18990,4233.6
1991,Asia-Pacific,Industry,Oil,601.7,18990,4233.6
1991,Asia-Pacific,Industry,Natural Gas,421.2,18990,4233.6
1991,Asia-Pacific,Industry,Renewables,152.3,18990,4233.6
1991,Asia-Pacific,Industry,Nuclear,56.7,18990,4233.6
1991,Asia-Pacific,Transport,Coal,615.2,18990,4233.6
1991,Asia-Pacific,Transport,Oil,520.8,18990,4233.6
1991,Asia-Pacific,Transport,Natural Gas,363.5,18990,4233.6
1991,Asia-Pacific,Transport,Renewables,140.1,18990,4233.6
1991,Asia-Pacific,Transport,Nuclear,49.9,18990,4233.6
1991,Asia-Pacific,Buildings,Coal,320.7,18990,4233.6
1991,Asia-Pacific,Buildings,Oil,261.2,18990,4233.6
1991,Asia-Pacific,Buildings,Natural Gas,180,18990,4233.6
1991,Asia-Pacific,Buildings,Renewables,72.5,18990,4233.6
1991,Asia-Pacific,Buildings,Nuclear,25.6,18990,4233.6
1991,Asia-Pacific,Agriculture,Coal,257.2,18990,4233.6
1991,Asia-Pacific,Agriculture,Oil,217.6,18990,4233.6
1991,Asia-Pacific,Agriculture,Natural Gas,144.3,18990,4233.6
1991,Asia-Pacific,Agriculture,Renewables,57.3,18990,4233.6
1991,Asia-Pacific,Agriculture,Nuclear,20.1,18990,4233.6
1992,Asia-Pacific,Energy,Coal,1257,20034,4267.5
1992,Asia-Pacific,Energy,Oil,1094.3,20034,4267.5
1992,Asia-Pacific,Energy,Natural Gas,792.3,20034,4267.5
1992,Asia-Pacific,Energy,Renewables,401.6,20034,4267.5
1992,Asia-Pacific,Energy,Nuclear,113.8,20034,4267.5
1992,Asia-Pacific,Industry,Coal,669,20034,4267.5
1992,Asia-Pacific,Industry,Oil,591.1,20034,4267.5
1992,Asia-Pacific,Industry,Natural Gas,431.4,20034,4267.5
1992,Asia-Pacific,Industry,Renewables,219.3,20034,4267.5
1992,Asia-Pacific,Industry,Nuclear,62.2,20034,4267.5
1992,Asia-Pacific,Transport,Coal,620,20034,4267.5
1992,Asia-Pacific,Transport,Oil,527.8,20034,4267.5
1992,Asia-Pacific,Transport,Natural Gas,396.8,20034,4267.5
1992,Asia-Pacific,Transport,Renewables,215.4,20034,4267.5
1992,Asia-Pacific,Transport,Nuclear,56.7,20034,4267.5
1992,Asia-Pacific,Buildings,Coal,306.6,20034,4267.5
1992,Asia-Pacific,Buildings,Oil,281.2,20034,4267.5
1992,Asia-Pacific,Buildings,Natural Gas,190.6,20034,4267.5
1992,Asia-Pacific,Buildings,Renewables,102.4,20034,4267.5
1992,Asia-Pacific,Buildings,Nuclear,26.9,20034,4267.5
1992,Asia-Pacific,Agriculture,Coal,245.9,20034,4267.5
1992,Asia-Pacific,Agriculture,Oil,225.6,20034,4267.5
1992,Asia-Pacific,Agriculture,Natural Gas,159,20034,4267.5
1992,Asia-Pacific,Agriculture,Renewables,85,20034,4267.5
1992,Asia-Pacific,Agriculture,Nuclear,21.3,20034,4267.5
1993,Asia-Pacific,Energy,Coal,1262.7,21136,4301.6
1993,Asia-Pacific,Energy,Oil,1169.7,21136,4301.6
1993,Asia-Pacific,Energy,Natural Gas,855.6,21136,4301.6
1993,Asia-Pacific,Energy,Renewables,550.9,21136,4301.6
1993,Asia-Pacific,Energy,Nuclear,115.4,21136,4301.6
1993,Asia-Pacific,Industry,Coal,726.4,21136,4301.6
1993,Asia-Pacific,Industry,Oil,636.6,21136,4301.6
1993,Asia-Pacific,Industry,Natural Gas,471.4,21136,4301.6
1993,Asia-Pacific,Industry,Renewables,315.1,21136,4301.6
1993,Asia-Pacific,Industry,Nuclear,67.9,21136,4301.6
1993,Asia-Pacific,Transport,Coal,648.5,21136,4301.6
1993,Asia-Pacific,Transport,Oil,579.9,21136,4301.6
1993,Asia-Pacific,Transport,Natural Gas,402.8,21136,4301.6
1993,Asia-Pacific,Transport,Renewables,282.9,21136,4301.6
1993,Asia-Pacific,Transport,Nuclear,58.3,21136,4301.6
1993,Asia-Pacific,Buildings,Coal,324.4,21136,4301.6
1993,Asia-Pacific,Buildings,Oil,277.6,21136,4301.6
1993,Asia-Pacific,Buildings,Natural Gas,199.2,21136,4301.6
1993,Asia-Pacific,Buildings,Renewables,142.8,21136,4301.6
1993,Asia-Pacific,Buildings,Nuclear,28.8,21136,4301.6
1993,Asia-Pacific,Agriculture,Coal,265.7,21136,4301.6
1993,Asia-Pacific,Agriculture,Oil,225,21136,4301.6
1993,Asia-Pacific,Agriculture,Natural Gas,161.4,21136,4301.6
1993,Asia-Pacific,Agriculture,Renewables,113.6,21136,4301.6
1993,Asia-Pacific,Agriculture,Nuclear,23,21136,4301.6
1994,Asia-Pacific,Energy,Coal,1295,22299,4336
1994,Asia-Pacific,Energy,Oil,1191,22299,4336
1994,Asia-Pacific,Energy,Natural Gas,876,22299,4336
1994,Asia-Pacific,Energy,Renewables,692.2,22299,4336
1994,Asia-Pacific,Energy,Nuclear,129.9,22299,4336
1994,Asia-Pacific,Industry,Coal,724.1,22299,4336
1994,Asia-Pacific,Industry,Oil,621.4,22299,4336
1994,Asia-Pacific,Industry,Natural Gas,476.3,22299,4336
1994,Asia-Pacific,Industry,Renewables,387.9,22299,4336
1994,Asia-Pacific,Industry,Nuclear,72.5,22299,4336
1994,Asia-Pacific,Transport,Coal,675,22299,4336
1994,Asia-Pacific,Transport,Oil,574.4,22299,4336
1994,Asia-Pacific,Transport,Natural Gas,447.1,22299,4336
1994,Asia-Pacific,Transport,Renewables,358.8,22299,4336
1994,Asia-Pacific,Transport,Nuclear,65.4,22299,4336
1994,Asia-Pacific,Buildings,Coal,320.6,22299,4336
1994,Asia-Pacific,Buildings,Oil,280.4,22299,4336
1994,Asia-Pacific,Buildings,Natural Gas,212.5,22299,4336
1994,Asia-Pacific,Buildings,Renewables,184.7,22299,4336
1994,Asia-Pacific,Buildings,Nuclear,31.5,22299,4336
1994,Asia-Pacific,Agriculture,Coal,261.3,22299,4336
1994,Asia-Pacific,Agriculture,Oil,225.6,22299,4336
1994,Asia-Pacific,Agriculture,Natural Gas,180,22299,4336
1994,Asia-Pacific,Agriculture,Renewables,143.2,22299,4336
1994,Asia-Pacific,Agriculture,Nuclear,26,22299,4336
1995,Asia-Pacific,Energy,Coal,1361.6,23525,4370.7
1995,Asia-Pacific,Energy,Oil,1214.9,23525,4370.7
1995,Asia-Pacific,Energy,Natural Gas,944.8,23525,4370.7
1995,Asia-Pacific,Energy,Renewables,891.5,23525,4370.7
1995,Asia-Pacific,Energy,Nuclear,133.8,23525,4370.7
1995,Asia-Pacific,Industry,Coal,747.6,23525,4370.7
1995,Asia-Pacific,Industry,Oil,646.6,23525,4370.7
1995,Asia-Pacific,Industry,Natural Gas,511.1,23525,4370.7
1995,Asia-Pacific,Industry,Renewables,465.8,23525,4370.7
1995,Asia-Pacific,Industry,Nuclear,74.1,23525,4370.7
1995,Asia-Pacific,Transport,Coal,642.2,23525,4370.7
1995,Asia-Pacific,Transport,Oil,610.3,23525,4370.7
1995,Asia-Pacific,Transport,Natural Gas,440.3,23525,4370.7
1995,Asia-Pacific,Transport,Renewables,440.7,23525,4370.7
1995,Asia-Pacific,Transport,Nuclear,70.7,23525,4370.7
1995,Asia-Pacific,Buildings,Coal,341.8,23525,4370.7
1995,Asia-Pacific,Buildings,Oil,294.3,23525,4370.7
1995,Asia-Pacific,Buildings,Natural Gas,232.8,23525,4370.7
1995,Asia-Pacific,Buildings,Renewables,227.2,23525,4370.7
1995,Asia-Pacific,Buildings,Nuclear,33.7,23525,4370.7
1995,Asia-Pacific,Agriculture,Coal,256.8,23525,4370.7
1995,Asia-Pacific,Agriculture,Oil,237.8,23525,4370.7
1995,Asia-Pacific,Agriculture,Natural Gas,185.1,23525,4370.7
1995,Asia-Pacific,Agriculture,Renewables,173.8,23525,4370.7
1995,Asia-Pacific,Agriculture,Nuclear,26.4,23525,4370.7
1996,Asia-Pacific,Energy,Coal,1326.5,24819,4405.7
1996,Asia-Pacific,Energy,Oil,1244.2,24819,4405.7
1996,Asia-Pacific,Energy,Natural Gas,984.5,24819,4405.7
1996,Asia-Pacific,Energy,Renewables,1033.2,24819,4405.7
1996,Asia-Pacific,Energy,Nuclear,143.8,24819,4405.7
1996,Asia-Pacific,Industry,Coal,742.1,24819,4405.7
1996,Asia-Pacific,Industry,Oil,693.8,24819,4405.7
1996,Asia-Pacific,Industry,Natural Gas,527.3,24819,4405.7
1996,Asia-Pacific,Industry,Renewables,584.3,24819,4405.7
1996,Asia-Pacific,Industry,Nuclear,81.7,24819,4405.7
1996,Asia-Pacific,Transport,Coal,669.8,24819,4405.7
1996,Asia-Pacific,Transport,Oil,617.5,24819,4405.7
1996,Asia-Pacific,Transport,Natural Gas,474.3,24819,4405.7
1996,Asia-Pacific,Transport,Renewables,531.5,24819,4405.7
1996,Asia-Pacific,Transport,Nuclear,70.5,24819,4405.7
1996,Asia-Pacific,Buildings,Coal,323.4,24819,4405.7
1996,Asia-Pacific,Buildings,Oil,314.9,24819,4405.7
1996,Asia-Pacific,Buildings,Natural Gas,245.5,24819,4405.7
1996,Asia-Pacific,Buildings,Renewables,254.6,24819,4405.7
1996,Asia-Pacific,Buildings,Nuclear,37.5,24819,4405.7
1996,Asia-Pacific,Agriculture,Coal,258.1,24819,4405.7
1996,Asia-Pacific,Agriculture,Oil,247.1,24819,4405.7
1996,Asia-Pacific,Agriculture,Natural Gas,199.8,24819,4405.7
1996,Asia-Pacific,Agriculture,Renewables,214.2,24819,4405.7
1996,Asia-Pacific,Agriculture,Nuclear,29.3,24819,4405.7
1997,Asia-Pacific,Energy,Coal,1409.1,26184,4440.9
1997,Asia-Pacific,Energy,Oil,1244,26184,4440.9
1997,Asia-Pacific,Energy,Natural Gas,1038.8,26184,4440.9
1997,Asia-Pacific,Energy,Renewables,1220.8,26184,4440.9
1997,Asia-Pacific,Energy,Nuclear,153.2,26184,4440.9
1997,Asia-Pacific,Industry,Coal,731.3,26184,4440.9
1997,Asia-Pacific,Industry,Oil,724.3,26184,4440.9
1997,Asia-Pacific,Industry,Natural Gas,552.6,26184,4440.9
1997,Asia-Pacific,Industry,Renewables,700.5,26184,4440.9
1997,Asia-Pacific,Industry,Nuclear,87.7,26184,4440.9
1997,Asia-Pacific,Transport,Coal,671.2,26184,4440.9
1997,Asia-Pacific,Transport,Oil,625.2,26184,4440.9
1997,Asia-Pacific,Transport,Natural Gas,523.1,26184,4440.9
1997,Asia-Pacific,Transport,Renewables,609.2,26184,4440.9
1997,Asia-Pacific,Transport,Nuclear,75,26184,4440.9
1997,Asia-Pacific,Buildings,Coal,344.6,26184,4440.9
1997,Asia-Pacific,Buildings,Oil,330.6,26184,4440.9
1997,Asia-Pacific,Buildings,Natural Gas,261.6,26184,4440.9
1997,Asia-Pacific,Buildings,Renewables,315.7,26184,4440.9
1997,Asia-Pacific,Buildings,Nuclear,37.8,26184,4440.9
1997,Asia-Pacific,Agriculture,Coal,271.3,26184,4440.9
1997,Asia-Pacific,Agriculture,Oil,263.6,26184,4440.9
1997,Asia-Pacific,Agriculture,Natural Gas,205.7,26184,4440.9
1997,Asia-Pacific,Agriculture,Renewables,255.2,26184,4440.9
1997,Asia-Pacific,Agriculture,Nuclear,32.4,26184,4440.9
1998,Asia-Pacific,Energy,Coal,1408.1,27624,4476.4
1998,Asia-Pacific,Energy,Oil,1371.9,27624,4476.4
1998,Asia-Pacific,Energy,Natural Gas,1043.5,27624,4476.4
1998,Asia-Pacific,Energy,Renewables,1448.3,27624,4476.4
1998,Asia-Pacific,Energy,Nuclear,162.5,27624,4476.4
1998,Asia-Pacific,Industry,Coal,748.5,27624,4476.4
1998,Asia-Pacific,Industry,Oil,742.9,27624,4476.4
1998,Asia-Pacific,Industry,Natural Gas,604,27624,4476.4
1998,Asia-Pacific,Industry,Renewables,820.2,27624,4476.4
1998,Asia-Pacific,Industry,Nuclear,92.9,27624,4476.4
1998,Asia-Pacific,Transport,Coal,668.8,27624,4476.4
1998,Asia-Pacific,Transport,Oil,664.3,27624,4476.4
1998,Asia-Pacific,Transport,Natural Gas,543,27624,4476.4
1998,Asia-Pacific,Transport,Renewables,724.6,27624,4476.4
1998,Asia-Pacific,Transport,Nuclear,84.2,27624,4476.4
1998,Asia-Pacific,Buildings,Coal,336.6,27624,4476.4
1998,Asia-Pacific,Buildings,Oil,332.2,27624,4476.4
1998,Asia-Pacific,Buildings,Natural Gas,275.9,27624,4476.4
1998,Asia-Pacific,Buildings,Renewables,375.5,27624,4476.4
1998,Asia-Pacific,Buildings,Nuclear,41.2,27624,4476.4
1998,Asia-Pacific,Agriculture,Coal,276.3,27624,4476.4
1998,Asia-Pacific,Agriculture,Oil,276.1,27624,4476.4
1998,Asia-Pacific,Agriculture,Natural Gas,208.8,27624,4476.4
1998,Asia-Pacific,Agriculture,Renewables,278.1,27624,4476.4
1998,Asia-Pacific,Agriculture,Nuclear,32.6,27624,4476.4
1999,Asia-Pacific,Energy,Coal,1393.9,29144,4512.3
1999,Asia-Pacific,Energy,Oil,1382.3,29144,4512.3
1999,Asia-Pacific,Energy,Natural Gas,1101.3,29144,4512.3
1999,Asia-Pacific,Energy,Renewables,1664.1,29144,4512.3
1999,Asia-Pacific,Energy,Nuclear,182,29144,4512.3
1999,Asia-Pacific,Industry,Coal,741.8,29144,4512.3
1999,Asia-Pacific,Industry,Oil,755.6,29144,4512.3
1999,Asia-Pacific,Industry,Natural Gas,616.4,29144,4512.3
1999,Asia-Pacific,Industry,Renewables,888.4,29144,4512.3
1999,Asia-Pacific,Industry,Nuclear,95.5,29144,4512.3
1999,Asia-Pacific,Transport,Coal,680.8,29144,4512.3
1999,Asia-Pacific,Transport,Oil,694.7,29144,4512.3
1999,Asia-Pacific,Transport,Natural Gas,582.3,29144,4512.3
1999,Asia-Pacific,Transport,Renewables,816.5,29144,4512.3
1999,Asia-Pacific,Transport,Nuclear,87.9,29144,4512.3
1999,Asia-Pacific,Buildings,Coal,346.1,29144,4512.3
1999,Asia-Pacific,Buildings,Oil,345.7,29144,4512.3
1999,Asia-Pacific,Buildings,Natural Gas,287.5,29144,4512.3
1999,Asia-Pacific,Buildings,Renewables,417.3,29144,4512.3
1999,Asia-Pacific,Buildings,Nuclear,43.6,29144,4512.3
1999,Asia-Pacific,Agriculture,Coal,284.8,29144,4512.3
1999,Asia-Pacific,Agriculture,Oil,283.6,29144,4512.3
1999,Asia-Pacific,Agriculture,Natural Gas,216.7,29144,4512.3
1999,Asia-Pacific,Agriculture,Renewables,339.9,29144,4512.3
1999,Asia-Pacific,Agriculture,Nuclear,35.9,29144,4512.3
2000,Asia-Pacific,Energy,Coal,1464.8,30747,4548.4
2000,Asia-Pacific,Energy,Oil,1369.2,30747,4548.4
2000,Asia-Pacific,Energy,Natural Gas,1189.4,30747,4548.4
2000,Asia-Pacific,Energy,Renewables,1937.5,30747,4548.4
2000,Asia-Pacific,Energy,Nuclear,184,30747,4548.4
2000,Asia-Pacific,Industry,Coal,766.8,30747,4548.4
2000,Asia-Pacific,Industry,Oil,786,30747,4548.4
2000,Asia-Pacific,Industry,Natural Gas,647.5,30747,4548.4
2000,Asia-Pacific,Industry,Renewables,1024.4,30747,4548.4
2000,Asia-Pacific,Industry,Nuclear,106.4,30747,4548.4
2000,Asia-Pacific,Transport,Coal,728.1,30747,4548.4
2000,Asia-Pacific,Transport,Oil,691.6,30747,4548.4
2000,Asia-Pacific,Transport,Natural Gas,576.4,30747,4548.4
2000,Asia-Pacific,Transport,Renewables,945.9,30747,4548.4
2000,Asia-Pacific,Transport,Nuclear,96.7,30747,4548.4
2000,Asia-Pacific,Buildings,Coal,362.5,30747,4548.4
2000,Asia-Pacific,Buildings,Oil,364.2,30747,4548.4
2000,Asia-Pacific,Buildings,Natural Gas,288.9,30747,4548.4
2000,Asia-Pacific,Buildings,Renewables,466.7,30747,4548.4
2000,Asia-Pacific,Buildings,Nuclear,48.5,30747,4548.4
2000,Asia-Pacific,Agriculture,Coal,275.1,30747,4548.4
2000,Asia-Pacific,Agriculture,Oil,280.3,30747,4548.4
2000,Asia-Pacific,Agriculture,Natural Gas,232.7,30747,4548.4
2000,Asia-Pacific,Agriculture,Renewables,369,30747,4548.4
2000,Asia-Pacific,Agriculture,Nuclear,37.3,30747,4548.4
2001,Asia-Pacific,Energy,Coal,1467.4,32438,4584.7
2001,Asia-Pacific,Energy,Oil,1473.1,32438,4584.7
2001,Asia-Pacific,Energy,Natural Gas,1267.1,32438,4584.7
2001,Asia-Pacific,Energy,Renewables,2079,32438,4584.7
2001,Asia-Pacific,Energy,Nuclear,209.8,32438,4584.7
2001,Asia-Pacific,Industry,Coal,761.9,32438,4584.7
2001,Asia-Pacific,Industry,Oil,783.2,32438,4584.7
2001,Asia-Pacific,Industry,Natural Gas,664.9,32438,4584.7
2001,Asia-Pacific,Industry,Renewables,1220.4,32438,4584.7
2001,Asia-Pacific,Industry,Nuclear,109.5,32438,4584.7
2001,Asia-Pacific,Transport,Coal,746.2,32438,4584.7
2001,Asia-Pacific,Transport,Oil,729.6,32438,4584.7
2001,Asia-Pacific,Transport,Natural Gas,618.8,32438,4584.7
2001,Asia-Pacific,Transport,Renewables,1072.9,32438,4584.7
2001,Asia-Pacific,Transport,Nuclear,101.2,32438,4584.7
2001,Asia-Pacific,Buildings,Coal,361.3,32438,4584.7
2001,Asia-Pacific,Buildings,Oil,378.6,32438,4584.7
2001,Asia-Pacific,Buildings,Natural Gas,306.9,32438,4584.7
2001,Asia-Pacific,Buildings,Renewables,524.3,32438,4584.7
2001,Asia-Pacific,Buildings,Nuclear,49.5,32438,4584.7
2001,Asia-Pacific,Agriculture,Coal,297,32438,4584.7
2001,Asia-Pacific,Agriculture,Oil,289.9,32438,4584.7
2001,Asia-Pacific,Agriculture,Natural Gas,254.6,32438,4584.7
2001,Asia-Pacific,Agriculture,Renewables,419,32438,4584.7
2001,Asia-Pacific,Agriculture,Nuclear,40.7,32438,4584.7
2002,Asia-Pacific,Energy,Coal,1435.3,34222,4621.4
2002,Asia-Pacific,Energy,Oil,1557.7,34222,4621.4
2002,Asia-Pacific,Energy,Natural Gas,1283.5,34222,4621.4
2002,Asia-Pacific,Energy,Renewables,2315.3,34222,4621.4
2002,Asia-Pacific,Energy,Nuclear,215.1,34222,4621.4
2002,Asia-Pacific,Industry,Coal,823,34222,4621.4
2002,Asia-Pacific,Industry,Oil,817.5,34222,4621.4
2002,Asia-Pacific,Industry,Natural Gas,744.1,34222,4621.4
2002,Asia-Pacific,Industry,Renewables,1331.5,34222,4621.4
2002,Asia-Pacific,Industry,Nuclear,114,34222,4621.4
2002,Asia-Pacific,Transport,Coal,706.9,34222,4621.4
2002,Asia-Pacific,Transport,Oil,728.4,34222,4621.4
2002,Asia-Pacific,Transport,Natural Gas,680.9,34222,4621.4
2002,Asia-Pacific,Transport,Renewables,1176,34222,4621.4
2002,Asia-Pacific,Transport,Nuclear,105,34222,4621.4
2002,Asia-Pacific,Buildings,Coal,354.6,34222,4621.4
2002,Asia-Pacific,Buildings,Oil,392.2,34222,4621.4
2002,Asia-Pacific,Buildings,Natural Gas,328.5,34222,4621.4
2002,Asia-Pacific,Buildings,Renewables,591.1,34222,4621.4
2002,Asia-Pacific,Buildings,Nuclear,52.8,34222,4621.4
2002,Asia-Pacific,Agriculture,Coal,299.9,34222,4621.4
2002,Asia-Pacific,Agriculture,Oil,310.7,34222,4621.4
2002,Asia-Pacific,Agriculture,Natural Gas,267.4,34222,4621.4
2002,Asia-Pacific,Agriculture,Renewables,468,34222,4621.4
2002,Asia-Pacific,Agriculture,Nuclear,44.5,34222,4621.4
2003,Asia-Pacific,Energy,Coal,1435.4,36104,4658.4
2003,Asia-Pacific,Energy,Oil,1520.3,36104,4658.4
2003,Asia-Pacific,Energy,Natural Gas,1375,36104,4658.4
2003,Asia-Pacific,Energy,Renewables,2609.9,36104,4658.4
2003,Asia-Pacific,Energy,Nuclear,224.4,36104,4658.4
2003,Asia-Pacific,Industry,Coal,824.6,36104,4658.4
2003,Asia-Pacific,Industry,Oil,860.5,36104,4658.4
2003,Asia-Pacific,Industry,Natural Gas,774.1,36104,4658.4
2003,Asia-Pacific,Industry,Renewables,1501.3,36104,4658.4
2003,Asia-Pacific,Industry,Nuclear,122.7,36104,4658.4
2003,Asia-Pacific,Transport,Coal,731.4,36104,4658.4
2003,Asia-Pacific,Transport,Oil,764,36104,4658.4
2003,Asia-Pacific,Transport,Natural Gas,697.5,36104,4658.4
2003,Asia-Pacific,Transport,Renewables,1361.1,36104,4658.4
2003,Asia-Pacific,Transport,Nuclear,115.6,36104,4658.4
2003,Asia-Pacific,Buildings,Coal,359.9,36104,4658.4
2003,Asia-Pacific,Buildings,Oil,377.1,36104,4658.4
2003,Asia-Pacific,Buildings,Natural Gas,342.5,36104,4658.4
2003,Asia-Pacific,Buildings,Renewables,658.1,36104,4658.4
2003,Asia-Pacific,Buildings,Nuclear,58.8,36104,4658.4
2003,Asia-Pacific,Agriculture,Coal,287.2,36104,4658.4
2003,Asia-Pacific,Agriculture,Oil,301.2,36104,4658.4
2003,Asia-Pacific,Agriculture,Natural Gas,282.5,36104,4658.4
2003,Asia-Pacific,Agriculture,Renewables,521.6,36104,4658.4
2003,Asia-Pacific,Agriculture,Nuclear,45.8,36104,4658.4
2004,Asia-Pacific,Energy,Coal,1496.1,38090,4695.7
2004,Asia-Pacific,Energy,Oil,1603.3,38090,4695.7
2004,Asia-Pacific,Energy,Natural Gas,1483.2,38090,4695.7
2004,Asia-Pacific,Energy,Renewables,2887.8,38090,4695.7
2004,Asia-Pacific,Energy,Nuclear,239.5,38090,4695.7
2004,Asia-Pacific,Industry,Coal,792.9,38090,4695.7
2004,Asia-Pacific,Industry,Oil,910.5,38090,4695.7
2004,Asia-Pacific,Industry,Natural Gas,768,38090,4695.7
2004,Asia-Pacific,Industry,Renewables,1660.7,38090,4695.7
2004,Asia-Pacific,Industry,Nuclear,130.5,38090,4695.7
2004,Asia-Pacific,Transport,Coal,742.5,38090,4695.7
2004,Asia-Pacific,Transport,Oil,788.6,38090,4695.7
2004,Asia-Pacific,Transport,Natural Gas,703.4,38090,4695.7
2004,Asia-Pacific,Transport,Renewables,1445.5,38090,4695.7
2004,Asia-Pacific,Transport,Nuclear,122.4,38090,4695.7
2004,Asia-Pacific,Buildings,Coal,383.5,38090,4695.7
2004,Asia-Pacific,Buildings,Oil,418.1,38090,4695.7
2004,Asia-Pacific,Buildings,Natural Gas,376,38090,4695.7
2004,Asia-Pacific,Buildings,Renewables,737.5,38090,4695.7
2004,Asia-Pacific,Buildings,Nuclear,60.7,38090,4695.7
2004,Asia-Pacific,Agriculture,Coal,285.5,38090,4695.7
2004,Asia-Pacific,Agriculture,Oil,333.2,38090,4695.7
2004,Asia-Pacific,Agriculture,Natural Gas,298.4,38090,4695.7
2004,Asia-Pacific,Agriculture,Renewables,611.7,38090,4695.7
2004,Asia-Pacific,Agriculture,Nuclear,50.1,38090,4695.7
2005,Asia-Pacific,Energy,Coal,1538.6,40185,4733.2
2005,Asia-Pacific,Energy,Oil,1710.4,40185,4733.2
2005,Asia-Pacific,Energy,Natural Gas,1537.9,40185,4733.2
2005,Asia-Pacific,Energy,Renewables,3400.7,40185,4733.2
2005,Asia-Pacific,Energy,Nuclear,256.6,40185,4733.2
2005,Asia-Pacific,Industry,Coal,809.1,40185,4733.2
2005,Asia-Pacific,Industry,Oil,945.8,40185,4733.2
2005,Asia-Pacific,Industry,Natural Gas,836.7,40185,4733.2
2005,Asia-Pacific,Industry,Renewables,1869.6,40185,4733.2
2005,Asia-Pacific,Industry,Nuclear,137.2,40185,4733.2
2005,Asia-Pacific,Transport,Coal,772.8,40185,4733.2
2005,Asia-Pacific,Transport,Oil,843.8,40185,4733.2
2005,Asia-Pacific,Transport,Natural Gas,758.7,40185,4733.2
2005,Asia-Pacific,Transport,Renewables,1685.2,40185,4733.2
2005,Asia-Pacific,Transport,Nuclear,127.7,40185,4733.2
2005,Asia-Pacific,Buildings,Coal,386.5,40185,4733.2
2005,Asia-Pacific,Buildings,Oil,406.2,40185,4733.2
2005,Asia-Pacific,Buildings,Natural Gas,369.1,40185,4733.2
2005,Asia-Pacific,Buildings,Renewables,804.6,40185,4733.2
2005,Asia-Pacific,Buildings,Nuclear,62.3,40185,4733.2
2005,Asia-Pacific,Agriculture,Coal,299.8,40185,4733.2
2005,Asia-Pacific,Agriculture,Oil,327.8,40185,4733.2
2005,Asia-Pacific,Agriculture,Natural Gas,308,40185,4733.2
2005,Asia-Pacific,Agriculture,Renewables,679.2,40185,4733.2
2005,Asia-Pacific,Agriculture,Nuclear,51.3,40185,4733.2
2006,Asia-Pacific,Energy,Coal,1568.9,42395,4771.1
2006,Asia-Pacific,Energy,Oil,1767.5,42395,4771.1
2006,Asia-Pacific,Energy,Natural Gas,1667.6,42395,4771.1
2006,Asia-Pacific,Energy,Renewables,3749.8,42395,4771.1
2006,Asia-Pacific,Energy,Nuclear,272.4,42395,4771.1
2006,Asia-Pacific,Industry,Coal,849.9,42395,4771.1
2006,Asia-Pacific,Industry,Oil,944.4,42395,4771.1
2006,Asia-Pacific,Industry,Natural Gas,884.8,42395,4771.1
2006,Asia-Pacific,Industry,Renewables,1956.9,42395,4771.1
2006,Asia-Pacific,Industry,Nuclear,147,42395,4771.1
2006,Asia-Pacific,Transport,Coal,765.5,42395,4771.1
2006,Asia-Pacific,Transport,Oil,865.1,42395,4771.1
2006,Asia-Pacific,Transport,Natural Gas,793.5,42395,4771.1
2006,Asia-Pacific,Transport,Renewables,1785.4,42395,4771.1
2006,Asia-Pacific,Transport,Nuclear,140.4,42395,4771.1
2006,Asia-Pacific,Buildings,Coal,390.8,42395,4771.1
2006,Asia-Pacific,Buildings,Oil,439.1,42395,4771.1
2006,Asia-Pacific,Buildings,Natural Gas,392.6,42395,4771.1
2006,Asia-Pacific,Buildings,Renewables,891.9,42395,4771.1
2006,Asia-Pacific,Buildings,Nuclear,67.8,42395,4771.1
2006,Asia-Pacific,Agriculture,Coal,311.1,42395,4771.1
2006,Asia-Pacific,Agriculture,Oil,335.9,42395,4771.1
2006,Asia-Pacific,Agriculture,Natural Gas,320.5,42395,4771.1
2006,Asia-Pacific,Agriculture,Renewables,747.4,42395,4771.1
2006,Asia-Pacific,Agriculture,Nuclear,54.8,42395,4771.1
2007,Asia-Pacific,Energy,Coal,1527.6,44726,4809.3
2007,Asia-Pacific,Energy,Oil,1808.8,44726,4809.3
2007,Asia-Pacific,Energy,Natural Gas,1735.7,44726,4809.3
2007,Asia-Pacific,Energy,Renewables,4159.3,44726,4809.3
2007,Asia-Pacific,Energy,Nuclear,297.9,44726,4809.3
2007,Asia-Pacific,Industry,Coal,813.6,44726,4809.3
2007,Asia-Pacific,Industry,Oil,952.8,44726,4809.3
2007,Asia-Pacific,Industry,Natural Gas,894.6,44726,4809.3
2007,Asia-Pacific,Industry,Renewables,2257.7,44726,4809.3
2007,Asia-Pacific,Industry,Nuclear,156.1,44726,4809.3
2007,Asia-Pacific,Transport,Coal,741.1,44726,4809.3
2007,Asia-Pacific,Transport,Oil,881.4,44726,4809.3
2007,Asia-Pacific,Transport,Natural Gas,866.8,44726,4809.3
2007,Asia-Pacific,Transport,Renewables,2019.3,44726,4809.3
2007,Asia-Pacific,Transport,Nuclear,149.2,44726,4809.3
2007,Asia-Pacific,Buildings,Coal,388.2,44726,4809.3
2007,Asia-Pacific,Buildings,Oil,463.4,44726,4809.3
2007,Asia-Pacific,Buildings,Natural Gas,410.5,44726,4809.3
2007,Asia-Pacific,Buildings,Renewables,985.3,44726,4809.3
2007,Asia-Pacific,Buildings,Nuclear,76.1,44726,4809.3
2007,Asia-Pacific,Agriculture,Coal,293.7,44726,4809.3
2007,Asia-Pacific,Agriculture,Oil,347,44726,4809.3
2007,Asia-Pacific,Agriculture,Natural Gas,350.9,44726,4809.3
2007,Asia-Pacific,Agriculture,Renewables,821.5,44726,4809.3
2007,Asia-Pacific,Agriculture,Nuclear,59,44726,4809.3
2008,Asia-Pacific,Energy,Coal,1542.5,47186,4847.7
2008,Asia-Pacific,Energy,Oil,1770.3,47186,4847.7
2008,Asia-Pacific,Energy,Natural Gas,1731.4,47186,4847.7
2008,Asia-Pacific,Energy,Renewables,4395.6,47186,4847.7
2008,Asia-Pacific,Energy,Nuclear,312.4,47186,4847.7
2008,Asia-Pacific,Industry,Coal,821,47186,4847.7
2008,Asia-Pacific,Industry,Oil,985.4,47186,4847.7
2008,Asia-Pacific,Industry,Natural Gas,982.2,47186,4847.7
2008,Asia-Pacific,Industry,Renewables,2357.1,47186,4847.7
2008,Asia-Pacific,Industry,Nuclear,171.2,47186,4847.7
2008,Asia-Pacific,Transport,Coal,748.2,47186,4847.7
2008,Asia-Pacific,Transport,Oil,918.3,47186,4847.7
2008,Asia-Pacific,Transport,Natural Gas,900.8,47186,4847.7
2008,Asia-Pacific,Transport,Renewables,2273.2,47186,4847.7
2008,Asia-Pacific,Transport,Nuclear,149.5,47186,4847.7
2008,Asia-Pacific,Buildings,Coal,380.8,47186,4847.7
2008,Asia-Pacific,Buildings,Oil,465.2,47186,4847.7
2008,Asia-Pacific,Buildings,Natural Gas,438.2,47186,4847.7
2008,Asia-Pacific,Buildings,Renewables,1105.8,47186,4847.7
2008,Asia-Pacific,Buildings,Nuclear,75,47186,4847.7
2008,Asia-Pacific,Agriculture,Coal,304.8,47186,4847.7
2008,Asia-Pacific,Agriculture,Oil,356.5,47186,4847.7
2008,Asia-Pacific,Agriculture,Natural Gas,351.8,47186,4847.7
2008,Asia-Pacific,Agriculture,Renewables,853,47186,4847.7
2008,Asia-Pacific,Agriculture,Nuclear,64,47186,4847.7
2009,Asia-Pacific,Energy,Coal,1529.8,47790,4886.5
2009,Asia-Pacific,Energy,Oil,1867.5,47790,4886.5
2009,Asia-Pacific,Energy,Natural Gas,1889.6,47790,4886.5
2009,Asia-Pacific,Energy,Renewables,4730.5,47790,4886.5
2009,Asia-Pacific,Energy,Nuclear,326.3,47790,4886.5
2009,Asia-Pacific,Industry,Coal,867.2,47790,4886.5
2009,Asia-Pacific,Industry,Oil,1062.8,47790,4886.5
2009,Asia-Pacific,Industry,Natural Gas,1057.4,47790,4886.5
2009,Asia-Pacific,Industry,Renewables,2564.6,47790,4886.5
2009,Asia-Pacific,Industry,Nuclear,175.3,47790,4886.5
2009,Asia-Pacific,Transport,Coal,787.7,47790,4886.5
2009,Asia-Pacific,Transport,Oil,933.4,47790,4886.5
2009,Asia-Pacific,Transport,Natural Gas,921.2,47790,4886.5
2009,Asia-Pacific,Transport,Renewables,2479,47790,4886.5
2009,Asia-Pacific,Transport,Nuclear,163.4,47790,4886.5
2009,Asia-Pacific,Buildings,Coal,386.3,47790,4886.5
2009,Asia-Pacific,Buildings,Oil,473.9,47790,4886.5
2009,Asia-Pacific,Buildings,Natural Gas,463.4,47790,4886.5
2009,Asia-Pacific,Buildings,Renewables,1180.6,47790,4886.5
2009,Asia-Pacific,Buildings,Nuclear,79.4,47790,4886.5
2009,Asia-Pacific,Agriculture,Coal,317.8,47790,4886.5
2009,Asia-Pacific,Agriculture,Oil,367,47790,4886.5
2009,Asia-Pacific,Agriculture,Natural Gas,365.5,47790,4886.5
2009,Asia-Pacific,Agriculture,Renewables,933.3,47790,4886.5
2009,Asia-Pacific,Agriculture,Nuclear,65.4,47790,4886.5
2010,Asia-Pacific,Energy,Coal,1543.2,52520,4925.6
2010,Asia-Pacific,Energy,Oil,1901.6,52520,4925.6
2010,Asia-Pacific,Energy,Natural Gas,1900.4,52520,4925.6
2010,Asia-Pacific,Energy,Renewables,5269.9,52520,4925.6
2010,Asia-Pacific,Energy,Nuclear,338.1,52520,4925.6
2010,Asia-Pacific,Industry,Coal,869.3,52520,4925.6
2010,Asia-Pacific,Industry,Oil,1080.7,52520,4925.6
2010,Asia-Pacific,Industry,Natural Gas,1104.9,52520,4925.6
2010,Asia-Pacific,Industry,Renewables,2801.1,52520,4925.6
2010,Asia-Pacific,Industry,Nuclear,187.6,52520,4925.6
2010,Asia-Pacific,Transport,Coal,764.1,52520,4925.6
2010,Asia-Pacific,Transport,Oil,991.2,52520,4925.6
2010,Asia-Pacific,Transport,Natural Gas,961.7,52520,4925.6
2010,Asia-Pacific,Transport,Renewables,2634.9,52520,4925.6
2010,Asia-Pacific,Transport,Nuclear,174.3,52520,4925.6
2010,Asia-Pacific,Buildings,Coal,401,52520,4925.6
2010,Asia-Pacific,Buildings,Oil,492.8,52520,4925.6
2010,Asia-Pacific,Buildings,Natural Gas,485.4,52520,4925.6
2010,Asia-Pacific,Buildings,Renewables,1331.5,52520,4925.6
2010,Asia-Pacific,Buildings,Nuclear,85.4,52520,4925.6
2010,Asia-Pacific,Agriculture,Coal,298.3,52520,4925.6
2010,Asia-Pacific,Agriculture,Oil,394.4,52520,4925.6
2010,Asia-Pacific,Agriculture,Natural Gas,390.5,52520,4925.6
2010,Asia-Pacific,Agriculture,Renewables,1042.7,52520,4925.6
2010,Asia-Pacific,Agriculture,Nuclear,69.1,52520,4925.6
2011,Asia-Pacific,Energy,Coal,1499.8,55408,4965
2011,Asia-Pacific,Energy,Oil,1962.4,55408,4965
2011,Asia-Pacific,Energy,Natural Gas,2095.2,55408,4965
2011,Asia-Pacific,Energy,Renewables,5646.5,55408,4965
2011,Asia-Pacific,Energy,Nuclear,377.3,55408,4965
2011,Asia-Pacific,Industry,Coal,824.3,55408,4965
2011,Asia-Pacific,Industry,Oil,1117.6,55408,4965
2011,Asia-Pacific,Industry,Natural Gas,1114.8,55408,4965
2011,Asia-Pacific,Industry,Renewables,3041.7,55408,4965
2011,Asia-Pacific,Industry,Nuclear,210.4,55408,4965
2011,Asia-Pacific,Transport,Coal,750.2,55408,4965
2011,Asia-Pacific,Transport,Oil,991.1,55408,4965
2011,Asia-Pacific,Transport,Natural Gas,1050.9,55408,4965
2011,Asia-Pacific,Transport,Renewables,2905.1,55408,4965
2011,Asia-Pacific,Transport,Nuclear,188.8,55408,4965
2011,Asia-Pacific,Buildings,Coal,399,55408,4965
2011,Asia-Pacific,Buildings,Oil,490.5,55408,4965
2011,Asia-Pacific,Buildings,Natural Gas,527,55408,4965
2011,Asia-Pacific,Buildings,Renewables,1479.2,55408,4965
2011,Asia-Pacific,Buildings,Nuclear,94,55408,4965
2011,Asia-Pacific,Agriculture,Coal,307.6,55408,4965
2011,Asia-Pacific,Agriculture,Oil,397.8,55408,4965
2011,Asia-Pacific,Agriculture,Natural Gas,414.3,55408,4965
2011,Asia-Pacific,Agriculture,Renewables,1113.7,55408,4965
2011,Asia-Pacific,Agriculture,Nuclear,74.2,55408,4965
2012,Asia-Pacific,Energy,Coal,1490.5,58456,5004.7
2012,Asia-Pacific,Energy,Oil,2038.8,58456,5004.7
2012,Asia-Pacific,Energy,Natural Gas,2234.1,58456,5004.7
2012,Asia-Pacific,Energy,Renewables,6028.1,58456,5004.7
2012,Asia-Pacific,Energy,Nuclear,381,58456,5004.7
2012,Asia-Pacific,Industry,Coal,847.8,58456,5004.7
2012,Asia-Pacific,Industry,Oil,1174.2,58456,5004.7
2012,Asia-Pacific,Industry,Natural Gas,1232.2,58456,5004.7
2012,Asia-Pacific,Industry,Renewables,3454.1,58456,5004.7
2012,Asia-Pacific,Industry,Nuclear,215.9,58456,5004.7
2012,Asia-Pacific,Transport,Coal,793.4,58456,5004.7
2012,Asia-Pacific,Transport,Oil,1061.9,58456,5004.7
2012,Asia-Pacific,Transport,Natural Gas,1113.2,58456,5004.7
2012,Asia-Pacific,Transport,Renewables,2997.7,58456,5004.7
2012,Asia-Pacific,Transport,Nuclear,201,58456,5004.7
2012,Asia-Pacific,Buildings,Coal,383.2,58456,5004.7
2012,Asia-Pacific,Buildings,Oil,529.7,58456,5004.7
2012,Asia-Pacific,Buildings,Natural Gas,528.3,58456,5004.7
2012,Asia-Pacific,Buildings,Renewables,1533.5,58456,5004.7
2012,Asia-Pacific,Buildings,Nuclear,99.2,58456,5004.7
2012,Asia-Pacific,Agriculture,Coal,305.7,58456,5004.7
2012,Asia-Pacific,Agriculture,Oil,431.4,58456,5004.7
2012,Asia-Pacific,Agriculture,Natural Gas,432.7,58456,5004.7
2012,Asia-Pacific,Agriculture,Renewables,1216,58456,5004.7
2012,Asia-Pacific,Agriculture,Nuclear,76.3,58456,5004.7
2013,Asia-Pacific,Energy,Coal,1588.5,61671,5044.8
2013,Asia-Pacific,Energy,Oil,2239.3,61671,5044.8
2013,Asia-Pacific,Energy,Natural Gas,2329.3,61671,5044.8
2013,Asia-Pacific,Energy,Renewables,6674.6,61671,5044.8
2013,Asia-Pacific,Energy,Nuclear,406.2,61671,5044.8
2013,Asia-Pacific,Industry,Coal,826.3,61671,5044.8
2013,Asia-Pacific,Industry,Oil,1224.4,61671,5044.8
2013,Asia-Pacific,Industry,Natural Gas,1300.3,61671,5044.8
2013,Asia-Pacific,Industry,Renewables,3696.8,61671,5044.8
2013,Asia-Pacific,Industry,Nuclear,232.7,61671,5044.8
2013,Asia-Pacific,Transport,Coal,792.8,61671,5044.8
2013,Asia-Pacific,Transport,Oil,1086.3,61671,5044.8
2013,Asia-Pacific,Transport,Natural Gas,1102.2,61671,5044.8
2013,Asia-Pacific,Transport,Renewables,3385.7,61671,5044.8
2013,Asia-Pacific,Transport,Nuclear,210,61671,5044.8
2013,Asia-Pacific,Buildings,Coal,392.9,61671,5044.8
2013,Asia-Pacific,Buildings,Oil,527.3,61671,5044.8
2013,Asia-Pacific,Buildings,Natural Gas,563.4,61671,5044.8
2013,Asia-Pacific,Buildings,Renewables,1645.4,61671,5044.8
2013,Asia-Pacific,Buildings,Nuclear,105.4,61671,5044.8
2013,Asia-Pacific,Agriculture,Coal,320.3,61671,5044.8
2013,Asia-Pacific,Agriculture,Oil,421.3,61671,5044.8
2013,Asia-Pacific,Agriculture,Natural Gas,471.7,61671,5044.8
2013,Asia-Pacific,Agriculture,Renewables,1376.3,61671,5044.8
2013,Asia-Pacific,Agriculture,Nuclear,84.6,61671,5044.8
2014,Asia-Pacific,Energy,Coal,1587.4,65063,5085.1
2014,Asia-Pacific,Energy,Oil,2146.2,65063,5085.1
2014,Asia-Pacific,Energy,Natural Gas,2329.7,65063,5085.1
2014,Asia-Pacific,Energy,Renewables,7118.7,65063,5085.1
2014,Asia-Pacific,Energy,Nuclear,436.7,65063,5085.1
2014,Asia-Pacific,Industry,Coal,867.5,65063,5085.1
2014,Asia-Pacific,Industry,Oil,1226.4,65063,5085.1
2014,Asia-Pacific,Industry,Natural Gas,1339.7,65063,5085.1
2014,Asia-Pacific,Industry,Renewables,4039,65063,5085.1
2014,Asia-Pacific,Industry,Nuclear,249.6,65063,5085.1
2014,Asia-Pacific,Transport,Coal,742.1,65063,5085.1
2014,Asia-Pacific,Transport,Oil,1118.7,65063,5085.1
2014,Asia-Pacific,Transport,Natural Gas,1184.9,65063,5085.1
2014,Asia-Pacific,Transport,Renewables,3576,65063,5085.1
2014,Asia-Pacific,Transport,Nuclear,217.1,65063,5085.1
2014,Asia-Pacific,Buildings,Coal,374.1,65063,5085.1
2014,Asia-Pacific,Buildings,Oil,573,65063,5085.1
2014,Asia-Pacific,Buildings,Natural Gas,600.5,65063,5085.1
2014,Asia-Pacific,Buildings,Renewables,1792.5,65063,5085.1
2014,Asia-Pacific,Buildings,Nuclear,106.7,65063,5085.1
2014,Asia-Pacific,Agriculture,Coal,317.6,65063,5085.1
2014,Asia-Pacific,Agriculture,Oil,452.2,65063,5085.1
2014,Asia-Pacific,Agriculture,Natural Gas,468.8,65063,5085.1
2014,Asia-Pacific,Agriculture,Renewables,1402.8,65063,5085.1
2014,Asia-Pacific,Agriculture,Nuclear,90,65063,5085.1
2015,Asia-Pacific,Energy,Coal,1517.3,68641,5125.8
2015,Asia-Pacific,Energy,Oil,2249.2,68641,5125.8
2015,Asia-Pacific,Energy,Natural Gas,2459.3,68641,5125.8
2015,Asia-Pacific,Energy,Renewables,8084.6,68641,5125.8
2015,Asia-Pacific,Energy,Nuclear,454.2,68641,5125.8
2015,Asia-Pacific,Industry,Coal,834.4,68641,5125.8
2015,Asia-Pacific,Industry,Oil,1247.5,68641,5125.8
2015,Asia-Pacific,Industry,Natural Gas,1389.8,68641,5125.8
2015,Asia-Pacific,Industry,Renewables,4475.7,68641,5125.8
2015,Asia-Pacific,Industry,Nuclear,252.5,68641,5125.8
2015,Asia-Pacific,Transport,Coal,768.4,68641,5125.8
2015,Asia-Pacific,Transport,Oil,1138.6,68641,5125.8
2015,Asia-Pacific,Transport,Natural Gas,1260.5,68641,5125.8
2015,Asia-Pacific,Transport,Renewables,3903.4,68641,5125.8
2015,Asia-Pacific,Transport,Nuclear,233.5,68641,5125.8
2015,Asia-Pacific,Buildings,Coal,369.7,68641,5125.8
2015,Asia-Pacific,Buildings,Oil,559.7,68641,5125.8
2015,Asia-Pacific,Buildings,Natural Gas,611,68641,5125.8
2015,Asia-Pacific,Buildings,Renewables,1916.6,68641,5125.8
2015,Asia-Pacific,Buildings,Nuclear,119.3,68641,5125.8
2015,Asia-Pacific,Agriculture,Coal,300.1,68641,5125.8
2015,Asia-Pacific,Agriculture,Oil,474.2,68641,5125.8
2015,Asia-Pacific,Agriculture,Natural Gas,483.5,68641,5125.8
2015,Asia-Pacific,Agriculture,Renewables,1560.8,68641,5125.8
2015,Asia-Pacific,Agriculture,Nuclear,91.5,68641,5125.8
2016,Asia-Pacific,Energy,Coal,1514.7,72416,5166.8
2016,Asia-Pacific,Energy,Oil,2448.1,72416,5166.8
2016,Asia-Pacific,Energy,Natural Gas,2657.1,72416,5166.8
2016,Asia-Pacific,Energy,Renewables,8177.9,72416,5166.8
2016,Asia-Pacific,Energy,Nuclear,483,72416,5166.8
2016,Asia-Pacific,Industry,Coal,821.5,72416,5166.8
2016,Asia-Pacific,Industry,Oil,1267.5,72416,5166.8
2016,Asia-Pacific,Industry,Natural Gas,1484,72416,5166.8
2016,Asia-Pacific,Industry,Renewables,4620.4,72416,5166.8
2016,Asia-Pacific,Industry,Nuclear,276.6,72416,5166.8
2016,Asia-Pacific,Transport,Coal,742.3,72416,5166.8
2016,Asia-Pacific,Transport,Oil,1192,72416,5166.8
2016,Asia-Pacific,Transport,Natural Gas,1309.7,72416,5166.8
2016,Asia-Pacific,Transport,Renewables,4428.2,72416,5166.8
2016,Asia-Pacific,Transport,Nuclear,249.8,72416,5166.8
2016,Asia-Pacific,Buildings,Coal,388.6,72416,5166.8
2016,Asia-Pacific,Buildings,Oil,609.6,72416,5166.8
2016,Asia-Pacific,Buildings,Natural Gas,647.3,72416,5166.8
2016,Asia-Pacific,Buildings,Renewables,2065.1,72416,5166.8
2016,Asia-Pacific,Buildings,Nuclear,121.5,72416,5166.8
2016,Asia-Pacific,Agriculture,Coal,313,72416,5166.8
2016,Asia-Pacific,Agriculture,Oil,480.8,72416,5166.8
2016,Asia-Pacific,Agriculture,Natural Gas,520.1,72416,5166.8
2016,Asia-Pacific,Agriculture,Renewables,1734.4,72416,5166.8
2016,Asia-Pacific,Agriculture,Nuclear,101.7,72416,5166.8
2017,Asia-Pacific,Energy,Coal,1565.2,76399,5208.2
2017,Asia-Pacific,Energy,Oil,2478.6,76399,5208.2
2017,Asia-Pacific,Energy,Natural Gas,2857.4,76399,5208.2
2017,Asia-Pacific,Energy,Renewables,8859,76399,5208.2
2017,Asia-Pacific,Energy,Nuclear,506.5,76399,5208.2
2017,Asia-Pacific,Industry,Coal,860.6,76399,5208.2
2017,Asia-Pacific,Industry,Oil,1314,76399,5208.2
2017,Asia-Pacific,Industry,Natural Gas,1546.7,76399,5208.2
2017,Asia-Pacific,Industry,Renewables,5112,76399,5208.2
2017,Asia-Pacific,Industry,Nuclear,293.9,76399,5208.2
2017,Asia-Pacific,Transport,Coal,780.2,76399,5208.2
2017,Asia-Pacific,Transport,Oil,1247.1,76399,5208.2
2017,Asia-Pacific,Transport,Natural Gas,1421,76399,5208.2
2017,Asia-Pacific,Transport,Renewables,4757.6,76399,5208.2
2017,Asia-Pacific,Transport,Nuclear,263.3,76399,5208.2
2017,Asia-Pacific,Buildings,Coal,390.8,76399,5208.2
2017,Asia-Pacific,Buildings,Oil,601.2,76399,5208.2
2017,Asia-Pacific,Buildings,Natural Gas,704.6,76399,5208.2
2017,Asia-Pacific,Buildings,Renewables,2353.7,76399,5208.2
2017,Asia-Pacific,Buildings,Nuclear,136.7,76399,5208.2
2017,Asia-Pacific,Agriculture,Coal,292.9,76399,5208.2
2017,Asia-Pacific,Agriculture,Oil,498.2,76399,5208.2
2017,Asia-Pacific,Agriculture,Natural Gas,548.2,76399,5208.2
2017,Asia-Pacific,Agriculture,Renewables,1874,76399,5208.2
2017,Asia-Pacific,Agriculture,Nuclear,109.2,76399,5208.2
2018,Asia-Pacific,Energy,Coal,1546.2,80601,5249.8
2018,Asia-Pacific,Energy,Oil,2511.8,80601,5249.8
2018,Asia-Pacific,Energy,Natural Gas,3000,80601,5249.8
2018,Asia-Pacific,Energy,Renewables,9683.4,80601,5249.8
2018,Asia-Pacific,Energy,Nuclear,555.8,80601,5249.8
2018,Asia-Pacific,Industry,Coal,833.9,80601,5249.8
2018,Asia-Pacific,Industry,Oil,1445.5,80601,5249.8
2018,Asia-Pacific,Industry,Natural Gas,1562.6,80601,5249.8
2018,Asia-Pacific,Industry,Renewables,5477,80601,5249.8
2018,Asia-Pacific,Industry,Nuclear,314,80601,5249.8
2018,Asia-Pacific,Transport,Coal,766.5,80601,5249.8
2018,Asia-Pacific,Transport,Oil,1254.4,80601,5249.8
2018,Asia-Pacific,Transport,Natural Gas,1512,80601,5249.8
2018,Asia-Pacific,Transport,Renewables,4984.8,80601,5249.8
2018,Asia-Pacific,Transport,Nuclear,279.2,80601,5249.8
2018,Asia-Pacific,Buildings,Coal,364.1,80601,5249.8
2018,Asia-Pacific,Buildings,Oil,635.2,80601,5249.8
2018,Asia-Pacific,Buildings,Natural Gas,733.8,80601,5249.8
2018,Asia-Pacific,Buildings,Renewables,2480.1,80601,5249.8
2018,Asia-Pacific,Buildings,Nuclear,144,80601,5249.8
2018,Asia-Pacific,Agriculture,Coal,299.3,80601,5249.8
2018,Asia-Pacific,Agriculture,Oil,511.5,80601,5249.8
2018,Asia-Pacific,Agriculture,Natural Gas,581.5,80601,5249.8
2018,Asia-Pacific,Agriculture,Renewables,2013.7,80601,5249.8
2018,Asia-Pacific,Agriculture,Nuclear,107.8,80601,5249.8
2019,Asia-Pacific,Energy,Coal,1517.3,85034,5291.8
2019,Asia-Pacific,Energy,Oil,2700.7,85034,5291.8
2019,Asia-Pacific,Energy,Natural Gas,3089.4,85034,5291.8
2019,Asia-Pacific,Energy,Renewables,10468.2,85034,5291.8
2019,Asia-Pacific,Energy,Nuclear,595.6,85034,5291.8
2019,Asia-Pacific,Industry,Coal,798.8,85034,5291.8
2019,Asia-Pacific,Industry,Oil,1382.1,85034,5291.8
2019,Asia-Pacific,Industry,Natural Gas,1719,85034,5291.8
2019,Asia-Pacific,Industry,Renewables,5956,85034,5291.8
2019,Asia-Pacific,Industry,Nuclear,329.4,85034,5291.8
2019,Asia-Pacific,Transport,Coal,729.3,85034,5291.8
2019,Asia-Pacific,Transport,Oil,1291.4,85034,5291.8
2019,Asia-Pacific,Transport,Natural Gas,1540.4,85034,5291.8
2019,Asia-Pacific,Transport,Renewables,5124.7,85034,5291.8
2019,Asia-Pacific,Transport,Nuclear,300.2,85034,5291.8
2019,Asia-Pacific,Buildings,Coal,362.1,85034,5291.8
2019,Asia-Pacific,Buildings,Oil,645.1,85034,5291.8
2019,Asia-Pacific,Buildings,Natural Gas,790.3,85034,5291.8
2019,Asia-Pacific,Buildings,Renewables,2662.9,85034,5291.8
2019,Asia-Pacific,Buildings,Nuclear,146.1,85034,5291.8
2019,Asia-Pacific,Agriculture,Coal,289.9,85034,5291.8
2019,Asia-Pacific,Agriculture,Oil,529.3,85034,5291.8
2019,Asia-Pacific,Agriculture,Natural Gas,589.2,85034,5291.8
2019,Asia-Pacific,Agriculture,Renewables,2165.3,85034,5291.8
2019,Asia-Pacific,Agriculture,Nuclear,113.4,85034,5291.8
2020,Asia-Pacific,Energy,Coal,1327.5,84328,5334.2
2020,Asia-Pacific,Energy,Oil,2565.4,84328,5334.2
2020,Asia-Pacific,Energy,Natural Gas,2929.3,84328,5334.2
2020,Asia-Pacific,Energy,Renewables,10921,84328,5334.2
2020,Asia-Pacific,Energy,Nuclear,599.2,84328,5334.2
2020,Asia-Pacific,Industry,Coal,750.8,84328,5334.2
2020,Asia-Pacific,Industry,Oil,1423.7,84328,5334.2
2020,Asia-Pacific,Industry,Natural Gas,1702.7,84328,5334.2
2020,Asia-Pacific,Industry,Renewables,6011,84328,5334.2
2020,Asia-Pacific,Industry,Nuclear,319.4,84328,5334.2
2020,Asia-Pacific,Transport,Coal,666.2,84328,5334.2
2020,Asia-Pacific,Transport,Oil,1228.1,84328,5334.2
2020,Asia-Pacific,Transport,Natural Gas,1489.2,84328,5334.2
2020,Asia-Pacific,Transport,Renewables,5532.6,84328,5334.2
2020,Asia-Pacific,Transport,Nuclear,288.2,84328,5334.2
2020,Asia-Pacific,Buildings,Coal,346.8,84328,5334.2
2020,Asia-Pacific,Buildings,Oil,621.1,84328,5334.2
2020,Asia-Pacific,Buildings,Natural Gas,743.8,84328,5334.2
2020,Asia-Pacific,Buildings,Renewables,2751.7,84328,5334.2
2020,Asia-Pacific,Buildings,Nuclear,140.7,84328,5334.2
2020,Asia-Pacific,Agriculture,Coal,262.4,84328,5334.2
2020,Asia-Pacific,Agriculture,Oil,526.2,84328,5334.2
2020,Asia-Pacific,Agriculture,Natural Gas,584.6,84328,5334.2
2020,Asia-Pacific,Agriculture,Renewables,2186.1,84328,5334.2
2020,Asia-Pacific,Agriculture,Nuclear,112.6,84328,5334.2
2021,Asia-Pacific,Energy,Coal,1373.8,94645,5376.8
2021,Asia-Pacific,Energy,Oil,2689.2,94645,5376.8
2021,Asia-Pacific,Energy,Natural Gas,3353.7,94645,5376.8
2021,Asia-Pacific,Energy,Renewables,12084.9,94645,5376.8
2021,Asia-Pacific,Energy,Nuclear,657,94645,5376.8
2021,Asia-Pacific,Industry,Coal,793.6,94645,5376.8
2021,Asia-Pacific,Industry,Oil,1504.5,94645,5376.8
2021,Asia-Pacific,Industry,Natural Gas,1872.2,94645,5376.8
2021,Asia-Pacific,Industry,Renewables,6764.7,94645,5376.8
2021,Asia-Pacific,Industry,Nuclear,347.4,94645,5376.8
2021,Asia-Pacific,Transport,Coal,684.8,94645,5376.8
2021,Asia-Pacific,Transport,Oil,1347.5,94645,5376.8
2021,Asia-Pacific,Transport,Natural Gas,1684.5,94645,5376.8
2021,Asia-Pacific,Transport,Renewables,5927.1,94645,5376.8
2021,Asia-Pacific,Transport,Nuclear,330.3,94645,5376.8
2021,Asia-Pacific,Buildings,Coal,344.2,94645,5376.8
2021,Asia-Pacific,Buildings,Oil,682.3,94645,5376.8
2021,Asia-Pacific,Buildings,Natural Gas,841.9,94645,5376.8
2021,Asia-Pacific,Buildings,Renewables,2979.6,94645,5376.8
2021,Asia-Pacific,Buildings,Nuclear,164.9,94645,5376.8
2021,Asia-Pacific,Agriculture,Coal,273.4,94645,5376.8
2021,Asia-Pacific,Agriculture,Oil,531,94645,5376.8
2021,Asia-Pacific,Agriculture,Natural Gas,647.3,94645,5376.8
2021,Asia-Pacific,Agriculture,Renewables,2414.6,94645,5376.8
2021,Asia-Pacific,Agriculture,Nuclear,125.5,94645,5376.8
2022,Asia-Pacific,Energy,Coal,1435.1,99851,5419.8
2022,Asia-Pacific,Energy,Oil,2948.2,99851,5419.8
2022,Asia-Pacific,Energy,Natural Gas,3433.8,99851,5419.8
2022,Asia-Pacific,Energy,Renewables,13008.7,99851,5419.8
2022,Asia-Pacific,Energy,Nuclear,687.6,99851,5419.8
2022,Asia-Pacific,Industry,Coal,738.5,99851,5419.8
2022,Asia-Pacific,Industry,Oil,1545.1,99851,5419.8
2022,Asia-Pacific,Industry,Natural Gas,1920.2,99851,5419.8
2022,Asia-Pacific,Industry,Renewables,7087,99851,5419.8
2022,Asia-Pacific,Industry,Nuclear,386.6,99851,5419.8
2022,Asia-Pacific,Transport,Coal,721.7,99851,5419.8
2022,Asia-Pacific,Transport,Oil,1413.3,99851,5419.8
2022,Asia-Pacific,Transport,Natural Gas,1748.8,99851,5419.8
2022,Asia-Pacific,Transport,Renewables,6333.2,99851,5419.8
2022,Asia-Pacific,Transport,Nuclear,354.7,99851,5419.8
2022,Asia-Pacific,Buildings,Coal,351.7,99851,5419.8
2022,Asia-Pacific,Buildings,Oil,708.2,99851,5419.8
2022,Asia-Pacific,Buildings,Natural Gas,873.5,99851,5419.8
2022,Asia-Pacific,Buildings,Renewables,3251.9,99851,5419.8
2022,Asia-Pacific,Buildings,Nuclear,169,99851,5419.8
2022,Asia-Pacific,Agriculture,Coal,281,99851,5419.8
2022,Asia-Pacific,Agriculture,Oil,575.9,99851,5419.8
2022,Asia-Pacific,Agriculture,Natural Gas,729.7,99851,5419.8
2022,Asia-Pacific,Agriculture,Renewables,2682.9,99851,5419.8
2022,Asia-Pacific,Agriculture,Nuclear,142.6,99851,5419.8
2023,Asia-Pacific,Energy,Coal,1354.5,105343,5463.2
2023,Asia-Pacific,Energy,Oil,2950.1,105343,5463.2
2023,Asia-Pacific,Energy,Natural Gas,3626.1,105343,5463.2
2023,Asia-Pacific,Energy,Renewables,14612.9,105343,5463.2
2023,Asia-Pacific,Energy,Nuclear,740.4,105343,5463.2
2023,Asia-Pacific,Industry,Coal,771.9,105343,5463.2
2023,Asia-Pacific,Industry,Oil,1640.1,105343,5463.2
2023,Asia-Pacific,Industry,Natural Gas,2083,105343,5463.2
2023,Asia-Pacific,Industry,Renewables,7517.1,105343,5463.2
2023,Asia-Pacific,Industry,Nuclear,395.1,105343,5463.2
2023,Asia-Pacific,Transport,Coal,697.9,105343,5463.2
2023,Asia-Pacific,Transport,Oil,1436.5,105343,5463.2
2023,Asia-Pacific,Transport,Natural Gas,1791.9,105343,5463.2
2023,Asia-Pacific,Transport,Renewables,7105,105343,5463.2
2023,Asia-Pacific,Transport,Nuclear,365.9,105343,5463.2
2023,Asia-Pacific,Buildings,Coal,348.2,105343,5463.2
2023,Asia-Pacific,Buildings,Oil,737.1,105343,5463.2
2023,Asia-Pacific,Buildings,Natural Gas,964,105343,5463.2
2023,Asia-Pacific,Buildings,Renewables,3547.8,105343,5463.2
2023,Asia-Pacific,Buildings,Nuclear,189.4,105343,5463.2
2023,Asia-Pacific,Agriculture,Coal,261.5,105343,5463.2
2023,Asia-Pacific,Agriculture,Oil,574.3,105343,5463.2
2023,Asia-Pacific,Agriculture,Natural Gas,737.4,105343,5463.2
2023,Asia-Pacific,Agriculture,Renewables,2734.6,105343,5463.2
2023,Asia-Pacific,Agriculture,Nuclear,141.3,105343,5463.2
2024,Asia-Pacific,Energy,Coal,1352.5,111136,5506.9
2024,Asia-Pacific,Energy,Oil,3000.8,111136,5506.9
2024,Asia-Pacific,Energy,Natural Gas,4043.7,111136,5506.9
2024,Asia-Pacific,Energy,Renewables,15194.3,111136,5506.9
2024,Asia-Pacific,Energy,Nuclear,807.7,111136,5506.9
2024,Asia-Pacific,Industry,Coal,743.5,111136,5506.9
2024,Asia-Pacific,Industry,Oil,1616.9,111136,5506.9
2024,Asia-Pacific,Industry,Natural Gas,2106.9,111136,5506.9
2024,Asia-Pacific,Industry,Renewables,8135,111136,5506.9
2024,Asia-Pacific,Industry,Nuclear,441.9,111136,5506.9
2024,Asia-Pacific,Transport,Coal,677.1,111136,5506.9
2024,Asia-Pacific,Transport,Oil,1579.3,111136,5506.9
2024,Asia-Pacific,Transport,Natural Gas,1955.2,111136,5506.9
2024,Asia-Pacific,Transport,Renewables,7434.7,111136,5506.9
2024,Asia-Pacific,Transport,Nuclear,388.3,111136,5506.9
2024,Asia-Pacific,Buildings,Coal,333.2,111136,5506.9
2024,Asia-Pacific,Buildings,Oil,788.1,111136,5506.9
2024,Asia-Pacific,Buildings,Natural Gas,960.3,111136,5506.9
2024,Asia-Pacific,Buildings,Renewables,3844,111136,5506.9
2024,Asia-Pacific,Buildings,Nuclear,198,111136,5506.9
2024,Asia-Pacific,Agriculture,Coal,269,111136,5506.9
2024,Asia-Pacific,Agriculture,Oil,596.2,111136,5506.9
2024,Asia-Pacific,Agriculture,Natural Gas,777.7,111136,5506.9
2024,Asia-Pacific,Agriculture,Renewables,3077.8,111136,5506.9
2024,Asia-Pacific,Agriculture,Nuclear,155.6,111136,5506.9
1990,North America,Energy,Coal,897.4,16000,490
1990,North America,Energy,Oil,795.8,16000,490
1990,North America,Energy,Natural Gas,509,16000,490
1990,North America,Energy,Renewables,118.8,16000,490
1990,North America,Energy,Nuclear,69.5,16000,490
1990,North America,Industry,Coal,492.6,16000,490
1990,North America,Industry,Oil,412.7,16000,490
1990,North America,Industry,Natural Gas,286.3,16000,490
1990,North America,Industry,Renewables,66.3,16000,490
1990,North America,Industry,Nuclear,38.9,16000,490
1990,North America,Transport,Coal,450.7,16000,490
1990,North America,Transport,Oil,398.4,16000,490
1990,North America,Transport,Natural Gas,255.3,16000,490
1990,North America,Transport,Renewables,60.9,16000,490
1990,North America,Transport,Nuclear,34.6,16000,490
1990,North America,Buildings,Coal,227.9,16000,490
1990,North America,Buildings,Oil,191.8,16000,490
1990,North America,Buildings,Natural Gas,132.6,16000,490
1990,North America,Buildings,Renewables,30.8,16000,490
1990,North America,Buildings,Nuclear,18.3,16000,490
1990,North America,Agriculture,Coal,177.2,16000,490
1990,North America,Agriculture,Oil,155.7,16000,490
1990,North America,Agriculture,Natural Gas,102.1,16000,490
1990,North America,Agriculture,Renewables,24.4,16000,490
1990,North America,Agriculture,Nuclear,14.5,16000,490
1991,North America,Energy,Coal,876.2,16352,493.4
1991,North America,Energy,Oil,746.7,16352,493.4
1991,North America,Energy,Natural Gas,523.1,16352,493.4
1991,North America,Energy,Renewables,195.1,16352,493.4
1991,North America,Energy,Nuclear,72.9,16352,493.4
1991,North America,Industry,Coal,498.2,16352,493.4
1991,North America,Industry,Oil,407,16352,493.4
1991,North America,Industry,Natural Gas,287.9,16352,493.4
1991,North America,Industry,Renewables,111.7,16352,493.4
1991,North America,Industry,Nuclear,39.1,16352,493.4
1991,North America,Transport,Coal,427.5,16352,493.4
1991,North America,Transport,Oil,370.2,16352,493.4
1991,North America,Transport,Natural Gas,274.7,16352,493.4
1991,North America,Transport,Renewables,103.6,16352,493.4
1991,North America,Transport,Nuclear,35.6,16352,493.4
1991,North America,Buildings,Coal,215.3,16352,493.4
1991,North America,Buildings,Oil,190.8,16352,493.4
1991,North America,Buildings,Natural Gas,132.8,16352,493.4
1991,North America,Buildings,Renewables,49.9,16352,493.4
1991,North America,Buildings,Nuclear,18.8,16352,493.4
1991,North America,Agriculture,Coal,183.1,16352,493.4
1991,North America,Agriculture,Oil,154.9,16352,493.4
1991,North America,Agriculture,Natural Gas,104,16352,493.4
1991,North America,Agriculture,Renewables,39.8,16352,493.4
1991,North America,Agriculture,Nuclear,14.7,16352,493.4
1992,North America,Energy,Coal,865.2,16712,496.9
1992,North America,Energy,Oil,747.5,16712,496.9
1992,North America,Energy,Natural Gas,517.3,16712,496.9
1992,North America,Energy,Renewables,280,16712,496.9
1992,North America,Energy,Nuclear,77.8,16712,496.9
1992,North America,Industry,Coal,469.6,16712,496.9
1992,North America,Industry,Oil,426.2,16712,496.9
1992,North America,Industry,Natural Gas,298.3,16712,496.9
1992,North America,Industry,Renewables,156.3,16712,496.9
1992,North America,Industry,Nuclear,40.5,16712,496.9
1992,North America,Transport,Coal,423.6,16712,496.9
1992,North America,Transport,Oil,366,16712,496.9
1992,North America,Transport,Natural Gas,262.7,16712,496.9
1992,North America,Transport,Renewables,142,16712,496.9
1992,North America,Transport,Nuclear,38.9,16712,496.9
1992,North America,Buildings,Coal,215,16712,496.9
1992,North America,Buildings,Oil,186.4,16712,496.9
1992,North America,Buildings,Natural Gas,138.5,16712,496.9
1992,North America,Buildings,Renewables,70.1,16712,496.9
1992,North America,Buildings,Nuclear,18.9,16712,496.9
1992,North America,Agriculture,Coal,179.6,16712,496.9
1992,North America,Agriculture,Oil,147.5,16712,496.9
1992,North America,Agriculture,Natural Gas,104.2,16712,496.9
1992,North America,Agriculture,Renewables,57.5,16712,496.9
1992,North America,Agriculture,Nuclear,15.1,16712,496.9
1993,North America,Energy,Coal,866.3,17079,500.4
1993,North America,Energy,Oil,756.1,17079,500.4
1993,North America,Energy,Natural Gas,540.1,17079,500.4
1993,North America,Energy,Renewables,354.9,17079,500.4
1993,North America,Energy,Nuclear,75.1,17079,500.4
1993,North America,Industry,Coal,450.1,17079,500.4
1993,North America,Industry,Oil,424.4,17079,500.4
1993,North America,Industry,Natural Gas,293,17079,500.4
1993,North America,Industry,Renewables,204.6,17079,500.4
1993,North America,Industry,Nuclear,43.3,17079,500.4
1993,North America,Transport,Coal,417.3,17079,500.4
1993,North America,Transport,Oil,361,17079,500.4
1993,North America,Transport,Natural Gas,276.1,17079,500.4
1993,North America,Transport,Renewables,182.3,17079,500.4
1993,North America,Transport,Nuclear,39.6,17079,500.4
1993,North America,Buildings,Coal,212.2,17079,500.4
1993,North America,Buildings,Oil,180.4,17079,500.4
1993,North America,Buildings,Natural Gas,140.7,17079,500.4
1993,North America,Buildings,Renewables,92.2,17079,500.4
1993,North America,Buildings,Nuclear,20.1,17079,500.4
1993,North America,Agriculture,Coal,169.1,17079,500.4
1993,North America,Agriculture,Oil,147.7,17079,500.4
1993,North America,Agriculture,Natural Gas,104.7,17079,500.4
1993,North America,Agriculture,Renewables,71.2,17079,500.4
1993,North America,Agriculture,Nuclear,15.8,17079,500.4
1994,North America,Energy,Coal,801.6,17455,503.9
1994,North America,Energy,Oil,706.2,17455,503.9
1994,North America,Energy,Natural Gas,557.4,17455,503.9
1994,North America,Energy,Renewables,455.5,17455,503.9
1994,North America,Energy,Nuclear,79.9,17455,503.9
1994,North America,Industry,Coal,446.5,17455,503.9
1994,North America,Industry,Oil,418.6,17455,503.9
1994,North America,Industry,Natural Gas,301.6,17455,503.9
1994,North America,Industry,Renewables,237.3,17455,503.9
1994,North America,Industry,Nuclear,43.1,17455,503.9
1994,North America,Transport,Coal,407.8,17455,503.9
1994,North America,Transport,Oil,377,17455,503.9
1994,North America,Transport,Natural Gas,268.4,17455,503.9
1994,North America,Transport,Renewables,226.5,17455,503.9
1994,North America,Transport,Nuclear,39.1,17455,503.9
1994,North America,Buildings,Coal,203.5,17455,503.9
1994,North America,Buildings,Oil,190.2,17455,503.9
1994,North America,Buildings,Natural Gas,136.7,17455,503.9
1994,North America,Buildings,Renewables,113,17455,503.9
1994,North America,Buildings,Nuclear,19.6,17455,503.9
1994,North America,Agriculture,Coal,160.7,17455,503.9
1994,North America,Agriculture,Oil,146.5,17455,503.9
1994,North America,Agriculture,Natural Gas,107.3,17455,503.9
1994,North America,Agriculture,Renewables,86,17455,503.9
1994,North America,Agriculture,Nuclear,16.1,17455,503.9
1995,North America,Energy,Coal,808.8,17839,507.4
1995,North America,Energy,Oil,739.2,17839,507.4
1995,North America,Energy,Natural Gas,529.9,17839,507.4
1995,North America,Energy,Renewables,537.5,17839,507.4
1995,North America,Energy,Nuclear,81.4,17839,507.4
1995,North America,Industry,Coal,451.2,17839,507.4
1995,North America,Industry,Oil,409.4,17839,507.4
1995,North America,Industry,Natural Gas,307.3,17839,507.4
1995,North America,Industry,Renewables,297.3,17839,507.4
1995,North America,Industry,Nuclear,45.4,17839,507.4
1995,North America,Transport,Coal,388.5,17839,507.4
1995,North America,Transport,Oil,374.5,17839,507.4
1995,North America,Transport,Natural Gas,277.5,17839,507.4
1995,North America,Transport,Renewables,271.7,17839,507.4
1995,North America,Transport,Nuclear,39.7,17839,507.4
1995,North America,Buildings,Coal,197,17839,507.4
1995,North America,Buildings,Oil,186.5,17839,507.4
1995,North America,Buildings,Natural Gas,139.2,17839,507.4
1995,North America,Buildings,Renewables,135.6,17839,507.4
1995,North America,Buildings,Nuclear,20.2,17839,507.4
1995,North America,Agriculture,Coal,163.3,17839,507.4
1995,North America,Agriculture,Oil,146.8,17839,507.4
1995,North America,Agriculture,Natural Gas,111.3,17839,507.4
1995,North America,Agriculture,Renewables,107.4,17839,507.4
1995,North America,Agriculture,Nuclear,16.4,17839,507.4
1996,North America,Energy,Coal,779.5,18232,510.9
1996,North America,Energy,Oil,692.9,18232,510.9
1996,North America,Energy,Natural Gas,566.9,18232,510.9
1996,North America,Energy,Renewables,616.5,18232,510.9
1996,North America,Energy,Nuclear,80.9,18232,510.9
1996,North America,Industry,Coal,412.9,18232,510.9
1996,North America,Industry,Oil,381.2,18232,510.9
1996,North America,Industry,Natural Gas,296.8,18232,510.9
1996,North America,Industry,Renewables,335,18232,510.9
1996,North America,Industry,Nuclear,45.9,18232,510.9
1996,North America,Transport,Coal,401.1,18232,510.9
1996,North America,Transport,Oil,364,18232,510.9
1996,North America,Transport,Natural Gas,284,18232,510.9
1996,North America,Transport,Renewables,302.6,18232,510.9
1996,North America,Transport,Nuclear,42.5,18232,510.9
1996,North America,Buildings,Coal,193.3,18232,510.9
1996,North America,Buildings,Oil,185.1,18232,510.9
1996,North America,Buildings,Natural Gas,141.7,18232,510.9
1996,North America,Buildings,Renewables,146.7,18232,510.9
1996,North America,Buildings,Nuclear,21.6,18232,510.9
1996,North America,Agriculture,Coal,160.7,18232,510.9
1996,North America,Agriculture,Oil,140.7,18232,510.9
1996,North America,Agriculture,Natural Gas,113.7,18232,510.9
1996,North America,Agriculture,Renewables,116.7,18232,510.9
1996,North America,Agriculture,Nuclear,16.7,18232,510.9
1997,North America,Energy,Coal,756.7,18633,514.5
1997,North America,Energy,Oil,725,18633,514.5
1997,North America,Energy,Natural Gas,575.2,18633,514.5
1997,North America,Energy,Renewables,703.9,18633,514.5
1997,North America,Energy,Nuclear,86.5,18633,514.5
1997,North America,Industry,Coal,410.2,18633,514.5
1997,North America,Industry,Oil,380.6,18633,514.5
1997,North America,Industry,Natural Gas,313.2,18633,514.5
1997,North America,Industry,Renewables,387.1,18633,514.5
1997,North America,Industry,Nuclear,46.6,18633,514.5
1997,North America,Transport,Coal,380.2,18633,514.5
1997,North America,Transport,Oil,364.5,18633,514.5
1997,North America,Transport,Natural Gas,287.7,18633,514.5
1997,North America,Transport,Renewables,338.2,18633,514.5
1997,North America,Transport,Nuclear,43.9,18633,514.5
1997,North America,Buildings,Coal,183.2,18633,514.5
1997,North America,Buildings,Oil,181.5,18633,514.5
1997,North America,Buildings,Natural Gas,139.8,18633,514.5
1997,North America,Buildings,Renewables,176.8,18633,514.5
1997,North America,Buildings,Nuclear,20.8,18633,514.5
1997,North America,Agriculture,Coal,154.7,18633,514.5
1997,North America,Agriculture,Oil,141.9,18633,514.5
1997,North America,Agriculture,Natural Gas,111.4,18633,514.5
1997,North America,Agriculture,Renewables,133.9,18633,514.5
1997,North America,Agriculture,Nuclear,16.9,18633,514.5
1998,North America,Energy,Coal,722.3,19043,518.1
1998,North America,Energy,Oil,673.9,19043,518.1
1998,North America,Energy,Natural Gas,560.7,19043,518.1
1998,North America,Energy,Renewables,753,19043,518.1
1998,North America,Energy,Nuclear,87.3,19043,518.1
1998,North America,Industry,Coal,405.2,19043,518.1
1998,North America,Industry,Oil,392.5,19043,518.1
1998,North America,Industry,Natural Gas,308.9,19043,518.1
1998,North America,Industry,Renewables,412,19043,518.1
1998,North America,Industry,Nuclear,46.7,19043,518.1
1998,North America,Transport,Coal,360.9,19043,518.1
1998,North America,Transport,Oil,342.6,19043,518.1
1998,North America,Transport,Natural Gas,288.1,19043,518.1
1998,North America,Transport,Renewables,373.5,19043,518.1
1998,North America,Transport,Nuclear,42.9,19043,518.1
1998,North America,Buildings,Coal,178.3,19043,518.1
1998,North America,Buildings,Oil,178.2,19043,518.1
1998,North America,Buildings,Natural Gas,137.9,19043,518.1
1998,North America,Buildings,Renewables,185.2,19043,518.1
1998,North America,Buildings,Nuclear,22.7,19043,518.1
1998,North America,Agriculture,Coal,142.5,19043,518.1
1998,North America,Agriculture,Oil,139.9,19043,518.1
1998,North America,Agriculture,Natural Gas,115.5,19043,518.1
1998,North America,Agriculture,Renewables,149.9,19043,518.1
1998,North America,Agriculture,Nuclear,17.8,19043,518.1
1999,North America,Energy,Coal,699.2,19462,521.7
1999,North America,Energy,Oil,699.1,19462,521.7
1999,North America,Energy,Natural Gas,554.2,19462,521.7
1999,North America,Energy,Renewables,865.5,19462,521.7
1999,North America,Energy,Nuclear,91.6,19462,521.7
1999,North America,Industry,Coal,383.6,19462,521.7
1999,North America,Industry,Oil,383.4,19462,521.7
1999,North America,Industry,Natural Gas,316.3,19462,521.7
1999,North America,Industry,Renewables,475.8,19462,521.7
1999,North America,Industry,Nuclear,47.5,19462,521.7
1999,North America,Transport,Coal,349.9,19462,521.7
1999,North America,Transport,Oil,339.1,19462,521.7
1999,North America,Transport,Natural Gas,292.7,19462,521.7
1999,North America,Transport,Renewables,430.4,19462,521.7
1999,North America,Transport,Nuclear,45.2,19462,521.7
1999,North America,Buildings,Coal,180.6,19462,521.7
1999,North America,Buildings,Oil,177.6,19462,521.7
1999,North America,Buildings,Natural Gas,146.8,19462,521.7
1999,North America,Buildings,Renewables,202.6,19462,521.7
1999,North America,Buildings,Nuclear,22.5,19462,521.7
1999,North America,Agriculture,Coal,146.4,19462,521.7
1999,North America,Agriculture,Oil,141.6,19462,521.7
1999,North America,Agriculture,Natural Gas,110.7,19462,521.7
1999,North America,Agriculture,Renewables,170.7,19462,521.7
1999,North America,Agriculture,Nuclear,17.3,19462,521.7
2000,North America,Energy,Coal,662,19890,525.4
2000,North America,Energy,Oil,691.2,19890,525.4
2000,North America,Energy,Natural Gas,565.3,19890,525.4
2000,North America,Energy,Renewables,907.5,19890,525.4
2000,North America,Energy,Nuclear,89.1,19890,525.4
2000,North America,Industry,Coal,391.1,19890,525.4
2000,North America,Industry,Oil,391.1,19890,525.4
2000,North America,Industry,Natural Gas,305.3,19890,525.4
2000,North America,Industry,Renewables,494.9,19890,525.4
2000,North America,Industry,Nuclear,50.6,19890,525.4
2000,North America,Transport,Coal,356.1,19890,525.4
2000,North America,Transport,Oil,339.4,19890,525.4
2000,North America,Transport,Natural Gas,279.7,19890,525.4
2000,North America,Transport,Renewables,471.1,19890,525.4
2000,North America,Transport,Nuclear,46.7,19890,525.4
2000,North America,Buildings,Coal,166.2,19890,525.4
2000,North America,Buildings,Oil,176,19890,525.4
2000,North America,Buildings,Natural Gas,144.7,19890,525.4
2000,North America,Buildings,Renewables,231.2,19890,525.4
2000,North America,Buildings,Nuclear,23.4,19890,525.4
2000,North America,Agriculture,Coal,142.3,19890,525.4
2000,North America,Agriculture,Oil,138.8,19890,525.4
2000,North America,Agriculture,Natural Gas,115.7,19890,525.4
2000,North America,Agriculture,Renewables,179.6,19890,525.4
2000,North America,Agriculture,Nuclear,19,19890,525.4
2001,North America,Energy,Coal,653.5,20327,529.1
2001,North America,Energy,Oil,669.5,20327,529.1
2001,North America,Energy,Natural Gas,578,20327,529.1
2001,North America,Energy,Renewables,991.4,20327,529.1
2001,North America,Energy,Nuclear,93,20327,529.1
2001,North America,Industry,Coal,364.6,20327,529.1
2001,North America,Industry,Oil,370,20327,529.1
2001,North America,Industry,Natural Gas,308.6,20327,529.1
2001,North America,Industry,Renewables,531.5,20327,529.1
2001,North America,Industry,Nuclear,53,20327,529.1
2001,North America,Transport,Coal,340.4,20327,529.1
2001,North America,Transport,Oil,347,20327,529.1
2001,North America,Transport,Natural Gas,297.2,20327,529.1
2001,North America,Transport,Renewables,493.4,20327,529.1
2001,North America,Transport,Nuclear,46.6,20327,529.1
2001,North America,Buildings,Coal,161.9,20327,529.1
2001,North America,Buildings,Oil,169.6,20327,529.1
2001,North America,Buildings,Natural Gas,141,20327,529.1
2001,North America,Buildings,Renewables,251.9,20327,529.1
2001,North America,Buildings,Nuclear,23.2,20327,529.1
2001,North America,Agriculture,Coal,131.6,20327,529.1
2001,North America,Agriculture,Oil,133.3,20327,529.1
2001,North America,Agriculture,Natural Gas,113.2,20327,529.1
2001,North America,Agriculture,Renewables,195.7,20327,529.1
2001,North America,Agriculture,Nuclear,18.6,20327,529.1
2002,North America,Energy,Coal,645.5,20775,532.8
2002,North America,Energy,Oil,689.6,20775,532.8
2002,North America,Energy,Natural Gas,561.4,20775,532.8
2002,North America,Energy,Renewables,1040.6,20775,532.8
2002,North America,Energy,Nuclear,95.1,20775,532.8
2002,North America,Industry,Coal,345.3,20775,532.8
2002,North America,Industry,Oil,356.8,20775,532.8
2002,North America,Industry,Natural Gas,311.1,20775,532.8
2002,North America,Industry,Renewables,581.3,20775,532.8
2002,North America,Industry,Nuclear,50.4,20775,532.8
2002,North America,Transport,Coal,328.5,20775,532.8
2002,North America,Transport,Oil,337.3,20775,532.8
2002,North America,Transport,Natural Gas,299.8,20775,532.8
2002,North America,Transport,Renewables,543.1,20775,532.8
2002,North America,Transport,Nuclear,45.9,20775,532.8
2002,North America,Buildings,Coal,163.9,20775,532.8
2002,North America,Buildings,Oil,163.6,20775,532.8
2002,North America,Buildings,Natural Gas,148.3,20775,532.8
2002,North America,Buildings,Renewables,269.2,20775,532.8
2002,North America,Buildings,Nuclear,24.4,20775,532.8
2002,North America,Agriculture,Coal,125,20775,532.8
2002,North America,Agriculture,Oil,136.8,20775,532.8
2002,North America,Agriculture,Natural Gas,111.5,20775,532.8
2002,North America,Agriculture,Renewables,218.5,20775,532.8
2002,North America,Agriculture,Nuclear,19,20775,532.8
2003,North America,Energy,Coal,642.1,21232,536.5
2003,North America,Energy,Oil,681.5,21232,536.5
2003,North America,Energy,Natural Gas,575.7,21232,536.5
2003,North America,Energy,Renewables,1091.1,21232,536.5
2003,North America,Energy,Nuclear,95.3,21232,536.5
2003,North America,Industry,Coal,339.3,21232,536.5
2003,North America,Industry,Oil,357.4,21232,536.5
2003,North America,Industry,Natural Gas,325.9,21232,536.5
2003,North America,Industry,Renewables,620.7,21232,536.5
2003,North America,Industry,Nuclear,51.6,21232,536.5
2003,North America,Transport,Coal,314.4,21232,536.5
2003,North America,Transport,Oil,328.5,21232,536.5
2003,North America,Transport,Natural Gas,280.8,21232,536.5
2003,North America,Transport,Renewables,587.9,21232,536.5
2003,North America,Transport,Nuclear,48.3,21232,536.5
2003,North America,Buildings,Coal,159.4,21232,536.5
2003,North America,Buildings,Oil,169.8,21232,536.5
2003,North America,Buildings,Natural Gas,148.6,21232,536.5
2003,North America,Buildings,Renewables,293.7,21232,536.5
2003,North America,Buildings,Nuclear,23.4,21232,536.5
2003,North America,Agriculture,Coal,120.1,21232,536.5
2003,North America,Agriculture,Oil,135,21232,536.5
2003,North America,Agriculture,Natural Gas,117.7,21232,536.5
2003,North America,Agriculture,Renewables,226.7,21232,536.5
2003,North America,Agriculture,Nuclear,19,21232,536.5
2004,North America,Energy,Coal,612.7,21699,540.3
2004,North America,Energy,Oil,663.7,21699,540.3
2004,North America,Energy,Natural Gas,570.3,21699,540.3
2004,North America,Energy,Renewables,1199.1,21699,540.3
2004,North America,Energy,Nuclear,96.9,21699,540.3
2004,North America,Industry,Coal,325.8,21699,540.3
2004,North America,Industry,Oil,370.8,21699,540.3
2004,North America,Industry,Natural Gas,318.2,21699,540.3
2004,North America,Industry,Renewables,684.1,21699,540.3
2004,North America,Industry,Nuclear,53.2,21699,540.3
2004,North America,Transport,Coal,303.5,21699,540.3
2004,North America,Transport,Oil,314,21699,540.3
2004,North America,Transport,Natural Gas,295.3,21699,540.3
2004,North America,Transport,Renewables,621.8,21699,540.3
2004,North America,Transport,Nuclear,48.8,21699,540.3
2004,North America,Buildings,Coal,145.2,21699,540.3
2004,North America,Buildings,Oil,167.7,21699,540.3
2004,North America,Buildings,Natural Gas,149.8,21699,540.3
2004,North America,Buildings,Renewables,306.3,21699,540.3
2004,North America,Buildings,Nuclear,24.6,21699,540.3
2004,North America,Agriculture,Coal,120.1,21699,540.3
2004,North America,Agriculture,Oil,127.3,21699,540.3
2004,North America,Agriculture,Natural Gas,116.3,21699,540.3
2004,North America,Agriculture,Renewables,247.2,21699,540.3
2004,North America,Agriculture,Nuclear,20,21699,540.3
2005,North America,Energy,Coal,571.2,22176,544
2005,North America,Energy,Oil,665.1,22176,544
2005,North America,Energy,Natural Gas,593.9,22176,544
2005,North America,Energy,Renewables,1292.5,22176,544
2005,North America,Energy,Nuclear,98.3,22176,544
2005,North America,Industry,Coal,318.9,22176,544
2005,North America,Industry,Oil,349.7,22176,544
2005,North America,Industry,Natural Gas,332.6,22176,544
2005,North America,Industry,Renewables,695.8,22176,544
2005,North America,Industry,Nuclear,53.1,22176,544
2005,North America,Transport,Coal,296.3,22176,544
2005,North America,Transport,Oil,314.5,22176,544
2005,North America,Transport,Natural Gas,290,22176,544
2005,North America,Transport,Renewables,654.9,22176,544
2005,North America,Transport,Nuclear,48.5,22176,544
2005,North America,Buildings,Coal,148.5,22176,544
2005,North America,Buildings,Oil,167.6,22176,544
2005,North America,Buildings,Natural Gas,149.6,22176,544
2005,North America,Buildings,Renewables,313.1,22176,544
2005,North America,Buildings,Nuclear,24.2,22176,544
2005,North America,Agriculture,Coal,119.1,22176,544
2005,North America,Agriculture,Oil,131.2,22176,544
2005,North America,Agriculture,Natural Gas,116.7,22176,544
2005,North America,Agriculture,Renewables,245.9,22176,544
2005,North America,Agriculture,Nuclear,20.2,22176,544
2006,North America,Energy,Coal,539.6,22664,547.9
2006,North America,Energy,Oil,661.9,22664,547.9
2006,North America,Energy,Natural Gas,597.2,22664,547.9
2006,North America,Energy,Renewables,1394.7,22664,547.9
2006,North America,Energy,Nuclear,101.1,22664,547.9
2006,North America,Industry,Coal,310.4,22664,547.9
2006,North America,Industry,Oil,358.2,22664,547.9
2006,North America,Industry,Natural Gas,313.5,22664,547.9
2006,North America,Industry,Renewables,734.5,22664,547.9
2006,North America,Industry,Nuclear,58,22664,547.9
2006,North America,Transport,Coal,289.3,22664,547.9
2006,North America,Transport,Oil,309,22664,547.9
2006,North America,Transport,Natural Gas,299.5,22664,547.9
2006,North America,Transport,Renewables,684,22664,547.9
2006,North America,Transport,Nuclear,50.9,22664,547.9
2006,North America,Buildings,Coal,141,22664,547.9
2006,North America,Buildings,Oil,163.4,22664,547.9
2006,North America,Buildings,Natural Gas,154,22664,547.9
2006,North America,Buildings,Renewables,348.5,22664,547.9
2006,North America,Buildings,Nuclear,24.9,22664,547.9
2006,North America,Agriculture,Coal,108.4,22664,547.9
2006,North America,Agriculture,Oil,127,22664,547.9
2006,North America,Agriculture,Natural Gas,115.9,22664,547.9
2006,North America,Agriculture,Renewables,271.8,22664,547.9
2006,North America,Agriculture,Nuclear,19.9,22664,547.9
2007,North America,Energy,Coal,535.6,23162,551.7
2007,North America,Energy,Oil,632.2,23162,551.7
2007,North America,Energy,Natural Gas,612,23162,551.7
2007,North America,Energy,Renewables,1415,23162,551.7
2007,North America,Energy,Nuclear,101.7,23162,551.7
2007,North America,Industry,Coal,306.3,23162,551.7
2007,North America,Industry,Oil,335.1,23162,551.7
2007,North America,Industry,Natural Gas,332.5,23162,551.7
2007,North America,Industry,Renewables,794.9,23162,551.7
2007,North America,Industry,Nuclear,58.9,23162,551.7
2007,North America,Transport,Coal,272.8,23162,551.7
2007,North America,Transport,Oil,320.3,23162,551.7
2007,North America,Transport,Natural Gas,302.2,23162,551.7
2007,North America,Transport,Renewables,684.7,23162,551.7
2007,North America,Transport,Nuclear,50,23162,551.7
2007,North America,Buildings,Coal,133.5,23162,551.7
2007,North America,Buildings,Oil,158.7,23162,551.7
2007,North America,Buildings,Natural Gas,144.7,23162,551.7
2007,North America,Buildings,Renewables,363.2,23162,551.7
2007,North America,Buildings,Nuclear,25.7,23162,551.7
2007,North America,Agriculture,Coal,104.4,23162,551.7
2007,North America,Agriculture,Oil,129.6,23162,551.7
2007,North America,Agriculture,Natural Gas,119.5,23162,551.7
2007,North America,Agriculture,Renewables,284.2,23162,551.7
2007,North America,Agriculture,Nuclear,20,23162,551.7
2008,North America,Energy,Coal,508.4,23672,555.6
2008,North America,Energy,Oil,634.4,23672,555.6
2008,North America,Energy,Natural Gas,590.5,23672,555.6
2008,North America,Energy,Renewables,1439.7,23672,555.6
2008,North America,Energy,Nuclear,108.6,23672,555.6
2008,North America,Industry,Coal,292,23672,555.6
2008,North America,Industry,Oil,346.2,23672,555.6
2008,North America,Industry,Natural Gas,317.7,23672,555.6
2008,North America,Industry,Renewables,802.9,23672,555.6
2008,North America,Industry,Nuclear,58.4,23672,555.6
2008,North America,Transport,Coal,248.5,23672,555.6
2008,North America,Transport,Oil,319.4,23672,555.6
2008,North America,Transport,Natural Gas,301.6,23672,555.6
2008,North America,Transport,Renewables,744.7,23672,555.6
2008,North America,Transport,Nuclear,51.5,23672,555.6
2008,North America,Buildings,Coal,130.5,23672,555.6
2008,North America,Buildings,Oil,160.8,23672,555.6
2008,North America,Buildings,Natural Gas,144.9,23672,555.6
2008,North America,Buildings,Renewables,373.7,23672,555.6
2008,North America,Buildings,Nuclear,27.3,23672,555.6
2008,North America,Agriculture,Coal,101.3,23672,555.6
2008,North America,Agriculture,Oil,125.1,23672,555.6
2008,North America,Agriculture,Natural Gas,116.8,23672,555.6
2008,North America,Agriculture,Renewables,289.8,23672,555.6
2008,North America,Agriculture,Nuclear,21,23672,555.6
2009,North America,Energy,Coal,480.4,23225,559.4
2009,North America,Energy,Oil,621.3,23225,559.4
2009,North America,Energy,Natural Gas,594.7,23225,559.4
2009,North America,Energy,Renewables,1621.2,23225,559.4
2009,North America,Energy,Nuclear,107.6,23225,559.4
2009,North America,Industry,Coal,275.7,23225,559.4
2009,North America,Industry,Oil,335,23225,559.4
2009,North America,Industry,Natural Gas,334,23225,559.4
2009,North America,Industry,Renewables,824.1,23225,559.4
2009,North America,Industry,Nuclear,58.7,23225,559.4
2009,North America,Transport,Coal,246.4,23225,559.4
2009,North America,Transport,Oil,302.2,23225,559.4
2009,North America,Transport,Natural Gas,300.2,23225,559.4
2009,North America,Transport,Renewables,751.7,23225,559.4
2009,North America,Transport,Nuclear,53.2,23225,559.4
2009,North America,Buildings,Coal,127.6,23225,559.4
2009,North America,Buildings,Oil,152.6,23225,559.4
2009,North America,Buildings,Natural Gas,146.9,23225,559.4
2009,North America,Buildings,Renewables,402.3,23225,559.4
2009,North America,Buildings,Nuclear,27.7,23225,559.4
2009,North America,Agriculture,Coal,100,23225,559.4
2009,North America,Agriculture,Oil,118.7,23225,559.4
2009,North America,Agriculture,Natural Gas,122.9,23225,559.4
2009,North America,Agriculture,Renewables,307.8,23225,559.4
2009,North America,Agriculture,Nuclear,21.1,23225,559.4
2010,North America,Energy,Coal,491.1,24725,563.4
2010,North America,Energy,Oil,623.8,24725,563.4
2010,North America,Energy,Natural Gas,630.4,24725,563.4
2010,North America,Energy,Renewables,1568,24725,563.4
2010,North America,Energy,Nuclear,112.2,24725,563.4
2010,North America,Industry,Coal,264.3,24725,563.4
2010,North America,Industry,Oil,333.3,24725,563.4
2010,North America,Industry,Natural Gas,339.9,24725,563.4
2010,North America,Industry,Renewables,865.5,24725,563.4
2010,North America,Industry,Nuclear,59,24725,563.4
2010,North America,Transport,Coal,232.9,24725,563.4
2010,North America,Transport,Oil,305.7,24725,563.4
2010,North America,Transport,Natural Gas,293.2,24725,563.4
2010,North America,Transport,Renewables,827.3,24725,563.4
2010,North America,Transport,Nuclear,54.3,24725,563.4
2010,North America,Buildings,Coal,116.4,24725,563.4
2010,North America,Buildings,Oil,157.4,24725,563.4
2010,North America,Buildings,Natural Gas,156.5,24725,563.4
2010,North America,Buildings,Renewables,421,24725,563.4
2010,North America,Buildings,Nuclear,27.7,24725,563.4
2010,North America,Agriculture,Coal,98,24725,563.4
2010,North America,Agriculture,Oil,120.3,24725,563.4
2010,North America,Agriculture,Natural Gas,120.3,24725,563.4
2010,North America,Agriculture,Renewables,321.1,24725,563.4
2010,North America,Agriculture,Nuclear,22,24725,563.4
2011,North America,Energy,Coal,475.7,25269,567.3
2011,North America,Energy,Oil,576.7,25269,567.3
2011,North America,Energy,Natural Gas,601.3,25269,567.3
2011,North America,Energy,Renewables,1703.7,25269,567.3
2011,North America,Energy,Nuclear,112.2,25269,567.3
2011,North America,Industry,Coal,252.4,25269,567.3
2011,North America,Industry,Oil,325.7,25269,567.3
2011,North America,Industry,Natural Gas,349.3,25269,567.3
2011,North America,Industry,Renewables,943.6,25269,567.3
2011,North America,Industry,Nuclear,60.6,25269,567.3
2011,North America,Transport,Coal,227.6,25269,567.3
2011,North America,Transport,Oil,309.5,25269,567.3
2011,North America,Transport,Natural Gas,294.5,25269,567.3
2011,North America,Transport,Renewables,821.2,25269,567.3
2011,North America,Transport,Nuclear,54.9,25269,567.3
2011,North America,Buildings,Coal,114.6,25269,567.3
2011,North America,Buildings,Oil,151.6,25269,567.3
2011,North America,Buildings,Natural Gas,155.1,25269,567.3
2011,North America,Buildings,Renewables,434.7,25269,567.3
2011,North America,Buildings,Nuclear,27.6,25269,567.3
2011,North America,Agriculture,Coal,92.3,25269,567.3
2011,North America,Agriculture,Oil,123.8,25269,567.3
2011,North America,Agriculture,Natural Gas,117.7,25269,567.3
2011,North America,Agriculture,Renewables,342.4,25269,567.3
2011,North America,Agriculture,Nuclear,22.7,25269,567.3
2012,North America,Energy,Coal,435.6,25825,571.3
2012,North America,Energy,Oil,579.7,25825,571.3
2012,North America,Energy,Natural Gas,603.2,25825,571.3
2012,North America,Energy,Renewables,1762.1,25825,571.3
2012,North America,Energy,Nuclear,108.4,25825,571.3
2012,North America,Industry,Coal,237,25825,571.3
2012,North America,Industry,Oil,325.7,25825,571.3
2012,North America,Industry,Natural Gas,338.2,25825,571.3
2012,North America,Industry,Renewables,980.9,25825,571.3
2012,North America,Industry,Nuclear,60.2,25825,571.3
2012,North America,Transport,Coal,218.2,25825,571.3
2012,North America,Transport,Oil,292.1,25825,571.3
2012,North America,Transport,Natural Gas,296.9,25825,571.3
2012,North America,Transport,Renewables,891.6,25825,571.3
2012,North America,Transport,Nuclear,57.3,25825,571.3
2012,North America,Buildings,Coal,109.4,25825,571.3
2012,North America,Buildings,Oil,143.4,25825,571.3
2012,North America,Buildings,Natural Gas,157.8,25825,571.3
2012,North America,Buildings,Renewables,440.3,25825,571.3
2012,North America,Buildings,Nuclear,27.9,25825,571.3
2012,North America,Agriculture,Coal,88.2,25825,571.3
2012,North America,Agriculture,Oil,115.9,25825,571.3
2012,North America,Agriculture,Natural Gas,121.4,25825,571.3
2012,North America,Agriculture,Renewables,357.4,25825,571.3
2012,North America,Agriculture,Nuclear,22,25825,571.3
2013,North America,Energy,Coal,405.8,26393,575.3
2013,North America,Energy,Oil,572.1,26393,575.3
2013,North America,Energy,Natural Gas,633.8,26393,575.3
2013,North America,Energy,Renewables,1812.7,26393,575.3
2013,North America,Energy,Nuclear,113.5,26393,575.3
2013,North America,Industry,Coal,238.2,26393,575.3
2013,North America,Industry,Oil,331.7,26393,575.3
2013,North America,Industry,Natural Gas,336.8,26393,575.3
2013,North America,Industry,Renewables,980.6,26393,575.3
2013,North America,Industry,Nuclear,63.1,26393,575.3
2013,North America,Transport,Coal,213.4,26393,575.3
2013,North America,Transport,Oil,285.8,26393,575.3
2013,North America,Transport,Natural Gas,311.9,26393,575.3
2013,North America,Transport,Renewables,907,26393,575.3
2013,North America,Transport,Nuclear,56.7,26393,575.3
2013,North America,Buildings,Coal,103.9,26393,575.3
2013,North America,Buildings,Oil,142.8,26393,575.3
2013,North America,Buildings,Natural Gas,158.9,26393,575.3
2013,North America,Buildings,Renewables,470.5,26393,575.3
2013,North America,Buildings,Nuclear,28.7,26393,575.3
2013,North America,Agriculture,Coal,85.7,26393,575.3
2013,North America,Agriculture,Oil,116.1,26393,575.3
2013,North America,Agriculture,Natural Gas,121.7,26393,575.3
2013,North America,Agriculture,Renewables,359.6,26393,575.3
2013,North America,Agriculture,Nuclear,22.9,26393,575.3
2014,North America,Energy,Coal,388.1,26974,579.3
2014,North America,Energy,Oil,586.8,26974,579.3
2014,North America,Energy,Natural Gas,632.2,26974,579.3
2014,North America,Energy,Renewables,1844.6,26974,579.3
2014,North America,Energy,Nuclear,115.6,26974,579.3
2014,North America,Industry,Coal,212.6,26974,579.3
2014,North America,Industry,Oil,307.9,26974,579.3
2014,North America,Industry,Natural Gas,342.9,26974,579.3
2014,North America,Industry,Renewables,1074.4,26974,579.3
2014,North America,Industry,Nuclear,63.8,26974,579.3
2014,North America,Transport,Coal,201.3,26974,579.3
2014,North America,Transport,Oil,297.7,26974,579.3
2014,North America,Transport,Natural Gas,308.7,26974,579.3
2014,North America,Transport,Renewables,962,26974,579.3
2014,North America,Transport,Nuclear,55.2,26974,579.3
2014,North America,Buildings,Coal,103.2,26974,579.3
2014,North America,Buildings,Oil,148.1,26974,579.3
2014,North America,Buildings,Natural Gas,157.9,26974,579.3
2014,North America,Buildings,Renewables,454.8,26974,579.3
2014,North America,Buildings,Nuclear,29.2,26974,579.3
2014,North America,Agriculture,Coal,82.4,26974,579.3
2014,North America,Agriculture,Oil,111.6,26974,579.3
2014,North America,Agriculture,Natural Gas,123.8,26974,579.3
2014,North America,Agriculture,Renewables,364.5,26974,579.3
2014,North America,Agriculture,Nuclear,22.9,26974,579.3
2015,North America,Energy,Coal,383.7,27567,583.4
2015,North America,Energy,Oil,577.3,27567,583.4
2015,North America,Energy,Natural Gas,640.8,27567,583.4
2015,North America,Energy,Renewables,2034.3,27567,583.4
2015,North America,Energy,Nuclear,115.8,27567,583.4
2015,North America,Industry,Coal,217.8,27567,583.4
2015,North America,Industry,Oil,323.7,27567,583.4
2015,North America,Industry,Natural Gas,344,27567,583.4
2015,North America,Industry,Renewables,1088.5,27567,583.4
2015,North America,Industry,Nuclear,64.2,27567,583.4
2015,North America,Transport,Coal,198,27567,583.4
2015,North America,Transport,Oil,290.4,27567,583.4
2015,North America,Transport,Natural Gas,302.8,27567,583.4
2015,North America,Transport,Renewables,968.1,27567,583.4
2015,North America,Transport,Nuclear,56.3,27567,583.4
2015,North America,Buildings,Coal,92.8,27567,583.4
2015,North America,Buildings,Oil,137.6,27567,583.4
2015,North America,Buildings,Natural Gas,157.5,27567,583.4
2015,North America,Buildings,Renewables,505.2,27567,583.4
2015,North America,Buildings,Nuclear,28.4,27567,583.4
2015,North America,Agriculture,Coal,76.3,27567,583.4
2015,North America,Agriculture,Oil,111.6,27567,583.4
2015,North America,Agriculture,Natural Gas,129.3,27567,583.4
2015,North America,Agriculture,Renewables,377,27567,583.4
2015,North America,Agriculture,Nuclear,24.1,27567,583.4
2016,North America,Energy,Coal,369.7,28174,587.4
2016,North America,Energy,Oil,583.3,28174,587.4
2016,North America,Energy,Natural Gas,647.3,28174,587.4
2016,North America,Energy,Renewables,1951.4,28174,587.4
2016,North America,Energy,Nuclear,119.7,28174,587.4
2016,North America,Industry,Coal,196.9,28174,587.4
2016,North America,Industry,Oil,312.7,28174,587.4
2016,North America,Industry,Natural Gas,357.2,28174,587.4
2016,North America,Industry,Renewables,1068.4,28174,587.4
2016,North America,Industry,Nuclear,63.3,28174,587.4
2016,North America,Transport,Coal,174,28174,587.4
2016,North America,Transport,Oil,283.6,28174,587.4
2016,North America,Transport,Natural Gas,320.8,28174,587.4
2016,North America,Transport,Renewables,998.4,28174,587.4
2016,North America,Transport,Nuclear,60.2,28174,587.4
2016,North America,Buildings,Coal,89.5,28174,587.4
2016,North America,Buildings,Oil,144,28174,587.4
2016,North America,Buildings,Natural Gas,154.9,28174,587.4
2016,North America,Buildings,Renewables,499.4,28174,587.4
2016,North America,Buildings,Nuclear,29.4,28174,587.4
2016,North America,Agriculture,Coal,74.6,28174,587.4
2016,North America,Agriculture,Oil,114.5,28174,587.4
2016,North America,Agriculture,Natural Gas,127.6,28174,587.4
2016,North America,Agriculture,Renewables,418.6,28174,587.4
2016,North America,Agriculture,Nuclear,24,28174,587.4
2017,North America,Energy,Coal,351.2,28793,591.6
2017,North America,Energy,Oil,572.6,28793,591.6
2017,North America,Energy,Natural Gas,655.3,28793,591.6
2017,North America,Energy,Renewables,2118,28793,591.6
2017,North America,Energy,Nuclear,123.3,28793,591.6
2017,North America,Industry,Coal,182.3,28793,591.6
2017,North America,Industry,Oil,318.1,28793,591.6
2017,North America,Industry,Natural Gas,337.3,28793,591.6
2017,North America,Industry,Renewables,1156.6,28793,591.6
2017,North America,Industry,Nuclear,64.5,28793,591.6
2017,North America,Transport,Coal,171.4,28793,591.6
2017,North America,Transport,Oil,272,28793,591.6
2017,North America,Transport,Natural Gas,306.5,28793,591.6
2017,North America,Transport,Renewables,1082.5,28793,591.6
2017,North America,Transport,Nuclear,60.1,28793,591.6
2017,North America,Buildings,Coal,88.6,28793,591.6
2017,North America,Buildings,Oil,140.1,28793,591.6
2017,North America,Buildings,Natural Gas,152.6,28793,591.6
2017,North America,Buildings,Renewables,507.3,28793,591.6
2017,North America,Buildings,Nuclear,29.8,28793,591.6
2017,North America,Agriculture,Coal,66.2,28793,591.6
2017,North America,Agriculture,Oil,112.9,28793,591.6
2017,North America,Agriculture,Natural Gas,121.9,28793,591.6
2017,North America,Agriculture,Renewables,414.2,28793,591.6
2017,North America,Agriculture,Nuclear,23.9,28793,591.6
2018,North America,Energy,Coal,333.6,29427,595.7
2018,North America,Energy,Oil,536,29427,595.7
2018,North America,Energy,Natural Gas,628.5,29427,595.7
2018,North America,Energy,Renewables,2194.1,29427,595.7
2018,North America,Energy,Nuclear,121.9,29427,595.7
2018,North America,Industry,Coal,173.8,29427,595.7
2018,North America,Industry,Oil,292.2,29427,595.7
2018,North America,Industry,Natural Gas,337.8,29427,595.7
2018,North America,Industry,Renewables,1150,29427,595.7
2018,North America,Industry,Nuclear,66.7,29427,595.7
2018,North America,Transport,Coal,166.5,29427,595.7
2018,North America,Transport,Oil,272.8,29427,595.7
2018,North America,Transport,Natural Gas,315.8,29427,595.7
2018,North America,Transport,Renewables,1051.5,29427,595.7
2018,North America,Transport,Nuclear,58.1,29427,595.7
2018,North America,Buildings,Coal,80.5,29427,595.7
2018,North America,Buildings,Oil,139.1,29427,595.7
2018,North America,Buildings,Natural Gas,157.3,29427,595.7
2018,North America,Buildings,Renewables,527.7,29427,595.7
2018,North America,Buildings,Nuclear,29.5,29427,595.7
2018,North America,Agriculture,Coal,64,29427,595.7
2018,North America,Agriculture,Oil,110.6,29427,595.7
2018,North America,Agriculture,Natural Gas,130.3,29427,595.7
2018,North America,Agriculture,Renewables,416.8,29427,595.7
2018,North America,Agriculture,Nuclear,23.5,29427,595.7
2019,North America,Energy,Coal,316.5,30074,599.9
2019,North America,Energy,Oil,540.6,30074,599.9
2019,North America,Energy,Natural Gas,624.1,30074,599.9
2019,North America,Energy,Renewables,2278,30074,599.9
2019,North America,Energy,Nuclear,126.7,30074,599.9
2019,North America,Industry,Coal,166.9,30074,599.9
2019,North America,Industry,Oil,307.9,30074,599.9
2019,North America,Industry,Natural Gas,359.9,30074,599.9
2019,North America,Industry,Renewables,1254.3,30074,599.9
2019,North America,Industry,Nuclear,67.6,30074,599.9
2019,North America,Transport,Coal,157.1,30074,599.9
2019,North America,Transport,Oil,277.9,30074,599.9
2019,North America,Transport,Natural Gas,316.9,30074,599.9
2019,North America,Transport,Renewables,1071.6,30074,599.9
2019,North America,Transport,Nuclear,62.7,30074,599.9
2019,North America,Buildings,Coal,76.9,30074,599.9
2019,North America,Buildings,Oil,138.3,30074,599.9
2019,North America,Buildings,Natural Gas,160.2,30074,599.9
2019,North America,Buildings,Renewables,553.2,30074,599.9
2019,North America,Buildings,Nuclear,31.5,30074,599.9
2019,North America,Agriculture,Coal,63,30074,599.9
2019,North America,Agriculture,Oil,108,30074,599.9
2019,North America,Agriculture,Natural Gas,130.1,30074,599.9
2019,North America,Agriculture,Renewables,440.9,30074,599.9
2019,North America,Agriculture,Nuclear,24.5,30074,599.9
2020,North America,Energy,Coal,265,28892,604.1
2020,North America,Energy,Oil,504.9,28892,604.1
2020,North America,Energy,Natural Gas,589.7,28892,604.1
2020,North America,Energy,Renewables,2115.3,28892,604.1
2020,North America,Energy,Nuclear,120.3,28892,604.1
2020,North America,Industry,Coal,155.2,28892,604.1
2020,North America,Industry,Oil,273.6,28892,604.1
2020,North America,Industry,Natural Gas,337,28892,604.1
2020,North America,Industry,Renewables,1176.3,28892,604.1
2020,North America,Industry,Nuclear,61.7,28892,604.1
2020,North America,Transport,Coal,133.2,28892,604.1
2020,North America,Transport,Oil,246.4,28892,604.1
2020,North America,Transport,Natural Gas,306.4,28892,604.1
2020,North America,Transport,Renewables,1044.2,28892,604.1
2020,North America,Transport,Nuclear,59.1,28892,604.1
2020,North America,Buildings,Coal,68.1,28892,604.1
2020,North America,Buildings,Oil,125.9,28892,604.1
2020,North America,Buildings,Natural Gas,146,28892,604.1
2020,North America,Buildings,Renewables,542.4,28892,604.1
2020,North America,Buildings,Nuclear,28,28892,604.1
2020,North America,Agriculture,Coal,54,28892,604.1
2020,North America,Agriculture,Oil,99.3,28892,604.1
2020,North America,Agriculture,Natural Gas,119.5,28892,604.1
2020,North America,Agriculture,Renewables,422.3,28892,604.1
2020,North America,Agriculture,Nuclear,23.5,28892,604.1
2021,North America,Energy,Coal,271.9,31412,608.3
2021,North America,Energy,Oil,539.7,31412,608.3
2021,North America,Energy,Natural Gas,657.7,31412,608.3
2021,North America,Energy,Renewables,2281.8,31412,608.3
2021,North America,Energy,Nuclear,120.1,31412,608.3
2021,North America,Industry,Coal,150.5,31412,608.3
2021,North America,Industry,Oil,296.4,31412,608.3
2021,North America,Industry,Natural Gas,350.8,31412,608.3
2021,North America,Industry,Renewables,1301.5,31412,608.3
2021,North America,Industry,Nuclear,66.9,31412,608.3
2021,North America,Transport,Coal,135.1,31412,608.3
2021,North America,Transport,Oil,265.4,31412,608.3
2021,North America,Transport,Natural Gas,315.2,31412,608.3
2021,North America,Transport,Renewables,1143.8,31412,608.3
2021,North America,Transport,Nuclear,60.1,31412,608.3
2021,North America,Buildings,Coal,66.9,31412,608.3
2021,North America,Buildings,Oil,135.3,31412,608.3
2021,North America,Buildings,Natural Gas,160.8,31412,608.3
2021,North America,Buildings,Renewables,594,31412,608.3
2021,North America,Buildings,Nuclear,31,31412,608.3
2021,North America,Agriculture,Coal,51.9,31412,608.3
2021,North America,Agriculture,Oil,105.1,31412,608.3
2021,North America,Agriculture,Natural Gas,127.6,31412,608.3
2021,North America,Agriculture,Renewables,465.3,31412,608.3
2021,North America,Agriculture,Nuclear,25,31412,608.3
2022,North America,Energy,Coal,250.3,32103,612.5
2022,North America,Energy,Oil,504.9,32103,612.5
2022,North America,Energy,Natural Gas,670.7,32103,612.5
2022,North America,Energy,Renewables,2366.9,32103,612.5
2022,North America,Energy,Nuclear,131,32103,612.5
2022,North America,Industry,Coal,140.8,32103,612.5
2022,North America,Industry,Oil,281,32103,612.5
2022,North America,Industry,Natural Gas,347.1,32103,612.5
2022,North America,Industry,Renewables,1342.8,32103,612.5
2022,North America,Industry,Nuclear,67.8,32103,612.5
2022,North America,Transport,Coal,125.2,32103,612.5
2022,North America,Transport,Oil,260.7,32103,612.5
2022,North America,Transport,Natural Gas,311.8,32103,612.5
2022,North America,Transport,Renewables,1165,32103,612.5
2022,North America,Transport,Nuclear,60.9,32103,612.5
2022,North America,Buildings,Coal,61.2,32103,612.5
2022,North America,Buildings,Oil,127.7,32103,612.5
2022,North America,Buildings,Natural Gas,155.7,32103,612.5
2022,North America,Buildings,Renewables,620.8,32103,612.5
2022,North America,Buildings,Nuclear,32.9,32103,612.5
2022,North America,Agriculture,Coal,51.9,32103,612.5
2022,North America,Agriculture,Oil,106.2,32103,612.5
2022,North America,Agriculture,Natural Gas,126.5,32103,612.5
2022,North America,Agriculture,Renewables,477.4,32103,612.5
2022,North America,Agriculture,Nuclear,24.5,32103,612.5
2023,North America,Energy,Coal,235.4,32809,616.8
2023,North America,Energy,Oil,497.8,32809,616.8
2023,North America,Energy,Natural Gas,634.4,32809,616.8
2023,North America,Energy,Renewables,2547.8,32809,616.8
2023,North America,Energy,Nuclear,123.6,32809,616.8
2023,North America,Industry,Coal,128,32809,616.8
2023,North America,Industry,Oil,288.7,32809,616.8
2023,North America,Industry,Natural Gas,370.3,32809,616.8
2023,North America,Industry,Renewables,1355.3,32809,616.8
2023,North America,Industry,Nuclear,72.2,32809,616.8
2023,North America,Transport,Coal,121.1,32809,616.8
2023,North America,Transport,Oil,264.7,32809,616.8
2023,North America,Transport,Natural Gas,331.3,32809,616.8
2023,North America,Transport,Renewables,1265.7,32809,616.8
2023,North America,Transport,Nuclear,63.7,32809,616.8
2023,North America,Buildings,Coal,60,32809,616.8
2023,North America,Buildings,Oil,133.4,32809,616.8
2023,North America,Buildings,Natural Gas,166,32809,616.8
2023,North America,Buildings,Renewables,607.8,32809,616.8
2023,North America,Buildings,Nuclear,31.3,32809,616.8
2023,North America,Agriculture,Coal,48.8,32809,616.8
2023,North America,Agriculture,Oil,107.3,32809,616.8
2023,North America,Agriculture,Natural Gas,128.6,32809,616.8
2023,North America,Agriculture,Renewables,500.3,32809,616.8
2023,North America,Agriculture,Nuclear,25.9,32809,616.8
2024,North America,Energy,Coal,223,33531,621.2
2024,North America,Energy,Oil,512.2,33531,621.2
2024,North America,Energy,Natural Gas,644.1,33531,621.2
2024,North America,Energy,Renewables,2507.3,33531,621.2
2024,North America,Energy,Nuclear,125,33531,621.2
2024,North America,Industry,Coal,124,33531,621.2
2024,North America,Industry,Oil,283.6,33531,621.2
2024,North America,Industry,Natural Gas,365.5,33531,621.2
2024,North America,Industry,Renewables,1396.9,33531,621.2
2024,North America,Industry,Nuclear,72.8,33531,621.2
2024,North America,Transport,Coal,112.5,33531,621.2
2024,North America,Transport,Oil,260.2,33531,621.2
2024,North America,Transport,Natural Gas,336.6,33531,621.2
2024,North America,Transport,Renewables,1270.6,33531,621.2
2024,North America,Transport,Nuclear,62.8,33531,621.2
2024,North America,Buildings,Coal,56.3,33531,621.2
2024,North America,Buildings,Oil,127.9,33531,621.2
2024,North America,Buildings,Natural Gas,161.8,33531,621.2
2024,North America,Buildings,Renewables,651.4,33531,621.2
2024,North America,Buildings,Nuclear,32.8,33531,621.2
2024,North America,Agriculture,Coal,42.1,33531,621.2
2024,North America,Agriculture,Oil,102.1,33531,621.2
2024,North America,Agriculture,Natural Gas,127.9,33531,621.2
2024,North America,Agriculture,Renewables,519.7,33531,621.2
2024,North America,Agriculture,Nuclear,25.2,33531,621.2
1990,Europe,Energy,Coal,692.1,18000,750
1990,Europe,Energy,Oil,565.2,18000,750
1990,Europe,Energy,Natural Gas,383.5,18000,750
1990,Europe,Energy,Renewables,89.4,18000,750
1990,Europe,Energy,Nuclear,52.5,18000,750
1990,Europe,Industry,Coal,380.4,18000,750
1990,Europe,Industry,Oil,314.5,18000,750
1990,Europe,Industry,Natural Gas,225.4,18000,750
1990,Europe,Industry,Renewables,47.9,18000,750
1990,Europe,Industry,Nuclear,29.1,18000,750
1990,Europe,Transport,Coal,333.9,18000,750
1990,Europe,Transport,Oil,291.7,18000,750
1990,Europe,Transport,Natural Gas,190.6,18000,750
1990,Europe,Transport,Renewables,46.3,18000,750
1990,Europe,Transport,Nuclear,26.5,18000,750
1990,Europe,Buildings,Coal,171.7,18000,750
1990,Europe,Buildings,Oil,147.2,18000,750
1990,Europe,Buildings,Natural Gas,100.1,18000,750
1990,Europe,Buildings,Renewables,22.9,18000,750
1990,Europe,Buildings,Nuclear,13.3,18000,750
1990,Europe,Agriculture,Coal,131.4,18000,750
1990,Europe,Agriculture,Oil,112.2,18000,750
1990,Europe,Agriculture,Natural Gas,80.2,18000,750
1990,Europe,Agriculture,Renewables,17.6,18000,750
1990,Europe,Agriculture,Nuclear,10.4,18000,750
1991,Europe,Energy,Coal,654.1,18324,750.7
1991,Europe,Energy,Oil,562,18324,750.7
1991,Europe,Energy,Natural Gas,390.9,18324,750.7
1991,Europe,Energy,Renewables,152.1,18324,750.7
1991,Europe,Energy,Nuclear,53.3,18324,750.7
1991,Europe,Industry,Coal,365,18324,750.7
1991,Europe,Industry,Oil,307.6,18324,750.7
1991,Europe,Industry,Natural Gas,209.8,18324,750.7
1991,Europe,Industry,Renewables,83,18324,750.7
1991,Europe,Industry,Nuclear,29.3,18324,750.7
1991,Europe,Transport,Coal,339.3,18324,750.7
1991,Europe,Transport,Oil,288.7,18324,750.7
1991,Europe,Transport,Natural Gas,189.9,18324,750.7
1991,Europe,Transport,Renewables,73.7,18324,750.7
1991,Europe,Transport,Nuclear,27.4,18324,750.7
1991,Europe,Buildings,Coal,158,18324,750.7
1991,Europe,Buildings,Oil,143.3,18324,750.7
1991,Europe,Buildings,Natural Gas,102,18324,750.7
1991,Europe,Buildings,Renewables,38.9,18324,750.7
1991,Europe,Buildings,Nuclear,13.4,18324,750.7
1991,Europe,Agriculture,Coal,134,18324,750.7
1991,Europe,Agriculture,Oil,110.9,18324,750.7
1991,Europe,Agriculture,Natural Gas,77.6,18324,750.7
1991,Europe,Agriculture,Renewables,30.4,18324,750.7
1991,Europe,Agriculture,Nuclear,11.4,18324,750.7
1992,Europe,Energy,Coal,652.4,18654,751.5
1992,Europe,Energy,Oil,545.5,18654,751.5
1992,Europe,Energy,Natural Gas,400.5,18654,751.5
1992,Europe,Energy,Renewables,203,18654,751.5
1992,Europe,Energy,Nuclear,55.1,18654,751.5
1992,Europe,Industry,Coal,347.2,18654,751.5
1992,Europe,Industry,Oil,290.1,18654,751.5
1992,Europe,Industry,Natural Gas,222.4,18654,751.5
1992,Europe,Industry,Renewables,118.4,18654,751.5
1992,Europe,Industry,Nuclear,29.4,18654,751.5
1992,Europe,Transport,Coal,324.2,18654,751.5
1992,Europe,Transport,Oil,271.6,18654,751.5
1992,Europe,Transport,Natural Gas,201.5,18654,751.5
1992,Europe,Transport,Renewables,100,18654,751.5
1992,Europe,Transport,Nuclear,26.9,18654,751.5
1992,Europe,Buildings,Coal,154.3,18654,751.5
1992,Europe,Buildings,Oil,138.6,18654,751.5
1992,Europe,Buildings,Natural Gas,99.9,18654,751.5
1992,Europe,Buildings,Renewables,52.6,18654,751.5
1992,Europe,Buildings,Nuclear,14.4,18654,751.5
1992,Europe,Agriculture,Coal,123.9,18654,751.5
1992,Europe,Agriculture,Oil,111.1,18654,751.5
1992,Europe,Agriculture,Natural Gas,81.2,18654,751.5
1992,Europe,Agriculture,Renewables,43.2,18654,751.5
1992,Europe,Agriculture,Nuclear,10.9,18654,751.5
1993,Europe,Energy,Coal,614,18990,752.3
1993,Europe,Energy,Oil,522.4,18990,752.3
1993,Europe,Energy,Natural Gas,396.3,18990,752.3
1993,Europe,Energy,Renewables,267.1,18990,752.3
1993,Europe,Energy,Nuclear,56,18990,752.3
1993,Europe,Industry,Coal,336.2,18990,752.3
1993,Europe,Industry,Oil,294.4,18990,752.3
1993,Europe,Industry,Natural Gas,209.5,18990,752.3
1993,Europe,Industry,Renewables,150.7,18990,752.3
1993,Europe,Industry,Nuclear,30.8,18990,752.3
1993,Europe,Transport,Coal,310.1,18990,752.3
1993,Europe,Transport,Oil,260.6,18990,752.3
1993,Europe,Transport,Natural Gas,193.2,18990,752.3
1993,Europe,Transport,Renewables,132.5,18990,752.3
1993,Europe,Transport,Nuclear,28.9,18990,752.3
1993,Europe,Buildings,Coal,148.4,18990,752.3
1993,Europe,Buildings,Oil,129.4,18990,752.3
1993,Europe,Buildings,Natural Gas,95,18990,752.3
1993,Europe,Buildings,Renewables,66.5,18990,752.3
1993,Europe,Buildings,Nuclear,13.6,18990,752.3
1993,Europe,Agriculture,Coal,124.3,18990,752.3
1993,Europe,Agriculture,Oil,106.6,18990,752.3
1993,Europe,Agriculture,Natural Gas,75.6,18990,752.3
1993,Europe,Agriculture,Renewables,53.4,18990,752.3
1993,Europe,Agriculture,Nuclear,11,18990,752.3
1994,Europe,Energy,Coal,566,19331,753
1994,Europe,Energy,Oil,517.3,19331,753
1994,Europe,Energy,Natural Gas,402,19331,753
1994,Europe,Energy,Renewables,309,19331,753
1994,Europe,Energy,Nuclear,57.7,19331,753
1994,Europe,Industry,Coal,317.9,19331,753
1994,Europe,Industry,Oil,292.5,19331,753
1994,Europe,Industry,Natural Gas,220.3,19331,753
1994,Europe,Industry,Renewables,171.7,19331,753
1994,Europe,Industry,Nuclear,30.6,19331,753
1994,Europe,Transport,Coal,285,19331,753
1994,Europe,Transport,Oil,258.2,19331,753
1994,Europe,Transport,Natural Gas,186.8,19331,753
1994,Europe,Transport,Renewables,157.6,19331,753
1994,Europe,Transport,Nuclear,29.3,19331,753
1994,Europe,Buildings,Coal,148.9,19331,753
1994,Europe,Buildings,Oil,128,19331,753
1994,Europe,Buildings,Natural Gas,93.7,19331,753
1994,Europe,Buildings,Renewables,78.8,19331,753
1994,Europe,Buildings,Nuclear,14,19331,753
1994,Europe,Agriculture,Coal,120.9,19331,753
1994,Europe,Agriculture,Oil,101.9,19331,753
1994,Europe,Agriculture,Natural Gas,76.8,19331,753
1994,Europe,Agriculture,Renewables,62.6,19331,753
1994,Europe,Agriculture,Nuclear,11.7,19331,753
1995,Europe,Energy,Coal,577.2,19679,753.8
1995,Europe,Energy,Oil,529.5,19679,753.8
1995,Europe,Energy,Natural Gas,385.1,19679,753.8
1995,Europe,Energy,Renewables,380.8,19679,753.8
1995,Europe,Energy,Nuclear,59.6,19679,753.8
1995,Europe,Industry,Coal,299.4,19679,753.8
1995,Europe,Industry,Oil,276,19679,753.8
1995,Europe,Industry,Natural Gas,218,19679,753.8
1995,Europe,Industry,Renewables,196.4,19679,753.8
1995,Europe,Industry,Nuclear,32.2,19679,753.8
1995,Europe,Transport,Coal,279,19679,753.8
1995,Europe,Transport,Oil,247.6,19679,753.8
1995,Europe,Transport,Natural Gas,190.6,19679,753.8
1995,Europe,Transport,Renewables,190.6,19679,753.8
1995,Europe,Transport,Nuclear,29.9,19679,753.8
1995,Europe,Buildings,Coal,144.2,19679,753.8
1995,Europe,Buildings,Oil,131.5,19679,753.8
1995,Europe,Buildings,Natural Gas,98.7,19679,753.8
1995,Europe,Buildings,Renewables,91.9,19679,753.8
1995,Europe,Buildings,Nuclear,14.6,19679,753.8
1995,Europe,Agriculture,Coal,116.1,19679,753.8
1995,Europe,Agriculture,Oil,102.8,19679,753.8
1995,Europe,Agriculture,Natural Gas,75.5,19679,753.8
1995,Europe,Agriculture,Renewables,71.8,19679,753.8
1995,Europe,Agriculture,Nuclear,11.9,19679,753.8
1996,Europe,Energy,Coal,519.5,20034,754.5
1996,Europe,Energy,Oil,513.9,20034,754.5
1996,Europe,Energy,Natural Gas,396.1,20034,754.5
1996,Europe,Energy,Renewables,416.4,20034,754.5
1996,Europe,Energy,Nuclear,60.3,20034,754.5
1996,Europe,Industry,Coal,298.4,20034,754.5
1996,Europe,Industry,Oil,266.5,20034,754.5
1996,Europe,Industry,Natural Gas,203.1,20034,754.5
1996,Europe,Industry,Renewables,238,20034,754.5
1996,Europe,Industry,Nuclear,32.7,20034,754.5
1996,Europe,Transport,Coal,265,20034,754.5
1996,Europe,Transport,Oil,254.4,20034,754.5
1996,Europe,Transport,Natural Gas,191.4,20034,754.5
1996,Europe,Transport,Renewables,214.7,20034,754.5
1996,Europe,Transport,Nuclear,28.7,20034,754.5
1996,Europe,Buildings,Coal,131.6,20034,754.5
1996,Europe,Buildings,Oil,123,20034,754.5
1996,Europe,Buildings,Natural Gas,97.7,20034,754.5
1996,Europe,Buildings,Renewables,102.3,20034,754.5
1996,Europe,Buildings,Nuclear,14.3,20034,754.5
1996,Europe,Agriculture,Coal,104,20034,754.5
1996,Europe,Agriculture,Oil,103.3,20034,754.5
1996,Europe,Agriculture,Natural Gas,74.5,20034,754.5
1996,Europe,Agriculture,Renewables,82.2,20034,754.5
1996,Europe,Agriculture,Nuclear,11.2,20034,754.5
1997,Europe,Energy,Coal,526.1,20394,755.3
1997,Europe,Energy,Oil,472.2,20394,755.3
1997,Europe,Energy,Natural Gas,370.2,20394,755.3
1997,Europe,Energy,Renewables,459.6,20394,755.3
1997,Europe,Energy,Nuclear,61,20394,755.3
1997,Europe,Industry,Coal,289.4,20394,755.3
1997,Europe,Industry,Oil,274.3,20394,755.3
1997,Europe,Industry,Natural Gas,207.4,20394,755.3
1997,Europe,Industry,Renewables,265,20394,755.3
1997,Europe,Industry,Nuclear,32.6,20394,755.3
1997,Europe,Transport,Coal,260.2,20394,755.3
1997,Europe,Transport,Oil,234.1,20394,755.3
1997,Europe,Transport,Natural Gas,198,20394,755.3
1997,Europe,Transport,Renewables,235.3,20394,755.3
1997,Europe,Transport,Nuclear,29.7,20394,755.3
1997,Europe,Buildings,Coal,131.6,20394,755.3
1997,Europe,Buildings,Oil,120.2,20394,755.3
1997,Europe,Buildings,Natural Gas,96.8,20394,755.3
1997,Europe,Buildings,Renewables,114.2,20394,755.3
1997,Europe,Buildings,Nuclear,14.4,20394,755.3
1997,Europe,Agriculture,Coal,103.1,20394,755.3
1997,Europe,Agriculture,Oil,96.5,20394,755.3
1997,Europe,Agriculture,Natural Gas,76.4,20394,755.3
1997,Europe,Agriculture,Renewables,91.3,20394,755.3
1997,Europe,Agriculture,Nuclear,12,20394,755.3
1998,Europe,Energy,Coal,500.1,20761,756
1998,Europe,Energy,Oil,487.7,20761,756
1998,Europe,Energy,Natural Gas,377.9,20761,756
1998,Europe,Energy,Renewables,530.2,20761,756
1998,Europe,Energy,Nuclear,58.6,20761,756
1998,Europe,Industry,Coal,277.6,20761,756
1998,Europe,Industry,Oil,260.4,20761,756
1998,Europe,Industry,Natural Gas,200.7,20761,756
1998,Europe,Industry,Renewables,281.8,20761,756
1998,Europe,Industry,Nuclear,32.5,20761,756
1998,Europe,Transport,Coal,243.4,20761,756
1998,Europe,Transport,Oil,237.1,20761,756
1998,Europe,Transport,Natural Gas,191.1,20761,756
1998,Europe,Transport,Renewables,264.5,20761,756
1998,Europe,Transport,Nuclear,29.9,20761,756
1998,Europe,Buildings,Coal,120.4,20761,756
1998,Europe,Buildings,Oil,114.4,20761,756
1998,Europe,Buildings,Natural Gas,93.4,20761,756
1998,Europe,Buildings,Renewables,123.5,20761,756
1998,Europe,Buildings,Nuclear,14.4,20761,756
1998,Europe,Agriculture,Coal,101.6,20761,756
1998,Europe,Agriculture,Oil,95.3,20761,756
1998,Europe,Agriculture,Natural Gas,75.5,20761,756
1998,Europe,Agriculture,Renewables,102.5,20761,756
1998,Europe,Agriculture,Nuclear,11.9,20761,756
1999,Europe,Energy,Coal,466.2,21135,756.8
1999,Europe,Energy,Oil,473.8,21135,756.8
1999,Europe,Energy,Natural Gas,388.9,21135,756.8
1999,Europe,Energy,Renewables,561.3,21135,756.8
1999,Europe,Energy,Nuclear,60,21135,756.8
1999,Europe,Industry,Coal,266.3,21135,756.8
1999,Europe,Industry,Oil,249.3,21135,756.8
1999,Europe,Industry,Natural Gas,201.9,21135,756.8
1999,Europe,Industry,Renewables,295.9,21135,756.8
1999,Europe,Industry,Nuclear,33.7,21135,756.8
1999,Europe,Transport,Coal,238.4,21135,756.8
1999,Europe,Transport,Oil,226.1,21135,756.8
1999,Europe,Transport,Natural Gas,186.7,21135,756.8
1999,Europe,Transport,Renewables,268.3,21135,756.8
1999,Europe,Transport,Nuclear,29.8,21135,756.8
1999,Europe,Buildings,Coal,117.3,21135,756.8
1999,Europe,Buildings,Oil,118.5,21135,756.8
1999,Europe,Buildings,Natural Gas,94.4,21135,756.8
1999,Europe,Buildings,Renewables,136.7,21135,756.8
1999,Europe,Buildings,Nuclear,15.2,21135,756.8
1999,Europe,Agriculture,Coal,94.5,21135,756.8
1999,Europe,Agriculture,Oil,90,21135,756.8
1999,Europe,Agriculture,Natural Gas,77,21135,756.8
1999,Europe,Agriculture,Renewables,108.6,21135,756.8
1999,Europe,Agriculture,Nuclear,12.4,21135,756.8
2000,Europe,Energy,Coal,439.5,21515,757.5
2000,Europe,Energy,Oil,442.7,21515,757.5
2000,Europe,Energy,Natural Gas,381.3,21515,757.5
2000,Europe,Energy,Renewables,589.3,21515,757.5
2000,Europe,Energy,Nuclear,58,21515,757.5
2000,Europe,Industry,Coal,239.2,21515,757.5
2000,Europe,Industry,Oil,238.7,21515,757.5
2000,Europe,Industry,Natural Gas,205.4,21515,757.5
2000,Europe,Industry,Renewables,318.1,21515,757.5
2000,Europe,Industry,Nuclear,33.3,21515,757.5
2000,Europe,Transport,Coal,221.2,21515,757.5
2000,Europe,Transport,Oil,228.3,21515,757.5
2000,Europe,Transport,Natural Gas,181,21515,757.5
2000,Europe,Transport,Renewables,292.5,21515,757.5
2000,Europe,Transport,Nuclear,29.9,21515,757.5
2000,Europe,Buildings,Coal,113,21515,757.5
2000,Europe,Buildings,Oil,113.4,21515,757.5
2000,Europe,Buildings,Natural Gas,92.8,21515,757.5
2000,Europe,Buildings,Renewables,147.2,21515,757.5
2000,Europe,Buildings,Nuclear,15.3,21515,757.5
2000,Europe,Agriculture,Coal,93.4,21515,757.5
2000,Europe,Agriculture,Oil,89,21515,757.5
2000,Europe,Agriculture,Natural Gas,74.3,21515,757.5
2000,Europe,Agriculture,Renewables,122.3,21515,757.5
2000,Europe,Agriculture,Nuclear,11.9,21515,757.5
2001,Europe,Energy,Coal,428.7,21903,758.3
2001,Europe,Energy,Oil,426.4,21903,758.3
2001,Europe,Energy,Natural Gas,380.7,21903,758.3
2001,Europe,Energy,Renewables,666.7,21903,758.3
2001,Europe,Energy,Nuclear,60.5,21903,758.3
2001,Europe,Industry,Coal,235.2,21903,758.3
2001,Europe,Industry,Oil,244.6,21903,758.3
2001,Europe,Industry,Natural Gas,211,21903,758.3
2001,Europe,Industry,Renewables,340.5,21903,758.3
2001,Europe,Industry,Nuclear,32.2,21903,758.3
2001,Europe,Transport,Coal,211.4,21903,758.3
2001,Europe,Transport,Oil,226.9,21903,758.3
2001,Europe,Transport,Natural Gas,179.8,21903,758.3
2001,Europe,Transport,Renewables,310.1,21903,758.3
2001,Europe,Transport,Nuclear,30.7,21903,758.3
2001,Europe,Buildings,Coal,111.9,21903,758.3
2001,Europe,Buildings,Oil,113.6,21903,758.3
2001,Europe,Buildings,Natural Gas,90.2,21903,758.3
2001,Europe,Buildings,Renewables,161.3,21903,758.3
2001,Europe,Buildings,Nuclear,15.4,21903,758.3
2001,Europe,Agriculture,Coal,85,21903,758.3
2001,Europe,Agriculture,Oil,86.5,21903,758.3
2001,Europe,Agriculture,Natural Gas,72.1,21903,758.3
2001,Europe,Agriculture,Renewables,131.6,21903,758.3
2001,Europe,Agriculture,Nuclear,12.4,21903,758.3
2002,Europe,Energy,Coal,405.3,22297,759
2002,Europe,Energy,Oil,437.1,22297,759
2002,Europe,Energy,Natural Gas,374.1,22297,759
2002,Europe,Energy,Renewables,674.9,22297,759
2002,Europe,Energy,Nuclear,59.3,22297,759
2002,Europe,Industry,Coal,223.8,22297,759
2002,Europe,Industry,Oil,237,22297,759
2002,Europe,Industry,Natural Gas,204.3,22297,759
2002,Europe,Industry,Renewables,370.1,22297,759
2002,Europe,Industry,Nuclear,33.1,22297,759
2002,Europe,Transport,Coal,212.1,22297,759
2002,Europe,Transport,Oil,221.7,22297,759
2002,Europe,Transport,Natural Gas,180.2,22297,759
2002,Europe,Transport,Renewables,329.2,22297,759
2002,Europe,Transport,Nuclear,30.8,22297,759
2002,Europe,Buildings,Coal,102.5,22297,759
2002,Europe,Buildings,Oil,103.3,22297,759
2002,Europe,Buildings,Natural Gas,96.3,22297,759
2002,Europe,Buildings,Renewables,171.5,22297,759
2002,Europe,Buildings,Nuclear,15.2,22297,759
2002,Europe,Agriculture,Coal,79.4,22297,759
2002,Europe,Agriculture,Oil,88.3,22297,759
2002,Europe,Agriculture,Natural Gas,75.5,22297,759
2002,Europe,Agriculture,Renewables,139.2,22297,759
2002,Europe,Agriculture,Nuclear,11.9,22297,759
2003,Europe,Energy,Coal,395.9,22698,759.8
2003,Europe,Energy,Oil,401.5,22698,759.8
2003,Europe,Energy,Natural Gas,374.3,22698,759.8
2003,Europe,Energy,Renewables,723.5,22698,759.8
2003,Europe,Energy,Nuclear,59.4,22698,759.8
2003,Europe,Industry,Coal,211,22698,759.8
2003,Europe,Industry,Oil,223.1,22698,759.8
2003,Europe,Industry,Natural Gas,207,22698,759.8
2003,Europe,Industry,Renewables,382.5,22698,759.8
2003,Europe,Industry,Nuclear,34.4,22698,759.8
2003,Europe,Transport,Coal,194.8,22698,759.8
2003,Europe,Transport,Oil,216,22698,759.8
2003,Europe,Transport,Natural Gas,186.2,22698,759.8
2003,Europe,Transport,Renewables,347.7,22698,759.8
2003,Europe,Transport,Nuclear,29.9,22698,759.8
2003,Europe,Buildings,Coal,95.7,22698,759.8
2003,Europe,Buildings,Oil,102.6,22698,759.8
2003,Europe,Buildings,Natural Gas,90.2,22698,759.8
2003,Europe,Buildings,Renewables,184.6,22698,759.8
2003,Europe,Buildings,Nuclear,15,22698,759.8
2003,Europe,Agriculture,Coal,76.2,22698,759.8
2003,Europe,Agriculture,Oil,82.9,22698,759.8
2003,Europe,Agriculture,Natural Gas,75.1,22698,759.8
2003,Europe,Agriculture,Renewables,142.1,22698,759.8
2003,Europe,Agriculture,Nuclear,12.2,22698,759.8
2004,Europe,Energy,Coal,372.6,23107,760.6
2004,Europe,Energy,Oil,416,23107,760.6
2004,Europe,Energy,Natural Gas,372.8,23107,760.6
2004,Europe,Energy,Renewables,759.3,23107,760.6
2004,Europe,Energy,Nuclear,60.7,23107,760.6
2004,Europe,Industry,Coal,206,23107,760.6
2004,Europe,Industry,Oil,223.4,23107,760.6
2004,Europe,Industry,Natural Gas,198.7,23107,760.6
2004,Europe,Industry,Renewables,410.2,23107,760.6
2004,Europe,Industry,Nuclear,34.5,23107,760.6
2004,Europe,Transport,Coal,193.9,23107,760.6
2004,Europe,Transport,Oil,197.7,23107,760.6
2004,Europe,Transport,Natural Gas,175.6,23107,760.6
2004,Europe,Transport,Renewables,388.2,23107,760.6
2004,Europe,Transport,Nuclear,30.1,23107,760.6
2004,Europe,Buildings,Coal,95.6,23107,760.6
2004,Europe,Buildings,Oil,105.3,23107,760.6
2004,Europe,Buildings,Natural Gas,93.7,23107,760.6
2004,Europe,Buildings,Renewables,182.3,23107,760.6
2004,Europe,Buildings,Nuclear,15,23107,760.6
2004,Europe,Agriculture,Coal,72.8,23107,760.6
2004,Europe,Agriculture,Oil,82.9,23107,760.6
2004,Europe,Agriculture,Natural Gas,70.9,23107,760.6
2004,Europe,Agriculture,Renewables,149,23107,760.6
2004,Europe,Agriculture,Nuclear,12.1,23107,760.6
2005,Europe,Energy,Coal,363.5,23523,761.3
2005,Europe,Energy,Oil,405.9,23523,761.3
2005,Europe,Energy,Natural Gas,367.4,23523,761.3
2005,Europe,Energy,Renewables,773.6,23523,761.3
2005,Europe,Energy,Nuclear,62.6,23523,761.3
2005,Europe,Industry,Coal,198.5,23523,761.3
2005,Europe,Industry,Oil,213.4,23523,761.3
2005,Europe,Industry,Natural Gas,194.8,23523,761.3
2005,Europe,Industry,Renewables,436.2,23523,761.3
2005,Europe,Industry,Nuclear,34.5,23523,761.3
2005,Europe,Transport,Coal,174,23523,761.3
2005,Europe,Transport,Oil,197,23523,761.3
2005,Europe,Transport,Natural Gas,181.9,23523,761.3
2005,Europe,Transport,Renewables,386.6,23523,761.3
2005,Europe,Transport,Nuclear,30.7,23523,761.3
2005,Europe,Buildings,Coal,87.8,23523,761.3
2005,Europe,Buildings,Oil,100.7,23523,761.3
2005,Europe,Buildings,Natural Gas,89.4,23523,761.3
2005,Europe,Buildings,Renewables,189.7,23523,761.3
2005,Europe,Buildings,Nuclear,16,23523,761.3
2005,Europe,Agriculture,Coal,68.4,23523,761.3
2005,Europe,Agriculture,Oil,82.6,23523,761.3
2005,Europe,Agriculture,Natural Gas,74.6,23523,761.3
2005,Europe,Agriculture,Renewables,161.6,23523,761.3
2005,Europe,Agriculture,Nuclear,12.1,23523,761.3
2006,Europe,Energy,Coal,350.1,23946,762.1
2006,Europe,Energy,Oil,375.4,23946,762.1
2006,Europe,Energy,Natural Gas,353.2,23946,762.1
2006,Europe,Energy,Renewables,804.4,23946,762.1
2006,Europe,Energy,Nuclear,62.9,23946,762.1
2006,Europe,Industry,Coal,187.5,23946,762.1
2006,Europe,Industry,Oil,219.8,23946,762.1
2006,Europe,Industry,Natural Gas,191.1,23946,762.1
2006,Europe,Industry,Renewables,444.8,23946,762.1
2006,Europe,Industry,Nuclear,32.8,23946,762.1
2006,Europe,Transport,Coal,176,23946,762.1
2006,Europe,Transport,Oil,192.7,23946,762.1
2006,Europe,Transport,Natural Gas,181.8,23946,762.1
2006,Europe,Transport,Renewables,397,23946,762.1
2006,Europe,Transport,Nuclear,31.3,23946,762.1
2006,Europe,Buildings,Coal,86.4,23946,762.1
2006,Europe,Buildings,Oil,100.2,23946,762.1
2006,Europe,Buildings,Natural Gas,91.1,23946,762.1
2006,Europe,Buildings,Renewables,206.1,23946,762.1
2006,Europe,Buildings,Nuclear,15.9,23946,762.1
2006,Europe,Agriculture,Coal,69.3,23946,762.1
2006,Europe,Agriculture,Oil,80.3,23946,762.1
2006,Europe,Agriculture,Natural Gas,69.6,23946,762.1
2006,Europe,Agriculture,Renewables,165.3,23946,762.1
2006,Europe,Agriculture,Nuclear,12,23946,762.1
2007,Europe,Energy,Coal,328.3,24377,762.9
2007,Europe,Energy,Oil,374.2,24377,762.9
2007,Europe,Energy,Natural Gas,355.3,24377,762.9
2007,Europe,Energy,Renewables,883.6,24377,762.9
2007,Europe,Energy,Nuclear,64.5,24377,762.9
2007,Europe,Industry,Coal,180.5,24377,762.9
2007,Europe,Industry,Oil,212.7,24377,762.9
2007,Europe,Industry,Natural Gas,198.7,24377,762.9
2007,Europe,Industry,Renewables,457.9,24377,762.9
2007,Europe,Industry,Nuclear,32.9,24377,762.9
2007,Europe,Transport,Coal,157.5,24377,762.9
2007,Europe,Transport,Oil,182,24377,762.9
2007,Europe,Transport,Natural Gas,179.7,24377,762.9
2007,Europe,Transport,Renewables,424.3,24377,762.9
2007,Europe,Transport,Nuclear,31.2,24377,762.9
2007,Europe,Buildings,Coal,83,24377,762.9
2007,Europe,Buildings,Oil,96,24377,762.9
2007,Europe,Buildings,Natural Gas,86.4,24377,762.9
2007,Europe,Buildings,Renewables,209.6,24377,762.9
2007,Europe,Buildings,Nuclear,15.8,24377,762.9
2007,Europe,Agriculture,Coal,63.7,24377,762.9
2007,Europe,Agriculture,Oil,73.8,24377,762.9
2007,Europe,Agriculture,Natural Gas,72.9,24377,762.9
2007,Europe,Agriculture,Renewables,168.6,24377,762.9
2007,Europe,Agriculture,Nuclear,12.3,24377,762.9
2008,Europe,Energy,Coal,315.8,24816,763.6
2008,Europe,Energy,Oil,359.8,24816,763.6
2008,Europe,Energy,Natural Gas,347.9,24816,763.6
2008,Europe,Energy,Renewables,898,24816,763.6
2008,Europe,Energy,Nuclear,62.5,24816,763.6
2008,Europe,Industry,Coal,168.3,24816,763.6
2008,Europe,Industry,Oil,208.2,24816,763.6
2008,Europe,Industry,Natural Gas,202.3,24816,763.6
2008,Europe,Industry,Renewables,480,24816,763.6
2008,Europe,Industry,Nuclear,33.2,24816,763.6
2008,Europe,Transport,Coal,148,24816,763.6
2008,Europe,Transport,Oil,179.4,24816,763.6
2008,Europe,Transport,Natural Gas,175.7,24816,763.6
2008,Europe,Transport,Renewables,427.6,24816,763.6
2008,Europe,Transport,Nuclear,31.2,24816,763.6
2008,Europe,Buildings,Coal,77.2,24816,763.6
2008,Europe,Buildings,Oil,91.5,24816,763.6
2008,Europe,Buildings,Natural Gas,89.2,24816,763.6
2008,Europe,Buildings,Renewables,224.6,24816,763.6
2008,Europe,Buildings,Nuclear,15,24816,763.6
2008,Europe,Agriculture,Coal,59.1,24816,763.6
2008,Europe,Agriculture,Oil,72,24816,763.6
2008,Europe,Agriculture,Natural Gas,70.2,24816,763.6
2008,Europe,Agriculture,Renewables,179.5,24816,763.6
2008,Europe,Agriculture,Nuclear,12.6,24816,763.6
2009,Europe,Energy,Coal,293.5,24252,764.4
2009,Europe,Energy,Oil,364.1,24252,764.4
2009,Europe,Energy,Natural Gas,349.3,24252,764.4
2009,Europe,Energy,Renewables,911,24252,764.4
2009,Europe,Energy,Nuclear,64.1,24252,764.4
2009,Europe,Industry,Coal,156.6,24252,764.4
2009,Europe,Industry,Oil,198.5,24252,764.4
2009,Europe,Industry,Natural Gas,195.3,24252,764.4
2009,Europe,Industry,Renewables,506.7,24252,764.4
2009,Europe,Industry,Nuclear,34.9,24252,764.4
2009,Europe,Transport,Coal,149.1,24252,764.4
2009,Europe,Transport,Oil,180.6,24252,764.4
2009,Europe,Transport,Natural Gas,178.7,24252,764.4
2009,Europe,Transport,Renewables,454.1,24252,764.4
2009,Europe,Transport,Nuclear,31.8,24252,764.4
2009,Europe,Buildings,Coal,73.1,24252,764.4
2009,Europe,Buildings,Oil,91.5,24252,764.4
2009,Europe,Buildings,Natural Gas,90.1,24252,764.4
2009,Europe,Buildings,Renewables,229.5,24252,764.4
2009,Europe,Buildings,Nuclear,15.2,24252,764.4
2009,Europe,Agriculture,Coal,60.2,24252,764.4
2009,Europe,Agriculture,Oil,71.2,24252,764.4
2009,Europe,Agriculture,Natural Gas,68.8,24252,764.4
2009,Europe,Agriculture,Renewables,179.8,24252,764.4
2009,Europe,Agriculture,Nuclear,12.3,24252,764.4
2010,Europe,Energy,Coal,267.1,25717,765.1
2010,Europe,Energy,Oil,360,25717,765.1
2010,Europe,Energy,Natural Gas,339.9,25717,765.1
2010,Europe,Energy,Renewables,947.7,25717,765.1
2010,Europe,Energy,Nuclear,62.2,25717,765.1
2010,Europe,Industry,Coal,152.1,25717,765.1
2010,Europe,Industry,Oil,187.8,25717,765.1
2010,Europe,Industry,Natural Gas,189.1,25717,765.1
2010,Europe,Industry,Renewables,529.9,25717,765.1
2010,Europe,Industry,Nuclear,35.3,25717,765.1
2010,Europe,Transport,Coal,137,25717,765.1
2010,Europe,Transport,Oil,177.1,25717,765.1
2010,Europe,Transport,Natural Gas,180.5,25717,765.1
2010,Europe,Transport,Renewables,457.1,25717,765.1
2010,Europe,Transport,Nuclear,31.6,25717,765.1
2010,Europe,Buildings,Coal,69.2,25717,765.1
2010,Europe,Buildings,Oil,85.5,25717,765.1
2010,Europe,Buildings,Natural Gas,91.1,25717,765.1
2010,Europe,Buildings,Renewables,238.5,25717,765.1
2010,Europe,Buildings,Nuclear,15.4,25717,765.1
2010,Europe,Agriculture,Coal,54.2,25717,765.1
2010,Europe,Agriculture,Oil,68.5,25717,765.1
2010,Europe,Agriculture,Natural Gas,69.1,25717,765.1
2010,Europe,Agriculture,Renewables,189.1,25717,765.1
2010,Europe,Agriculture,Nuclear,12.6,25717,765.1
2011,Europe,Energy,Coal,258.1,26180,765.9
2011,Europe,Energy,Oil,355.1,26180,765.9
2011,Europe,Energy,Natural Gas,349.1,26180,765.9
2011,Europe,Energy,Renewables,989.6,26180,765.9
2011,Europe,Energy,Nuclear,65,26180,765.9
2011,Europe,Industry,Coal,143,26180,765.9
2011,Europe,Industry,Oil,180.5,26180,765.9
2011,Europe,Industry,Natural Gas,195.4,26180,765.9
2011,Europe,Industry,Renewables,548.4,26180,765.9
2011,Europe,Industry,Nuclear,34.7,26180,765.9
2011,Europe,Transport,Coal,130.6,26180,765.9
2011,Europe,Transport,Oil,167.8,26180,765.9
2011,Europe,Transport,Natural Gas,176.8,26180,765.9
2011,Europe,Transport,Renewables,468.9,26180,765.9
2011,Europe,Transport,Nuclear,31.7,26180,765.9
2011,Europe,Buildings,Coal,64,26180,765.9
2011,Europe,Buildings,Oil,82.1,26180,765.9
2011,Europe,Buildings,Natural Gas,87.1,26180,765.9
2011,Europe,Buildings,Renewables,241.9,26180,765.9
2011,Europe,Buildings,Nuclear,15.6,26180,765.9
2011,Europe,Agriculture,Coal,51.9,26180,765.9
2011,Europe,Agriculture,Oil,65.7,26180,765.9
2011,Europe,Agriculture,Natural Gas,71.8,26180,765.9
2011,Europe,Agriculture,Renewables,195.5,26180,765.9
2011,Europe,Agriculture,Nuclear,12.2,26180,765.9
2012,Europe,Energy,Coal,253.3,26652,766.7
2012,Europe,Energy,Oil,320.4,26652,766.7
2012,Europe,Energy,Natural Gas,345.9,26652,766.7
2012,Europe,Energy,Renewables,962.1,26652,766.7
2012,Europe,Energy,Nuclear,64,26652,766.7
2012,Europe,Industry,Coal,139.1,26652,766.7
2012,Europe,Industry,Oil,187.3,26652,766.7
2012,Europe,Industry,Natural Gas,184.6,26652,766.7
2012,Europe,Industry,Renewables,527.6,26652,766.7
2012,Europe,Industry,Nuclear,33.3,26652,766.7
2012,Europe,Transport,Coal,119.9,26652,766.7
2012,Europe,Transport,Oil,162.7,26652,766.7
2012,Europe,Transport,Natural Gas,169,26652,766.7
2012,Europe,Transport,Renewables,486.2,26652,766.7
2012,Europe,Transport,Nuclear,30.4,26652,766.7
2012,Europe,Buildings,Coal,60.8,26652,766.7
2012,Europe,Buildings,Oil,82,26652,766.7
2012,Europe,Buildings,Natural Gas,89.2,26652,766.7
2012,Europe,Buildings,Renewables,241.2,26652,766.7
2012,Europe,Buildings,Nuclear,16.2,26652,766.7
2012,Europe,Agriculture,Coal,48.6,26652,766.7
2012,Europe,Agriculture,Oil,64.9,26652,766.7
2012,Europe,Agriculture,Natural Gas,71.1,26652,766.7
2012,Europe,Agriculture,Renewables,197.2,26652,766.7
2012,Europe,Agriculture,Nuclear,12.9,26652,766.7
2013,Europe,Energy,Coal,230.6,27131,767.4
2013,Europe,Energy,Oil,320.8,27131,767.4
2013,Europe,Energy,Natural Gas,352.5,27131,767.4
2013,Europe,Energy,Renewables,1024,27131,767.4
2013,Europe,Energy,Nuclear,60.7,27131,767.4
2013,Europe,Industry,Coal,131.4,27131,767.4
2013,Europe,Industry,Oil,172.3,27131,767.4
2013,Europe,Industry,Natural Gas,184.8,27131,767.4
2013,Europe,Industry,Renewables,544.5,27131,767.4
2013,Europe,Industry,Nuclear,34,27131,767.4
2013,Europe,Transport,Coal,116.1,27131,767.4
2013,Europe,Transport,Oil,166.6,27131,767.4
2013,Europe,Transport,Natural Gas,165.9,27131,767.4
2013,Europe,Transport,Renewables,518.9,27131,767.4
2013,Europe,Transport,Nuclear,32.3,27131,767.4
2013,Europe,Buildings,Coal,59.8,27131,767.4
2013,Europe,Buildings,Oil,80.7,27131,767.4
2013,Europe,Buildings,Natural Gas,86.7,27131,767.4
2013,Europe,Buildings,Renewables,253.8,27131,767.4
2013,Europe,Buildings,Nuclear,16.1,27131,767.4
2013,Europe,Agriculture,Coal,45.8,27131,767.4
2013,Europe,Agriculture,Oil,66.7,27131,767.4
2013,Europe,Agriculture,Natural Gas,67.3,27131,767.4
2013,Europe,Agriculture,Renewables,196.6,27131,767.4
2013,Europe,Agriculture,Nuclear,12.4,27131,767.4
2014,Europe,Energy,Coal,219.8,27620,768.2
2014,Europe,Energy,Oil,319.8,27620,768.2
2014,Europe,Energy,Natural Gas,344.3,27620,768.2
2014,Europe,Energy,Renewables,1002.1,27620,768.2
2014,Europe,Energy,Nuclear,65,27620,768.2
2014,Europe,Industry,Coal,116.3,27620,768.2
2014,Europe,Industry,Oil,171.1,27620,768.2
2014,Europe,Industry,Natural Gas,179.8,27620,768.2
2014,Europe,Industry,Renewables,566.4,27620,768.2
2014,Europe,Industry,Nuclear,34.9,27620,768.2
2014,Europe,Transport,Coal,110.7,27620,768.2
2014,Europe,Transport,Oil,154.7,27620,768.2
2014,Europe,Transport,Natural Gas,166.3,27620,768.2
2014,Europe,Transport,Renewables,522.5,27620,768.2
2014,Europe,Transport,Nuclear,31.2,27620,768.2
2014,Europe,Buildings,Coal,53.5,27620,768.2
2014,Europe,Buildings,Oil,78.6,27620,768.2
2014,Europe,Buildings,Natural Gas,85.2,27620,768.2
2014,Europe,Buildings,Renewables,269.3,27620,768.2
2014,Europe,Buildings,Nuclear,15.4,27620,768.2
2014,Europe,Agriculture,Coal,44.2,27620,768.2
2014,Europe,Agriculture,Oil,63.3,27620,768.2
2014,Europe,Agriculture,Natural Gas,69,27620,768.2
2014,Europe,Agriculture,Renewables,199.4,27620,768.2
2014,Europe,Agriculture,Nuclear,13.1,27620,768.2
2015,Europe,Energy,Coal,206.1,28117,769
2015,Europe,Energy,Oil,298.2,28117,769
2015,Europe,Energy,Natural Gas,328.4,28117,769
2015,Europe,Energy,Renewables,1045.2,28117,769
2015,Europe,Energy,Nuclear,64.8,28117,769
2015,Europe,Industry,Coal,111.4,28117,769
2015,Europe,Industry,Oil,176.3,28117,769
2015,Europe,Industry,Natural Gas,182,28117,769
2015,Europe,Industry,Renewables,584.8,28117,769
2015,Europe,Industry,Nuclear,34.2,28117,769
2015,Europe,Transport,Coal,99.6,28117,769
2015,Europe,Transport,Oil,150.9,28117,769
2015,Europe,Transport,Natural Gas,172.7,28117,769
2015,Europe,Transport,Renewables,525.7,28117,769
2015,Europe,Transport,Nuclear,32.1,28117,769
2015,Europe,Buildings,Coal,53.3,28117,769
2015,Europe,Buildings,Oil,74.5,28117,769
2015,Europe,Buildings,Natural Gas,85,28117,769
2015,Europe,Buildings,Renewables,260,28117,769
2015,Europe,Buildings,Nuclear,15.3,28117,769
2015,Europe,Agriculture,Coal,40.8,28117,769
2015,Europe,Agriculture,Oil,60.1,28117,769
2015,Europe,Agriculture,Natural Gas,69.8,28117,769
2015,Europe,Agriculture,Renewables,215,28117,769
2015,Europe,Agriculture,Nuclear,13,28117,769
2016,Europe,Energy,Coal,189.9,28623,769.7
2016,Europe,Energy,Oil,305.8,28623,769.7
2016,Europe,Energy,Natural Gas,329.3,28623,769.7
2016,Europe,Energy,Renewables,1073.7,28623,769.7
2016,Europe,Energy,Nuclear,61.2,28623,769.7
2016,Europe,Industry,Coal,110.3,28623,769.7
2016,Europe,Industry,Oil,166.6,28623,769.7
2016,Europe,Industry,Natural Gas,182.4,28623,769.7
2016,Europe,Industry,Renewables,601.8,28623,769.7
2016,Europe,Industry,Nuclear,35.2,28623,769.7
2016,Europe,Transport,Coal,93.8,28623,769.7
2016,Europe,Transport,Oil,144.6,28623,769.7
2016,Europe,Transport,Natural Gas,166.8,28623,769.7
2016,Europe,Transport,Renewables,545.7,28623,769.7
2016,Europe,Transport,Nuclear,31.4,28623,769.7
2016,Europe,Buildings,Coal,48.3,28623,769.7
2016,Europe,Buildings,Oil,77.3,28623,769.7
2016,Europe,Buildings,Natural Gas,84.1,28623,769.7
2016,Europe,Buildings,Renewables,259.7,28623,769.7
2016,Europe,Buildings,Nuclear,15.9,28623,769.7
2016,Europe,Agriculture,Coal,37.3,28623,769.7
2016,Europe,Agriculture,Oil,61.3,28623,769.7
2016,Europe,Agriculture,Natural Gas,65.1,28623,769.7
2016,Europe,Agriculture,Renewables,210.7,28623,769.7
2016,Europe,Agriculture,Nuclear,13.1,28623,769.7
2017,Europe,Energy,Coal,187.7,29138,770.5
2017,Europe,Energy,Oil,298.9,29138,770.5
2017,Europe,Energy,Natural Gas,320.3,29138,770.5
2017,Europe,Energy,Renewables,1117.6,29138,770.5
2017,Europe,Energy,Nuclear,63,29138,770.5
2017,Europe,Industry,Coal,102.4,29138,770.5
2017,Europe,Industry,Oil,159.6,29138,770.5
2017,Europe,Industry,Natural Gas,179.8,29138,770.5
2017,Europe,Industry,Renewables,583.9,29138,770.5
2017,Europe,Industry,Nuclear,35.9,29138,770.5
2017,Europe,Transport,Coal,90.9,29138,770.5
2017,Europe,Transport,Oil,148.1,29138,770.5
2017,Europe,Transport,Natural Gas,166.1,29138,770.5
2017,Europe,Transport,Renewables,557.9,29138,770.5
2017,Europe,Transport,Nuclear,32.3,29138,770.5
2017,Europe,Buildings,Coal,46.2,29138,770.5
2017,Europe,Buildings,Oil,73.7,29138,770.5
2017,Europe,Buildings,Natural Gas,85.7,29138,770.5
2017,Europe,Buildings,Renewables,275.1,29138,770.5
2017,Europe,Buildings,Nuclear,16,29138,770.5
2017,Europe,Agriculture,Coal,35.9,29138,770.5
2017,Europe,Agriculture,Oil,57.2,29138,770.5
2017,Europe,Agriculture,Natural Gas,66.9,29138,770.5
2017,Europe,Agriculture,Renewables,212.7,29138,770.5
2017,Europe,Agriculture,Nuclear,12.5,29138,770.5
2018,Europe,Energy,Coal,173,29663,771.3
2018,Europe,Energy,Oil,274.4,29663,771.3
2018,Europe,Energy,Natural Gas,320.5,29663,771.3
2018,Europe,Energy,Renewables,1074.1,29663,771.3
2018,Europe,Energy,Nuclear,62.8,29663,771.3
2018,Europe,Industry,Coal,96.4,29663,771.3
2018,Europe,Industry,Oil,152.9,29663,771.3
2018,Europe,Industry,Natural Gas,176.8,29663,771.3
2018,Europe,Industry,Renewables,589.3,29663,771.3
2018,Europe,Industry,Nuclear,35.5,29663,771.3
2018,Europe,Transport,Coal,84.7,29663,771.3
2018,Europe,Transport,Oil,138.7,29663,771.3
2018,Europe,Transport,Natural Gas,169.8,29663,771.3
2018,Europe,Transport,Renewables,559.7,29663,771.3
2018,Europe,Transport,Nuclear,31.2,29663,771.3
2018,Europe,Buildings,Coal,43.6,29663,771.3
2018,Europe,Buildings,Oil,71.2,29663,771.3
2018,Europe,Buildings,Natural Gas,82,29663,771.3
2018,Europe,Buildings,Renewables,278.3,29663,771.3
2018,Europe,Buildings,Nuclear,16.3,29663,771.3
2018,Europe,Agriculture,Coal,33.6,29663,771.3
2018,Europe,Agriculture,Oil,55.4,29663,771.3
2018,Europe,Agriculture,Natural Gas,64.9,29663,771.3
2018,Europe,Agriculture,Renewables,228.9,29663,771.3
2018,Europe,Agriculture,Nuclear,12.3,29663,771.3
2019,Europe,Energy,Coal,152.4,30197,772.1
2019,Europe,Energy,Oil,286.1,30197,772.1
2019,Europe,Energy,Natural Gas,335.2,30197,772.1
2019,Europe,Energy,Renewables,1165.1,30197,772.1
2019,Europe,Energy,Nuclear,65.1,30197,772.1
2019,Europe,Industry,Coal,90,30197,772.1
2019,Europe,Industry,Oil,152.8,30197,772.1
2019,Europe,Industry,Natural Gas,172.4,30197,772.1
2019,Europe,Industry,Renewables,625.1,30197,772.1
2019,Europe,Industry,Nuclear,33.7,30197,772.1
2019,Europe,Transport,Coal,80.6,30197,772.1
2019,Europe,Transport,Oil,143.8,30197,772.1
2019,Europe,Transport,Natural Gas,158.6,30197,772.1
2019,Europe,Transport,Renewables,569.7,30197,772.1
2019,Europe,Transport,Nuclear,32.5,30197,772.1
2019,Europe,Buildings,Coal,40.1,30197,772.1
2019,Europe,Buildings,Oil,67,30197,772.1
2019,Europe,Buildings,Natural Gas,83,30197,772.1
2019,Europe,Buildings,Renewables,287.6,30197,772.1
2019,Europe,Buildings,Nuclear,15.4,30197,772.1
2019,Europe,Agriculture,Coal,30.9,30197,772.1
2019,Europe,Agriculture,Oil,54,30197,772.1
2019,Europe,Agriculture,Natural Gas,63.9,30197,772.1
2019,Europe,Agriculture,Renewables,224.8,30197,772.1
2019,Europe,Agriculture,Nuclear,12.4,30197,772.1
2020,Europe,Energy,Coal,138.4,28896,772.8
2020,Europe,Energy,Oil,250.9,28896,772.8
2020,Europe,Energy,Natural Gas,315.6,28896,772.8
2020,Europe,Energy,Renewables,1095.3,28896,772.8
2020,Europe,Energy,Nuclear,60.9,28896,772.8
2020,Europe,Industry,Coal,73.5,28896,772.8
2020,Europe,Industry,Oil,143,28896,772.8
2020,Europe,Industry,Natural Gas,161.2,28896,772.8
2020,Europe,Industry,Renewables,595.3,28896,772.8
2020,Europe,Industry,Nuclear,33.5,28896,772.8
2020,Europe,Transport,Coal,69.4,28896,772.8
2020,Europe,Transport,Oil,132.5,28896,772.8
2020,Europe,Transport,Natural Gas,157.8,28896,772.8
2020,Europe,Transport,Renewables,543.2,28896,772.8
2020,Europe,Transport,Nuclear,28.4,28896,772.8
2020,Europe,Buildings,Coal,35.6,28896,772.8
2020,Europe,Buildings,Oil,65.2,28896,772.8
2020,Europe,Buildings,Natural Gas,75.8,28896,772.8
2020,Europe,Buildings,Renewables,266.9,28896,772.8
2020,Europe,Buildings,Nuclear,14.5,28896,772.8
2020,Europe,Agriculture,Coal,26.4,28896,772.8
2020,Europe,Agriculture,Oil,50.7,28896,772.8
2020,Europe,Agriculture,Natural Gas,62.4,28896,772.8
2020,Europe,Agriculture,Renewables,219.9,28896,772.8
2020,Europe,Agriculture,Nuclear,12.2,28896,772.8
2021,Europe,Energy,Coal,138.7,31293,773.6
2021,Europe,Energy,Oil,270.2,31293,773.6
2021,Europe,Energy,Natural Gas,319.6,31293,773.6
2021,Europe,Energy,Renewables,1170.2,31293,773.6
2021,Europe,Energy,Nuclear,63.4,31293,773.6
2021,Europe,Industry,Coal,70.9,31293,773.6
2021,Europe,Industry,Oil,139.8,31293,773.6
2021,Europe,Industry,Natural Gas,179.3,31293,773.6
2021,Europe,Industry,Renewables,650.9,31293,773.6
2021,Europe,Industry,Nuclear,33.5,31293,773.6
2021,Europe,Transport,Coal,66.1,31293,773.6
2021,Europe,Transport,Oil,130.9,31293,773.6
2021,Europe,Transport,Natural Gas,156.8,31293,773.6
2021,Europe,Transport,Renewables,586,31293,773.6
2021,Europe,Transport,Nuclear,31.1,31293,773.6
2021,Europe,Buildings,Coal,34.6,31293,773.6
2021,Europe,Buildings,Oil,64.9,31293,773.6
2021,Europe,Buildings,Natural Gas,78.4,31293,773.6
2021,Europe,Buildings,Renewables,285.8,31293,773.6
2021,Europe,Buildings,Nuclear,15.5,31293,773.6
2021,Europe,Agriculture,Coal,27.2,31293,773.6
2021,Europe,Agriculture,Oil,51,31293,773.6
2021,Europe,Agriculture,Natural Gas,64.8,31293,773.6
2021,Europe,Agriculture,Renewables,233.6,31293,773.6
2021,Europe,Agriculture,Nuclear,12.6,31293,773.6
2022,Europe,Energy,Coal,122,31857,774.4
2022,Europe,Energy,Oil,264.9,31857,774.4
2022,Europe,Energy,Natural Gas,329,31857,774.4
2022,Europe,Energy,Renewables,1187.2,31857,774.4
2022,Europe,Energy,Nuclear,64.9,31857,774.4
2022,Europe,Industry,Coal,70.9,31857,774.4
2022,Europe,Industry,Oil,139.4,31857,774.4
2022,Europe,Industry,Natural Gas,168,31857,774.4
2022,Europe,Industry,Renewables,653.9,31857,774.4
2022,Europe,Industry,Nuclear,33.6,31857,774.4
2022,Europe,Transport,Coal,63.3,31857,774.4
2022,Europe,Transport,Oil,124.9,31857,774.4
2022,Europe,Transport,Natural Gas,164.9,31857,774.4
2022,Europe,Transport,Renewables,591,31857,774.4
2022,Europe,Transport,Nuclear,30,31857,774.4
2022,Europe,Buildings,Coal,31.3,31857,774.4
2022,Europe,Buildings,Oil,65.8,31857,774.4
2022,Europe,Buildings,Natural Gas,77.6,31857,774.4
2022,Europe,Buildings,Renewables,291.9,31857,774.4
2022,Europe,Buildings,Nuclear,15.9,31857,774.4
2022,Europe,Agriculture,Coal,25.8,31857,774.4
2022,Europe,Agriculture,Oil,50.7,31857,774.4
2022,Europe,Agriculture,Natural Gas,64.2,31857,774.4
2022,Europe,Agriculture,Renewables,241.1,31857,774.4
2022,Europe,Agriculture,Nuclear,12.5,31857,774.4
2023,Europe,Energy,Coal,117.2,32430,775.2
2023,Europe,Energy,Oil,250.6,32430,775.2
2023,Europe,Energy,Natural Gas,318.8,32430,775.2
2023,Europe,Energy,Renewables,1182,32430,775.2
2023,Europe,Energy,Nuclear,61.8,32430,775.2
2023,Europe,Industry,Coal,62.6,32430,775.2
2023,Europe,Industry,Oil,138.5,32430,775.2
2023,Europe,Industry,Natural Gas,172.5,32430,775.2
2023,Europe,Industry,Renewables,640.9,32430,775.2
2023,Europe,Industry,Nuclear,34.2,32430,775.2
2023,Europe,Transport,Coal,57.5,32430,775.2
2023,Europe,Transport,Oil,123.9,32430,775.2
2023,Europe,Transport,Natural Gas,163,32430,775.2
2023,Europe,Transport,Renewables,611.7,32430,775.2
2023,Europe,Transport,Nuclear,32,32430,775.2
2023,Europe,Buildings,Coal,27.7,32430,775.2
2023,Europe,Buildings,Oil,64.1,32430,775.2
2023,Europe,Buildings,Natural Gas,80.6,32430,775.2
2023,Europe,Buildings,Renewables,291.5,32430,775.2
2023,Europe,Buildings,Nuclear,16,32430,775.2
2023,Europe,Agriculture,Coal,22.1,32430,775.2
2023,Europe,Agriculture,Oil,51.3,32430,775.2
2023,Europe,Agriculture,Natural Gas,63.7,32430,775.2
2023,Europe,Agriculture,Renewables,239.6,32430,775.2
2023,Europe,Agriculture,Nuclear,12.9,32430,775.2
2024,Europe,Energy,Coal,104.8,33014,775.9
2024,Europe,Energy,Oil,250.8,33014,775.9
2024,Europe,Energy,Natural Gas,324.2,33014,775.9
2024,Europe,Energy,Renewables,1228.6,33014,775.9
2024,Europe,Energy,Nuclear,61.8,33014,775.9
2024,Europe,Industry,Coal,55.6,33014,775.9
2024,Europe,Industry,Oil,136.8,33014,775.9
2024,Europe,Industry,Natural Gas,176.7,33014,775.9
2024,Europe,Industry,Renewables,636.7,33014,775.9
2024,Europe,Industry,Nuclear,34.5,33014,775.9
2024,Europe,Transport,Coal,54.1,33014,775.9
2024,Europe,Transport,Oil,124,33014,775.9
2024,Europe,Transport,Natural Gas,156.4,33014,775.9
2024,Europe,Transport,Renewables,616.7,33014,775.9
2024,Europe,Transport,Nuclear,31.6,33014,775.9
2024,Europe,Buildings,Coal,26.1,33014,775.9
2024,Europe,Buildings,Oil,59.2,33014,775.9
2024,Europe,Buildings,Natural Gas,79.8,33014,775.9
2024,Europe,Buildings,Renewables,290.8,33014,775.9
2024,Europe,Buildings,Nuclear,16.1,33014,775.9
2024,Europe,Agriculture,Coal,20.2,33014,775.9
2024,Europe,Agriculture,Oil,50.1,33014,775.9
2024,Europe,Agriculture,Natural Gas,62.5,33014,775.9
2024,Europe,Agriculture,Renewables,241.9,33014,775.9
2024,Europe,Agriculture,Nuclear,12.6,33014,775.9
1990,Middle East,Energy,Coal,234.9,3500,250
1990,Middle East,Energy,Oil,198.7,3500,250
1990,Middle East,Energy,Natural Gas,136.6,3500,250
1990,Middle East,Energy,Renewables,30.6,3500,250
1990,Middle East,Energy,Nuclear,17.9,3500,250
1990,Middle East,Industry,Coal,121.6,3500,250
1990,Middle East,Industry,Oil,103.5,3500,250
1990,Middle East,Industry,Natural Gas,72.3,3500,250
1990,Middle East,Industry,Renewables,15.9,3500,250
1990,Middle East,Industry,Nuclear,10.1,3500,250
1990,Middle East,Transport,Coal,111.7,3500,250
1990,Middle East,Transport,Oil,98.4,3500,250
1990,Middle East,Transport,Natural Gas,65.2,3500,250
1990,Middle East,Transport,Renewables,14.9,3500,250
1990,Middle East,Transport,Nuclear,9,3500,250
1990,Middle East,Buildings,Coal,54.8,3500,250
1990,Middle East,Buildings,Oil,46.7,3500,250
1990,Middle East,Buildings,Natural Gas,32.3,3500,250
1990,Middle East,Buildings,Renewables,7.5,3500,250
1990,Middle East,Buildings,Nuclear,4.4,3500,250
1990,Middle East,Agriculture,Coal,45.8,3500,250
1990,Middle East,Agriculture,Oil,37.2,3500,250
1990,Middle East,Agriculture,Natural Gas,26.3,3500,250
1990,Middle East,Agriculture,Renewables,6.1,3500,250
1990,Middle East,Agriculture,Nuclear,3.5,3500,250
1991,Middle East,Energy,Coal,224.9,3612,255.5
1991,Middle East,Energy,Oil,201.2,3612,255.5
1991,Middle East,Energy,Natural Gas,139,3612,255.5
1991,Middle East,Energy,Renewables,53.4,3612,255.5
1991,Middle East,Energy,Nuclear,18.3,3612,255.5
1991,Middle East,Industry,Coal,121.2,3612,255.5
1991,Middle East,Industry,Oil,108.1,3612,255.5
1991,Middle East,Industry,Natural Gas,74.5,3612,255.5
1991,Middle East,Industry,Renewables,28,3612,255.5
1991,Middle East,Industry,Nuclear,10.5,3612,255.5
1991,Middle East,Transport,Coal,118.8,3612,255.5
1991,Middle East,Transport,Oil,94,3612,255.5
1991,Middle East,Transport,Natural Gas,66,3612,255.5
1991,Middle East,Transport,Renewables,25.8,3612,255.5
1991,Middle East,Transport,Nuclear,9.2,3612,255.5
1991,Middle East,Buildings,Coal,57.3,3612,255.5
1991,Middle East,Buildings,Oil,48.4,3612,255.5
1991,Middle East,Buildings,Natural Gas,33.9,3612,255.5
1991,Middle East,Buildings,Renewables,12.7,3612,255.5
1991,Middle East,Buildings,Nuclear,4.6,3612,255.5
1991,Middle East,Agriculture,Coal,47,3612,255.5
1991,Middle East,Agriculture,Oil,40.2,3612,255.5
1991,Middle East,Agriculture,Natural Gas,28.4,3612,255.5
1991,Middle East,Agriculture,Renewables,10.4,3612,255.5
1991,Middle East,Agriculture,Nuclear,3.8,3612,255.5
1992,Middle East,Energy,Coal,228.3,3728,261.1
1992,Middle East,Energy,Oil,196.6,3728,261.1
1992,Middle East,Energy,Natural Gas,146.8,3728,261.1
1992,Middle East,Energy,Renewables,78.2,3728,261.1
1992,Middle East,Energy,Nuclear,20,3728,261.1
1992,Middle East,Industry,Coal,128.8,3728,261.1
1992,Middle East,Industry,Oil,107.9,3728,261.1
1992,Middle East,Industry,Natural Gas,80.4,3728,261.1
1992,Middle East,Industry,Renewables,41,3728,261.1
1992,Middle East,Industry,Nuclear,11.1,3728,261.1
1992,Middle East,Transport,Coal,113.9,3728,261.1
1992,Middle East,Transport,Oil,102.8,3728,261.1
1992,Middle East,Transport,Natural Gas,73.3,3728,261.1
1992,Middle East,Transport,Renewables,37.1,3728,261.1
1992,Middle East,Transport,Nuclear,10,3728,261.1
1992,Middle East,Buildings,Coal,59.6,3728,261.1
1992,Middle East,Buildings,Oil,50.5,3728,261.1
1992,Middle East,Buildings,Natural Gas,34.5,3728,261.1
1992,Middle East,Buildings,Renewables,18.6,3728,261.1
1992,Middle East,Buildings,Nuclear,5.2,3728,261.1
1992,Middle East,Agriculture,Coal,45.7,3728,261.1
1992,Middle East,Agriculture,Oil,41.2,3728,261.1
1992,Middle East,Agriculture,Natural Gas,28,3728,261.1
1992,Middle East,Agriculture,Renewables,14.7,3728,261.1
1992,Middle East,Agriculture,Nuclear,3.9,3728,261.1
1993,Middle East,Energy,Coal,237.6,3847,266.9
1993,Middle East,Energy,Oil,203.7,3847,266.9
1993,Middle East,Energy,Natural Gas,146.5,3847,266.9
1993,Middle East,Energy,Renewables,97.7,3847,266.9
1993,Middle East,Energy,Nuclear,21.3,3847,266.9
1993,Middle East,Industry,Coal,130.4,3847,266.9
1993,Middle East,Industry,Oil,112.8,3847,266.9
1993,Middle East,Industry,Natural Gas,83.5,3847,266.9
1993,Middle East,Industry,Renewables,56.7,3847,266.9
1993,Middle East,Industry,Nuclear,11.9,3847,266.9
1993,Middle East,Transport,Coal,114.1,3847,266.9
1993,Middle East,Transport,Oil,102.2,3847,266.9
1993,Middle East,Transport,Natural Gas,73.8,3847,266.9
1993,Middle East,Transport,Renewables,48.9,3847,266.9
1993,Middle East,Transport,Nuclear,10.9,3847,266.9
1993,Middle East,Buildings,Coal,58.9,3847,266.9
1993,Middle East,Buildings,Oil,49.6,3847,266.9
1993,Middle East,Buildings,Natural Gas,38.2,3847,266.9
1993,Middle East,Buildings,Renewables,26,3847,266.9
1993,Middle East,Buildings,Nuclear,5.2,3847,266.9
1993,Middle East,Agriculture,Coal,45.5,3847,266.9
1993,Middle East,Agriculture,Oil,39.9,3847,266.9
1993,Middle East,Agriculture,Natural Gas,29,3847,266.9
1993,Middle East,Agriculture,Renewables,20.5,3847,266.9
1993,Middle East,Agriculture,Nuclear,4.3,3847,266.9
1994,Middle East,Energy,Coal,230.4,3970,272.7
1994,Middle East,Energy,Oil,200.2,3970,272.7
1994,Middle East,Energy,Natural Gas,154.6,3970,272.7
1994,Middle East,Energy,Renewables,123.6,3970,272.7
1994,Middle East,Energy,Nuclear,21.6,3970,272.7
1994,Middle East,Industry,Coal,121.7,3970,272.7
1994,Middle East,Industry,Oil,111.7,3970,272.7
1994,Middle East,Industry,Natural Gas,81.8,3970,272.7
1994,Middle East,Industry,Renewables,69.1,3970,272.7
1994,Middle East,Industry,Nuclear,12,3970,272.7
1994,Middle East,Transport,Coal,117,3970,272.7
1994,Middle East,Transport,Oil,99.7,3970,272.7
1994,Middle East,Transport,Natural Gas,74.8,3970,272.7
1994,Middle East,Transport,Renewables,62.8,3970,272.7
1994,Middle East,Transport,Nuclear,11,3970,272.7
1994,Middle East,Buildings,Coal,56.8,3970,272.7
1994,Middle East,Buildings,Oil,51.9,3970,272.7
1994,Middle East,Buildings,Natural Gas,39.2,3970,272.7
1994,Middle East,Buildings,Renewables,31.2,3970,272.7
1994,Middle East,Buildings,Nuclear,5.7,3970,272.7
1994,Middle East,Agriculture,Coal,44.8,3970,272.7
1994,Middle East,Agriculture,Oil,40.4,3970,272.7
1994,Middle East,Agriculture,Natural Gas,31.1,3970,272.7
1994,Middle East,Agriculture,Renewables,25.1,3970,272.7
1994,Middle East,Agriculture,Nuclear,4.4,3970,272.7
1995,Middle East,Energy,Coal,227.8,4097,278.7
1995,Middle East,Energy,Oil,213.1,4097,278.7
1995,Middle East,Energy,Natural Gas,163.1,4097,278.7
1995,Middle East,Energy,Renewables,149.9,4097,278.7
1995,Middle East,Energy,Nuclear,24.3,4097,278.7
1995,Middle East,Industry,Coal,123.8,4097,278.7
1995,Middle East,Industry,Oil,115.6,4097,278.7
1995,Middle East,Industry,Natural Gas,88.7,4097,278.7
1995,Middle East,Industry,Renewables,87,4097,278.7
1995,Middle East,Industry,Nuclear,13.4,4097,278.7
1995,Middle East,Transport,Coal,111.5,4097,278.7
1995,Middle East,Transport,Oil,107.9,4097,278.7
1995,Middle East,Transport,Natural Gas,77.2,4097,278.7
1995,Middle East,Transport,Renewables,73.6,4097,278.7
1995,Middle East,Transport,Nuclear,11.6,4097,278.7
1995,Middle East,Buildings,Coal,59.1,4097,278.7
1995,Middle East,Buildings,Oil,54.4,4097,278.7
1995,Middle East,Buildings,Natural Gas,40.2,4097,278.7
1995,Middle East,Buildings,Renewables,37.9,4097,278.7
1995,Middle East,Buildings,Nuclear,6,4097,278.7
1995,Middle East,Agriculture,Coal,45.8,4097,278.7
1995,Middle East,Agriculture,Oil,41.3,4097,278.7
1995,Middle East,Agriculture,Natural Gas,30.8,4097,278.7
1995,Middle East,Agriculture,Renewables,29.5,4097,278.7
1995,Middle East,Agriculture,Nuclear,4.6,4097,278.7
1996,Middle East,Energy,Coal,223.5,4228,284.9
1996,Middle East,Energy,Oil,217.1,4228,284.9
1996,Middle East,Energy,Natural Gas,161.6,4228,284.9
1996,Middle East,Energy,Renewables,187.6,4228,284.9
1996,Middle East,Energy,Nuclear,24.4,4228,284.9
1996,Middle East,Industry,Coal,129.7,4228,284.9
1996,Middle East,Industry,Oil,119.1,4228,284.9
1996,Middle East,Industry,Natural Gas,88,4228,284.9
1996,Middle East,Industry,Renewables,100.6,4228,284.9
1996,Middle East,Industry,Nuclear,13.7,4228,284.9
1996,Middle East,Transport,Coal,117,4228,284.9
1996,Middle East,Transport,Oil,109.7,4228,284.9
1996,Middle East,Transport,Natural Gas,83.8,4228,284.9
1996,Middle East,Transport,Renewables,91.8,4228,284.9
1996,Middle East,Transport,Nuclear,12.2,4228,284.9
1996,Middle East,Buildings,Coal,55.8,4228,284.9
1996,Middle East,Buildings,Oil,51.8,4228,284.9
1996,Middle East,Buildings,Natural Gas,40.3,4228,284.9
1996,Middle East,Buildings,Renewables,44.9,4228,284.9
1996,Middle East,Buildings,Nuclear,6.1,4228,284.9
1996,Middle East,Agriculture,Coal,47.3,4228,284.9
1996,Middle East,Agriculture,Oil,44.1,4228,284.9
1996,Middle East,Agriculture,Natural Gas,34.1,4228,284.9
1996,Middle East,Agriculture,Renewables,35.1,4228,284.9
1996,Middle East,Agriculture,Nuclear,4.9,4228,284.9
1997,Middle East,Energy,Coal,232.1,4363,291.1
1997,Middle East,Energy,Oil,209.9,4363,291.1
1997,Middle East,Energy,Natural Gas,169.9,4363,291.1
1997,Middle East,Energy,Renewables,210.7,4363,291.1
1997,Middle East,Energy,Nuclear,25.4,4363,291.1
1997,Middle East,Industry,Coal,128.1,4363,291.1
1997,Middle East,Industry,Oil,115.5,4363,291.1
1997,Middle East,Industry,Natural Gas,91.4,4363,291.1
1997,Middle East,Industry,Renewables,115,4363,291.1
1997,Middle East,Industry,Nuclear,15,4363,291.1
1997,Middle East,Transport,Coal,113.5,4363,291.1
1997,Middle East,Transport,Oil,109.5,4363,291.1
1997,Middle East,Transport,Natural Gas,87,4363,291.1
1997,Middle East,Transport,Renewables,107.9,4363,291.1
1997,Middle East,Transport,Nuclear,12.7,4363,291.1
1997,Middle East,Buildings,Coal,56.4,4363,291.1
1997,Middle East,Buildings,Oil,55.8,4363,291.1
1997,Middle East,Buildings,Natural Gas,43.2,4363,291.1
1997,Middle East,Buildings,Renewables,52.8,4363,291.1
1997,Middle East,Buildings,Nuclear,6.7,4363,291.1
1997,Middle East,Agriculture,Coal,45,4363,291.1
1997,Middle East,Agriculture,Oil,43.7,4363,291.1
1997,Middle East,Agriculture,Natural Gas,34.4,4363,291.1
1997,Middle East,Agriculture,Renewables,40.8,4363,291.1
1997,Middle East,Agriculture,Nuclear,5.4,4363,291.1
1998,Middle East,Energy,Coal,231.1,4503,297.5
1998,Middle East,Energy,Oil,214.1,4503,297.5
1998,Middle East,Energy,Natural Gas,177.3,4503,297.5
1998,Middle East,Energy,Renewables,244.5,4503,297.5
1998,Middle East,Energy,Nuclear,27.8,4503,297.5
1998,Middle East,Industry,Coal,122,4503,297.5
1998,Middle East,Industry,Oil,121.4,4503,297.5
1998,Middle East,Industry,Natural Gas,98.4,4503,297.5
1998,Middle East,Industry,Renewables,130.5,4503,297.5
1998,Middle East,Industry,Nuclear,15.1,4503,297.5
1998,Middle East,Transport,Coal,116,4503,297.5
1998,Middle East,Transport,Oil,109,4503,297.5
1998,Middle East,Transport,Natural Gas,90.2,4503,297.5
1998,Middle East,Transport,Renewables,122.1,4503,297.5
1998,Middle East,Transport,Nuclear,14.3,4503,297.5
1998,Middle East,Buildings,Coal,57.9,4503,297.5
1998,Middle East,Buildings,Oil,56.1,4503,297.5
1998,Middle East,Buildings,Natural Gas,45.5,4503,297.5
1998,Middle East,Buildings,Renewables,62.1,4503,297.5
1998,Middle East,Buildings,Nuclear,6.9,4503,297.5
1998,Middle East,Agriculture,Coal,46.4,4503,297.5
1998,Middle East,Agriculture,Oil,45,4503,297.5
1998,Middle East,Agriculture,Natural Gas,36.5,4503,297.5
1998,Middle East,Agriculture,Renewables,48.9,4503,297.5
1998,Middle East,Agriculture,Nuclear,5.7,4503,297.5
1999,Middle East,Energy,Coal,225.4,4647,304.1
1999,Middle East,Energy,Oil,227.2,4647,304.1
1999,Middle East,Energy,Natural Gas,182.9,4647,304.1
1999,Middle East,Energy,Renewables,282.6,4647,304.1
1999,Middle East,Energy,Nuclear,29,4647,304.1
1999,Middle East,Industry,Coal,130.4,4647,304.1
1999,Middle East,Industry,Oil,125.3,4647,304.1
1999,Middle East,Industry,Natural Gas,102.3,4647,304.1
1999,Middle East,Industry,Renewables,145.9,4647,304.1
1999,Middle East,Industry,Nuclear,15.9,4647,304.1
1999,Middle East,Transport,Coal,118.6,4647,304.1
1999,Middle East,Transport,Oil,110.7,4647,304.1
1999,Middle East,Transport,Natural Gas,92.2,4647,304.1
1999,Middle East,Transport,Renewables,141.8,4647,304.1
1999,Middle East,Transport,Nuclear,14.2,4647,304.1
1999,Middle East,Buildings,Coal,57.8,4647,304.1
1999,Middle East,Buildings,Oil,56.7,4647,304.1
1999,Middle East,Buildings,Natural Gas,47.4,4647,304.1
1999,Middle East,Buildings,Renewables,69.9,4647,304.1
1999,Middle East,Buildings,Nuclear,7.2,4647,304.1
1999,Middle East,Agriculture,Coal,47.5,4647,304.1
1999,Middle East,Agriculture,Oil,44.8,4647,304.1
1999,Middle East,Agriculture,Natural Gas,37.7,4647,304.1
1999,Middle East,Agriculture,Renewables,56.9,4647,304.1
1999,Middle East,Agriculture,Nuclear,5.8,4647,304.1
2000,Middle East,Energy,Coal,224.7,4796,310.8
2000,Middle East,Energy,Oil,226.7,4796,310.8
2000,Middle East,Energy,Natural Gas,184.3,4796,310.8
2000,Middle East,Energy,Renewables,318.6,4796,310.8
2000,Middle East,Energy,Nuclear,30.6,4796,310.8
2000,Middle East,Industry,Coal,124.1,4796,310.8
2000,Middle East,Industry,Oil,127.7,4796,310.8
2000,Middle East,Industry,Natural Gas,103.4,4796,310.8
2000,Middle East,Industry,Renewables,162.6,4796,310.8
2000,Middle East,Industry,Nuclear,16.9,4796,310.8
2000,Middle East,Transport,Coal,114.9,4796,310.8
2000,Middle East,Transport,Oil,113.1,4796,310.8
2000,Middle East,Transport,Natural Gas,96.1,4796,310.8
2000,Middle East,Transport,Renewables,159.2,4796,310.8
2000,Middle East,Transport,Nuclear,15.4,4796,310.8
2000,Middle East,Buildings,Coal,58.8,4796,310.8
2000,Middle East,Buildings,Oil,57.4,4796,310.8
2000,Middle East,Buildings,Natural Gas,47.9,4796,310.8
2000,Middle East,Buildings,Renewables,77.7,4796,310.8
2000,Middle East,Buildings,Nuclear,7.5,4796,310.8
2000,Middle East,Agriculture,Coal,47.8,4796,310.8
2000,Middle East,Agriculture,Oil,47.3,4796,310.8
2000,Middle East,Agriculture,Natural Gas,38.5,4796,310.8
2000,Middle East,Agriculture,Renewables,63.4,4796,310.8
2000,Middle East,Agriculture,Nuclear,6.2,4796,310.8
2001,Middle East,Energy,Coal,223,4949,317.6
2001,Middle East,Energy,Oil,233.5,4949,317.6
2001,Middle East,Energy,Natural Gas,198.9,4949,317.6
2001,Middle East,Energy,Renewables,340.4,4949,317.6
2001,Middle East,Energy,Nuclear,31.2,4949,317.6
2001,Middle East,Industry,Coal,122.1,4949,317.6
2001,Middle East,Industry,Oil,127.7,4949,317.6
2001,Middle East,Industry,Natural Gas,105.5,4949,317.6
2001,Middle East,Industry,Renewables,189.1,4949,317.6
2001,Middle East,Industry,Nuclear,18.2,4949,317.6
2001,Middle East,Transport,Coal,113.7,4949,317.6
2001,Middle East,Transport,Oil,115.2,4949,317.6
2001,Middle East,Transport,Natural Gas,96.8,4949,317.6
2001,Middle East,Transport,Renewables,174.3,4949,317.6
2001,Middle East,Transport,Nuclear,15.6,4949,317.6
2001,Middle East,Buildings,Coal,58.1,4949,317.6
2001,Middle East,Buildings,Oil,58.5,4949,317.6
2001,Middle East,Buildings,Natural Gas,48.6,4949,317.6
2001,Middle East,Buildings,Renewables,85.9,4949,317.6
2001,Middle East,Buildings,Nuclear,8,4949,317.6
2001,Middle East,Agriculture,Coal,44.2,4949,317.6
2001,Middle East,Agriculture,Oil,45.3,4949,317.6
2001,Middle East,Agriculture,Natural Gas,38.4,4949,317.6
2001,Middle East,Agriculture,Renewables,66.8,4949,317.6
2001,Middle East,Agriculture,Nuclear,6.4,4949,317.6
2002,Middle East,Energy,Coal,220.8,5108,324.6
2002,Middle East,Energy,Oil,233.5,5108,324.6
2002,Middle East,Energy,Natural Gas,208.3,5108,324.6
2002,Middle East,Energy,Renewables,394.1,5108,324.6
2002,Middle East,Energy,Nuclear,35.2,5108,324.6
2002,Middle East,Industry,Coal,128.7,5108,324.6
2002,Middle East,Industry,Oil,128.6,5108,324.6
2002,Middle East,Industry,Natural Gas,112.2,5108,324.6
2002,Middle East,Industry,Renewables,203.3,5108,324.6
2002,Middle East,Industry,Nuclear,18.8,5108,324.6
2002,Middle East,Transport,Coal,119.1,5108,324.6
2002,Middle East,Transport,Oil,114.7,5108,324.6
2002,Middle East,Transport,Natural Gas,103.6,5108,324.6
2002,Middle East,Transport,Renewables,182.8,5108,324.6
2002,Middle East,Transport,Nuclear,17.6,5108,324.6
2002,Middle East,Buildings,Coal,56.9,5108,324.6
2002,Middle East,Buildings,Oil,58.5,5108,324.6
2002,Middle East,Buildings,Natural Gas,52.4,5108,324.6
2002,Middle East,Buildings,Renewables,96.6,5108,324.6
2002,Middle East,Buildings,Nuclear,8.6,5108,324.6
2002,Middle East,Agriculture,Coal,45.8,5108,324.6
2002,Middle East,Agriculture,Oil,45.9,5108,324.6
2002,Middle East,Agriculture,Natural Gas,42.8,5108,324.6
2002,Middle East,Agriculture,Renewables,74.1,5108,324.6
2002,Middle East,Agriculture,Nuclear,6.9,5108,324.6
2003,Middle East,Energy,Coal,236.2,5271,331.7
2003,Middle East,Energy,Oil,235.1,5271,331.7
2003,Middle East,Energy,Natural Gas,213.1,5271,331.7
2003,Middle East,Energy,Renewables,426.4,5271,331.7
2003,Middle East,Energy,Nuclear,36.3,5271,331.7
2003,Middle East,Industry,Coal,123.4,5271,331.7
2003,Middle East,Industry,Oil,136.7,5271,331.7
2003,Middle East,Industry,Natural Gas,118,5271,331.7
2003,Middle East,Industry,Renewables,224.3,5271,331.7
2003,Middle East,Industry,Nuclear,20.1,5271,331.7
2003,Middle East,Transport,Coal,117.9,5271,331.7
2003,Middle East,Transport,Oil,117.4,5271,331.7
2003,Middle East,Transport,Natural Gas,103.3,5271,331.7
2003,Middle East,Transport,Renewables,208,5271,331.7
2003,Middle East,Transport,Nuclear,17.9,5271,331.7
2003,Middle East,Buildings,Coal,58,5271,331.7
2003,Middle East,Buildings,Oil,60.6,5271,331.7
2003,Middle East,Buildings,Natural Gas,54.3,5271,331.7
2003,Middle East,Buildings,Renewables,101.5,5271,331.7
2003,Middle East,Buildings,Nuclear,9.2,5271,331.7
2003,Middle East,Agriculture,Coal,45.8,5271,331.7
2003,Middle East,Agriculture,Oil,50.3,5271,331.7
2003,Middle East,Agriculture,Natural Gas,42.1,5271,331.7
2003,Middle East,Agriculture,Renewables,83.3,5271,331.7
2003,Middle East,Agriculture,Nuclear,7,5271,331.7
2004,Middle East,Energy,Coal,221.7,5440,339
2004,Middle East,Energy,Oil,257.4,5440,339
2004,Middle East,Energy,Natural Gas,230.2,5440,339
2004,Middle East,Energy,Renewables,463.1,5440,339
2004,Middle East,Energy,Nuclear,36,5440,339
2004,Middle East,Industry,Coal,121.7,5440,339
2004,Middle East,Industry,Oil,137.7,5440,339
2004,Middle East,Industry,Natural Gas,125.1,5440,339
2004,Middle East,Industry,Renewables,253.3,5440,339
2004,Middle East,Industry,Nuclear,20.2,5440,339
2004,Middle East,Transport,Coal,109.9,5440,339
2004,Middle East,Transport,Oil,123.6,5440,339
2004,Middle East,Transport,Natural Gas,108.3,5440,339
2004,Middle East,Transport,Renewables,223.8,5440,339
2004,Middle East,Transport,Nuclear,19.1,5440,339
2004,Middle East,Buildings,Coal,55,5440,339
2004,Middle East,Buildings,Oil,61.5,5440,339
2004,Middle East,Buildings,Natural Gas,57.5,5440,339
2004,Middle East,Buildings,Renewables,117.7,5440,339
2004,Middle East,Buildings,Nuclear,9.7,5440,339
2004,Middle East,Agriculture,Coal,45.6,5440,339
2004,Middle East,Agriculture,Oil,50.4,5440,339
2004,Middle East,Agriculture,Natural Gas,46.1,5440,339
2004,Middle East,Agriculture,Renewables,90.3,5440,339
2004,Middle East,Agriculture,Nuclear,7.4,5440,339
2005,Middle East,Energy,Coal,222.3,5614,346.5
2005,Middle East,Energy,Oil,249.4,5614,346.5
2005,Middle East,Energy,Natural Gas,228.3,5614,346.5
2005,Middle East,Energy,Renewables,484.7,5614,346.5
2005,Middle East,Energy,Nuclear,40,5614,346.5
2005,Middle East,Industry,Coal,119.9,5614,346.5
2005,Middle East,Industry,Oil,143.9,5614,346.5
2005,Middle East,Industry,Natural Gas,126.7,5614,346.5
2005,Middle East,Industry,Renewables,271.5,5614,346.5
2005,Middle East,Industry,Nuclear,22.2,5614,346.5
2005,Middle East,Transport,Coal,116.6,5614,346.5
2005,Middle East,Transport,Oil,125,5614,346.5
2005,Middle East,Transport,Natural Gas,113.2,5614,346.5
2005,Middle East,Transport,Renewables,245.7,5614,346.5
2005,Middle East,Transport,Nuclear,20.1,5614,346.5
2005,Middle East,Buildings,Coal,55.7,5614,346.5
2005,Middle East,Buildings,Oil,63.6,5614,346.5
2005,Middle East,Buildings,Natural Gas,59.2,5614,346.5
2005,Middle East,Buildings,Renewables,122,5614,346.5
2005,Middle East,Buildings,Nuclear,9.7,5614,346.5
2005,Middle East,Agriculture,Coal,46.3,5614,346.5
2005,Middle East,Agriculture,Oil,50.2,5614,346.5
2005,Middle East,Agriculture,Natural Gas,47.1,5614,346.5
2005,Middle East,Agriculture,Renewables,98.4,5614,346.5
2005,Middle East,Agriculture,Nuclear,7.7,5614,346.5
2006,Middle East,Energy,Coal,226.9,5794,354.1
2006,Middle East,Energy,Oil,250.2,5794,354.1
2006,Middle East,Energy,Natural Gas,244.4,5794,354.1
2006,Middle East,Energy,Renewables,551.5,5794,354.1
2006,Middle East,Energy,Nuclear,41.3,5794,354.1
2006,Middle East,Industry,Coal,127,5794,354.1
2006,Middle East,Industry,Oil,140.7,5794,354.1
2006,Middle East,Industry,Natural Gas,134.9,5794,354.1
2006,Middle East,Industry,Renewables,297.6,5794,354.1
2006,Middle East,Industry,Nuclear,23.4,5794,354.1
2006,Middle East,Transport,Coal,110.5,5794,354.1
2006,Middle East,Transport,Oil,130,5794,354.1
2006,Middle East,Transport,Natural Gas,117.7,5794,354.1
2006,Middle East,Transport,Renewables,264.3,5794,354.1
2006,Middle East,Transport,Nuclear,21,5794,354.1
2006,Middle East,Buildings,Coal,54.6,5794,354.1
2006,Middle East,Buildings,Oil,61.6,5794,354.1
2006,Middle East,Buildings,Natural Gas,61.8,5794,354.1
2006,Middle East,Buildings,Renewables,138.2,5794,354.1
2006,Middle East,Buildings,Nuclear,10.1,5794,354.1
2006,Middle East,Agriculture,Coal,45.8,5794,354.1
2006,Middle East,Agriculture,Oil,50.9,5794,354.1
2006,Middle East,Agriculture,Natural Gas,48.6,5794,354.1
2006,Middle East,Agriculture,Renewables,104.4,5794,354.1
2006,Middle East,Agriculture,Nuclear,8.2,5794,354.1
2007,Middle East,Energy,Coal,227.1,5979,361.9
2007,Middle East,Energy,Oil,254.9,5979,361.9
2007,Middle East,Energy,Natural Gas,241,5979,361.9
2007,Middle East,Energy,Renewables,575.3,5979,361.9
2007,Middle East,Energy,Nuclear,43.2,5979,361.9
2007,Middle East,Industry,Coal,122.5,5979,361.9
2007,Middle East,Industry,Oil,141.1,5979,361.9
2007,Middle East,Industry,Natural Gas,133.8,5979,361.9
2007,Middle East,Industry,Renewables,323.7,5979,361.9
2007,Middle East,Industry,Nuclear,23.3,5979,361.9
2007,Middle East,Transport,Coal,111.3,5979,361.9
2007,Middle East,Transport,Oil,133.5,5979,361.9
2007,Middle East,Transport,Natural Gas,125.3,5979,361.9
2007,Middle East,Transport,Renewables,292.3,5979,361.9
2007,Middle East,Transport,Nuclear,21.8,5979,361.9
2007,Middle East,Buildings,Coal,56.2,5979,361.9
2007,Middle East,Buildings,Oil,67.5,5979,361.9
2007,Middle East,Buildings,Natural Gas,61.6,5979,361.9
2007,Middle East,Buildings,Renewables,145.1,5979,361.9
2007,Middle East,Buildings,Nuclear,10.7,5979,361.9
2007,Middle East,Agriculture,Coal,43.7,5979,361.9
2007,Middle East,Agriculture,Oil,54.2,5979,361.9
2007,Middle East,Agriculture,Natural Gas,49.4,5979,361.9
2007,Middle East,Agriculture,Renewables,117.3,5979,361.9
2007,Middle East,Agriculture,Nuclear,8.8,5979,361.9
2008,Middle East,Energy,Coal,225.1,6170,369.9
2008,Middle East,Energy,Oil,268.7,6170,369.9
2008,Middle East,Energy,Natural Gas,255.4,6170,369.9
2008,Middle East,Energy,Renewables,660.9,6170,369.9
2008,Middle East,Energy,Nuclear,44.1,6170,369.9
2008,Middle East,Industry,Coal,125,6170,369.9
2008,Middle East,Industry,Oil,150.8,6170,369.9
2008,Middle East,Industry,Natural Gas,141.7,6170,369.9
2008,Middle East,Industry,Renewables,344.1,6170,369.9
2008,Middle East,Industry,Nuclear,24.4,6170,369.9
2008,Middle East,Transport,Coal,113.1,6170,369.9
2008,Middle East,Transport,Oil,130.4,6170,369.9
2008,Middle East,Transport,Natural Gas,125.8,6170,369.9
2008,Middle East,Transport,Renewables,305.7,6170,369.9
2008,Middle East,Transport,Nuclear,23.2,6170,369.9
2008,Middle East,Buildings,Coal,55,6170,369.9
2008,Middle East,Buildings,Oil,65.2,6170,369.9
2008,Middle East,Buildings,Natural Gas,63,6170,369.9
2008,Middle East,Buildings,Renewables,160.3,6170,369.9
2008,Middle East,Buildings,Nuclear,10.9,6170,369.9
2008,Middle East,Agriculture,Coal,44.6,6170,369.9
2008,Middle East,Agriculture,Oil,54.2,6170,369.9
2008,Middle East,Agriculture,Natural Gas,49.4,6170,369.9
2008,Middle East,Agriculture,Renewables,125.3,6170,369.9
2008,Middle East,Agriculture,Nuclear,9.1,6170,369.9
2009,Middle East,Energy,Coal,221,6113,378
2009,Middle East,Energy,Oil,273,6113,378
2009,Middle East,Energy,Natural Gas,256.5,6113,378
2009,Middle East,Energy,Renewables,701.2,6113,378
2009,Middle East,Energy,Nuclear,48,6113,378
2009,Middle East,Industry,Coal,124.6,6113,378
2009,Middle East,Industry,Oil,147.3,6113,378
2009,Middle East,Industry,Natural Gas,147.4,6113,378
2009,Middle East,Industry,Renewables,368.3,6113,378
2009,Middle East,Industry,Nuclear,26,6113,378
2009,Middle East,Transport,Coal,105.7,6113,378
2009,Middle East,Transport,Oil,138.2,6113,378
2009,Middle East,Transport,Natural Gas,133.8,6113,378
2009,Middle East,Transport,Renewables,329.9,6113,378
2009,Middle East,Transport,Nuclear,23,6113,378
2009,Middle East,Buildings,Coal,52.8,6113,378
2009,Middle East,Buildings,Oil,65.3,6113,378
2009,Middle East,Buildings,Natural Gas,65.6,6113,378
2009,Middle East,Buildings,Renewables,168.3,6113,378
2009,Middle East,Buildings,Nuclear,11.8,6113,378
2009,Middle East,Agriculture,Coal,43.6,6113,378
2009,Middle East,Agriculture,Oil,53.2,6113,378
2009,Middle East,Agriculture,Natural Gas,55.1,6113,378
2009,Middle East,Agriculture,Renewables,131.9,6113,378
2009,Middle East,Agriculture,Nuclear,9.3,6113,378
2010,Middle East,Energy,Coal,223.2,6571,386.3
2010,Middle East,Energy,Oil,284.5,6571,386.3
2010,Middle East,Energy,Natural Gas,276.3,6571,386.3
2010,Middle East,Energy,Renewables,714.7,6571,386.3
2010,Middle East,Energy,Nuclear,50.1,6571,386.3
2010,Middle East,Industry,Coal,115.6,6571,386.3
2010,Middle East,Industry,Oil,156.3,6571,386.3
2010,Middle East,Industry,Natural Gas,153.6,6571,386.3
2010,Middle East,Industry,Renewables,393.1,6571,386.3
2010,Middle East,Industry,Nuclear,27.5,6571,386.3
2010,Middle East,Transport,Coal,105,6571,386.3
2010,Middle East,Transport,Oil,142.8,6571,386.3
2010,Middle East,Transport,Natural Gas,138.3,6571,386.3
2010,Middle East,Transport,Renewables,366.8,6571,386.3
2010,Middle East,Transport,Nuclear,25.4,6571,386.3
2010,Middle East,Buildings,Coal,55.2,6571,386.3
2010,Middle East,Buildings,Oil,66.4,6571,386.3
2010,Middle East,Buildings,Natural Gas,66.5,6571,386.3
2010,Middle East,Buildings,Renewables,189,6571,386.3
2010,Middle East,Buildings,Nuclear,12.3,6571,386.3
2010,Middle East,Agriculture,Coal,42.6,6571,386.3
2010,Middle East,Agriculture,Oil,55,6571,386.3
2010,Middle East,Agriculture,Natural Gas,54.8,6571,386.3
2010,Middle East,Agriculture,Renewables,151,6571,386.3
2010,Middle East,Agriculture,Nuclear,9.7,6571,386.3
2011,Middle East,Energy,Coal,207.7,6782,394.8
2011,Middle East,Energy,Oil,280.6,6782,394.8
2011,Middle East,Energy,Natural Gas,276.8,6782,394.8
2011,Middle East,Energy,Renewables,759.9,6782,394.8
2011,Middle East,Energy,Nuclear,51,6782,394.8
2011,Middle East,Industry,Coal,118.5,6782,394.8
2011,Middle East,Industry,Oil,149.6,6782,394.8
2011,Middle East,Industry,Natural Gas,161.8,6782,394.8
2011,Middle East,Industry,Renewables,449.1,6782,394.8
2011,Middle East,Industry,Nuclear,28.4,6782,394.8
2011,Middle East,Transport,Coal,104.4,6782,394.8
2011,Middle East,Transport,Oil,138.1,6782,394.8
2011,Middle East,Transport,Natural Gas,141.9,6782,394.8
2011,Middle East,Transport,Renewables,395.3,6782,394.8
2011,Middle East,Transport,Nuclear,25.7,6782,394.8
2011,Middle East,Buildings,Coal,53.1,6782,394.8
2011,Middle East,Buildings,Oil,71.9,6782,394.8
2011,Middle East,Buildings,Natural Gas,69.1,6782,394.8
2011,Middle East,Buildings,Renewables,196.2,6782,394.8
2011,Middle East,Buildings,Nuclear,13.2,6782,394.8
2011,Middle East,Agriculture,Coal,42.8,6782,394.8
2011,Middle East,Agriculture,Oil,58.2,6782,394.8
2011,Middle East,Agriculture,Natural Gas,58.6,6782,394.8
2011,Middle East,Agriculture,Renewables,159.8,6782,394.8
2011,Middle East,Agriculture,Nuclear,10.7,6782,394.8
2012,Middle East,Energy,Coal,209.3,6999,403.5
2012,Middle East,Energy,Oil,280.9,6999,403.5
2012,Middle East,Energy,Natural Gas,288.4,6999,403.5
2012,Middle East,Energy,Renewables,833.1,6999,403.5
2012,Middle East,Energy,Nuclear,53,6999,403.5
2012,Middle East,Industry,Coal,115.5,6999,403.5
2012,Middle East,Industry,Oil,160.6,6999,403.5
2012,Middle East,Industry,Natural Gas,165,6999,403.5
2012,Middle East,Industry,Renewables,481.5,6999,403.5
2012,Middle East,Industry,Nuclear,29.7,6999,403.5
2012,Middle East,Transport,Coal,105.3,6999,403.5
2012,Middle East,Transport,Oil,139.8,6999,403.5
2012,Middle East,Transport,Natural Gas,147.8,6999,403.5
2012,Middle East,Transport,Renewables,429.2,6999,403.5
2012,Middle East,Transport,Nuclear,27,6999,403.5
2012,Middle East,Buildings,Coal,50.6,6999,403.5
2012,Middle East,Buildings,Oil,73,6999,403.5
2012,Middle East,Buildings,Natural Gas,73.2,6999,403.5
2012,Middle East,Buildings,Renewables,212.1,6999,403.5
2012,Middle East,Buildings,Nuclear,13.9,6999,403.5
2012,Middle East,Agriculture,Coal,43.2,6999,403.5
2012,Middle East,Agriculture,Oil,57.3,6999,403.5
2012,Middle East,Agriculture,Natural Gas,56.9,6999,403.5
2012,Middle East,Agriculture,Renewables,169.4,6999,403.5
2012,Middle East,Agriculture,Nuclear,10.9,6999,403.5
2013,Middle East,Energy,Coal,215.1,7223,412.4
2013,Middle East,Energy,Oil,284.7,7223,412.4
2013,Middle East,Energy,Natural Gas,296.4,7223,412.4
2013,Middle East,Energy,Renewables,900.9,7223,412.4
2013,Middle East,Energy,Nuclear,56.5,7223,412.4
2013,Middle East,Industry,Coal,114.5,7223,412.4
2013,Middle East,Industry,Oil,155.7,7223,412.4
2013,Middle East,Industry,Natural Gas,165.3,7223,412.4
2013,Middle East,Industry,Renewables,499.8,7223,412.4
2013,Middle East,Industry,Nuclear,31.4,7223,412.4
2013,Middle East,Transport,Coal,100.3,7223,412.4
2013,Middle East,Transport,Oil,149.2,7223,412.4
2013,Middle East,Transport,Natural Gas,149,7223,412.4
2013,Middle East,Transport,Renewables,461.7,7223,412.4
2013,Middle East,Transport,Nuclear,27.6,7223,412.4
2013,Middle East,Buildings,Coal,50.8,7223,412.4
2013,Middle East,Buildings,Oil,70.4,7223,412.4
2013,Middle East,Buildings,Natural Gas,79.3,7223,412.4
2013,Middle East,Buildings,Renewables,222.3,7223,412.4
2013,Middle East,Buildings,Nuclear,14.1,7223,412.4
2013,Middle East,Agriculture,Coal,40.5,7223,412.4
2013,Middle East,Agriculture,Oil,59.1,7223,412.4
2013,Middle East,Agriculture,Natural Gas,59.8,7223,412.4
2013,Middle East,Agriculture,Renewables,179.6,7223,412.4
2013,Middle East,Agriculture,Nuclear,11.2,7223,412.4
2014,Middle East,Energy,Coal,204.9,7454,421.5
2014,Middle East,Energy,Oil,300,7454,421.5
2014,Middle East,Energy,Natural Gas,307.6,7454,421.5
2014,Middle East,Energy,Renewables,940.7,7454,421.5
2014,Middle East,Energy,Nuclear,60.8,7454,421.5
2014,Middle East,Industry,Coal,112.8,7454,421.5
2014,Middle East,Industry,Oil,167.9,7454,421.5
2014,Middle East,Industry,Natural Gas,169.9,7454,421.5
2014,Middle East,Industry,Renewables,547.3,7454,421.5
2014,Middle East,Industry,Nuclear,31.1,7454,421.5
2014,Middle East,Transport,Coal,104.5,7454,421.5
2014,Middle East,Transport,Oil,145.2,7454,421.5
2014,Middle East,Transport,Natural Gas,164.5,7454,421.5
2014,Middle East,Transport,Renewables,466.1,7454,421.5
2014,Middle East,Transport,Nuclear,29.5,7454,421.5
2014,Middle East,Buildings,Coal,50.5,7454,421.5
2014,Middle East,Buildings,Oil,75.8,7454,421.5
2014,Middle East,Buildings,Natural Gas,81.4,7454,421.5
2014,Middle East,Buildings,Renewables,238.1,7454,421.5
2014,Middle East,Buildings,Nuclear,15,7454,421.5
2014,Middle East,Agriculture,Coal,41.4,7454,421.5
2014,Middle East,Agriculture,Oil,58.2,7454,421.5
2014,Middle East,Agriculture,Natural Gas,64.1,7454,421.5
2014,Middle East,Agriculture,Renewables,196,7454,421.5
2014,Middle East,Agriculture,Nuclear,11.5,7454,421.5
2015,Middle East,Energy,Coal,208.2,7692,430.7
2015,Middle East,Energy,Oil,310.6,7692,430.7
2015,Middle East,Energy,Natural Gas,331.2,7692,430.7
2015,Middle East,Energy,Renewables,1031.5,7692,430.7
2015,Middle East,Energy,Nuclear,61.7,7692,430.7
2015,Middle East,Industry,Coal,113.4,7692,430.7
2015,Middle East,Industry,Oil,166.6,7692,430.7
2015,Middle East,Industry,Natural Gas,182.2,7692,430.7
2015,Middle East,Industry,Renewables,558.7,7692,430.7
2015,Middle East,Industry,Nuclear,34,7692,430.7
2015,Middle East,Transport,Coal,99,7692,430.7
2015,Middle East,Transport,Oil,146.8,7692,430.7
2015,Middle East,Transport,Natural Gas,161.1,7692,430.7
2015,Middle East,Transport,Renewables,524.5,7692,430.7
2015,Middle East,Transport,Nuclear,30.3,7692,430.7
2015,Middle East,Buildings,Coal,49.9,7692,430.7
2015,Middle East,Buildings,Oil,77.6,7692,430.7
2015,Middle East,Buildings,Natural Gas,84.7,7692,430.7
2015,Middle East,Buildings,Renewables,254.4,7692,430.7
2015,Middle East,Buildings,Nuclear,15.2,7692,430.7
2015,Middle East,Agriculture,Coal,41.5,7692,430.7
2015,Middle East,Agriculture,Oil,61.5,7692,430.7
2015,Middle East,Agriculture,Natural Gas,66.5,7692,430.7
2015,Middle East,Agriculture,Renewables,199.1,7692,430.7
2015,Middle East,Agriculture,Nuclear,11.9,7692,430.7
2016,Middle East,Energy,Coal,198.1,7939,440.2
2016,Middle East,Energy,Oil,293.7,7939,440.2
2016,Middle East,Energy,Natural Gas,342.5,7939,440.2
2016,Middle East,Energy,Renewables,1054,7939,440.2
2016,Middle East,Energy,Nuclear,63,7939,440.2
2016,Middle East,Industry,Coal,103.9,7939,440.2
2016,Middle East,Industry,Oil,174,7939,440.2
2016,Middle East,Industry,Natural Gas,187.5,7939,440.2
2016,Middle East,Industry,Renewables,586.3,7939,440.2
2016,Middle East,Industry,Nuclear,35.4,7939,440.2
2016,Middle East,Transport,Coal,100.2,7939,440.2
2016,Middle East,Transport,Oil,150.9,7939,440.2
2016,Middle East,Transport,Natural Gas,165.2,7939,440.2
2016,Middle East,Transport,Renewables,556,7939,440.2
2016,Middle East,Transport,Nuclear,31.9,7939,440.2
2016,Middle East,Buildings,Coal,49,7939,440.2
2016,Middle East,Buildings,Oil,77.3,7939,440.2
2016,Middle East,Buildings,Natural Gas,82.5,7939,440.2
2016,Middle East,Buildings,Renewables,269.2,7939,440.2
2016,Middle East,Buildings,Nuclear,15.8,7939,440.2
2016,Middle East,Agriculture,Coal,38.5,7939,440.2
2016,Middle East,Agriculture,Oil,61.7,7939,440.2
2016,Middle East,Agriculture,Natural Gas,67.3,7939,440.2
2016,Middle East,Agriculture,Renewables,210.9,7939,440.2
2016,Middle East,Agriculture,Nuclear,13,7939,440.2
2017,Middle East,Energy,Coal,187,8193,449.9
2017,Middle East,Energy,Oil,322.5,8193,449.9
2017,Middle East,Energy,Natural Gas,342,8193,449.9
2017,Middle East,Energy,Renewables,1136.4,8193,449.9
2017,Middle East,Energy,Nuclear,68,8193,449.9
2017,Middle East,Industry,Coal,103.4,8193,449.9
2017,Middle East,Industry,Oil,166.1,8193,449.9
2017,Middle East,Industry,Natural Gas,193.2,8193,449.9
2017,Middle East,Industry,Renewables,639.1,8193,449.9
2017,Middle East,Industry,Nuclear,36.7,8193,449.9
2017,Middle East,Transport,Coal,92.5,8193,449.9
2017,Middle East,Transport,Oil,161.4,8193,449.9
2017,Middle East,Transport,Natural Gas,179.1,8193,449.9
2017,Middle East,Transport,Renewables,572.5,8193,449.9
2017,Middle East,Transport,Nuclear,32,8193,449.9
2017,Middle East,Buildings,Coal,48.3,8193,449.9
2017,Middle East,Buildings,Oil,78.6,8193,449.9
2017,Middle East,Buildings,Natural Gas,86.8,8193,449.9
2017,Middle East,Buildings,Renewables,279.9,8193,449.9
2017,Middle East,Buildings,Nuclear,16.7,8193,449.9
2017,Middle East,Agriculture,Coal,39.7,8193,449.9
2017,Middle East,Agriculture,Oil,61.8,8193,449.9
2017,Middle East,Agriculture,Natural Gas,68.3,8193,449.9
2017,Middle East,Agriculture,Renewables,230.4,8193,449.9
2017,Middle East,Agriculture,Nuclear,13.8,8193,449.9
2018,Middle East,Energy,Coal,181.8,8455,459.8
2018,Middle East,Energy,Oil,323.5,8455,459.8
2018,Middle East,Energy,Natural Gas,353.1,8455,459.8
2018,Middle East,Energy,Renewables,1225.9,8455,459.8
2018,Middle East,Energy,Nuclear,70.9,8455,459.8
2018,Middle East,Industry,Coal,100,8455,459.8
2018,Middle East,Industry,Oil,179.5,8455,459.8
2018,Middle East,Industry,Natural Gas,204.3,8455,459.8
2018,Middle East,Industry,Renewables,682.8,8455,459.8
2018,Middle East,Industry,Nuclear,38.2,8455,459.8
2018,Middle East,Transport,Coal,94.9,8455,459.8
2018,Middle East,Transport,Oil,159.5,8455,459.8
2018,Middle East,Transport,Natural Gas,177.5,8455,459.8
2018,Middle East,Transport,Renewables,593.4,8455,459.8
2018,Middle East,Transport,Nuclear,33.5,8455,459.8
2018,Middle East,Buildings,Coal,47.1,8455,459.8
2018,Middle East,Buildings,Oil,79.1,8455,459.8
2018,Middle East,Buildings,Natural Gas,90.8,8455,459.8
2018,Middle East,Buildings,Renewables,311,8455,459.8
2018,Middle East,Buildings,Nuclear,17.9,8455,459.8
2018,Middle East,Agriculture,Coal,36.8,8455,459.8
2018,Middle East,Agriculture,Oil,63.8,8455,459.8
2018,Middle East,Agriculture,Natural Gas,74,8455,459.8
2018,Middle East,Agriculture,Renewables,253.9,8455,459.8
2018,Middle East,Agriculture,Nuclear,14.1,8455,459.8
2019,Middle East,Energy,Coal,176.2,8725,469.9
2019,Middle East,Energy,Oil,311,8725,469.9
2019,Middle East,Energy,Natural Gas,390.4,8725,469.9
2019,Middle East,Energy,Renewables,1326.6,8725,469.9
2019,Middle East,Energy,Nuclear,70.3,8725,469.9
2019,Middle East,Industry,Coal,98.7,8725,469.9
2019,Middle East,Industry,Oil,179.7,8725,469.9
2019,Middle East,Industry,Natural Gas,213,8725,469.9
2019,Middle East,Industry,Renewables,705,8725,469.9
2019,Middle East,Industry,Nuclear,38.6,8725,469.9
2019,Middle East,Transport,Coal,88.2,8725,469.9
2019,Middle East,Transport,Oil,156.6,8725,469.9
2019,Middle East,Transport,Natural Gas,184.6,8725,469.9
2019,Middle East,Transport,Renewables,645.6,8725,469.9
2019,Middle East,Transport,Nuclear,36,8725,469.9
2019,Middle East,Buildings,Coal,46.7,8725,469.9
2019,Middle East,Buildings,Oil,77.6,8725,469.9
2019,Middle East,Buildings,Natural Gas,93.1,8725,469.9
2019,Middle East,Buildings,Renewables,325.6,8725,469.9
2019,Middle East,Buildings,Nuclear,18.1,8725,469.9
2019,Middle East,Agriculture,Coal,37.8,8725,469.9
2019,Middle East,Agriculture,Oil,62.3,8725,469.9
2019,Middle East,Agriculture,Natural Gas,74.3,8725,469.9
2019,Middle East,Agriculture,Renewables,251.6,8725,469.9
2019,Middle East,Agriculture,Nuclear,15,8725,469.9
2020,Middle East,Energy,Coal,167.8,8464,480.2
2020,Middle East,Energy,Oil,302.4,8464,480.2
2020,Middle East,Energy,Natural Gas,362.3,8464,480.2
2020,Middle East,Energy,Renewables,1294.2,8464,480.2
2020,Middle East,Energy,Nuclear,72.6,8464,480.2
2020,Middle East,Industry,Coal,92.1,8464,480.2
2020,Middle East,Industry,Oil,171.7,8464,480.2
2020,Middle East,Industry,Natural Gas,195.7,8464,480.2
2020,Middle East,Industry,Renewables,728.9,8464,480.2
2020,Middle East,Industry,Nuclear,38.3,8464,480.2
2020,Middle East,Transport,Coal,81.4,8464,480.2
2020,Middle East,Transport,Oil,150.8,8464,480.2
2020,Middle East,Transport,Natural Gas,176.6,8464,480.2
2020,Middle East,Transport,Renewables,627,8464,480.2
2020,Middle East,Transport,Nuclear,35.2,8464,480.2
2020,Middle East,Buildings,Coal,40.3,8464,480.2
2020,Middle East,Buildings,Oil,78.2,8464,480.2
2020,Middle East,Buildings,Natural Gas,91.4,8464,480.2
2020,Middle East,Buildings,Renewables,326.6,8464,480.2
2020,Middle East,Buildings,Nuclear,17.1,8464,480.2
2020,Middle East,Agriculture,Coal,33.5,8464,480.2
2020,Middle East,Agriculture,Oil,59.2,8464,480.2
2020,Middle East,Agriculture,Natural Gas,70.9,8464,480.2
2020,Middle East,Agriculture,Renewables,254,8464,480.2
2020,Middle East,Agriculture,Nuclear,14.6,8464,480.2
2021,Middle East,Energy,Coal,171.6,9293,490.8
2021,Middle East,Energy,Oil,342.4,9293,490.8
2021,Middle East,Energy,Natural Gas,405.1,9293,490.8
2021,Middle East,Energy,Renewables,1439.4,9293,490.8
2021,Middle East,Energy,Nuclear,76.5,9293,490.8
2021,Middle East,Industry,Coal,93.9,9293,490.8
2021,Middle East,Industry,Oil,177.4,9293,490.8
2021,Middle East,Industry,Natural Gas,220.5,9293,490.8
2021,Middle East,Industry,Renewables,773.9,9293,490.8
2021,Middle East,Industry,Nuclear,41.7,9293,490.8
2021,Middle East,Transport,Coal,81.4,9293,490.8
2021,Middle East,Transport,Oil,171.2,9293,490.8
2021,Middle East,Transport,Natural Gas,204.1,9293,490.8
2021,Middle East,Transport,Renewables,719.7,9293,490.8
2021,Middle East,Transport,Nuclear,40,9293,490.8
2021,Middle East,Buildings,Coal,41.4,9293,490.8
2021,Middle East,Buildings,Oil,84.1,9293,490.8
2021,Middle East,Buildings,Natural Gas,97.3,9293,490.8
2021,Middle East,Buildings,Renewables,366.6,9293,490.8
2021,Middle East,Buildings,Nuclear,18.9,9293,490.8
2021,Middle East,Agriculture,Coal,32.5,9293,490.8
2021,Middle East,Agriculture,Oil,68,9293,490.8
2021,Middle East,Agriculture,Natural Gas,77,9293,490.8
2021,Middle East,Agriculture,Renewables,289.3,9293,490.8
2021,Middle East,Agriculture,Nuclear,15.1,9293,490.8
2022,Middle East,Energy,Coal,162.8,9590,501.6
2022,Middle East,Energy,Oil,343.4,9590,501.6
2022,Middle East,Energy,Natural Gas,405.7,9590,501.6
2022,Middle East,Energy,Renewables,1485.7,9590,501.6
2022,Middle East,Energy,Nuclear,84.6,9590,501.6
2022,Middle East,Industry,Coal,87.6,9590,501.6
2022,Middle East,Industry,Oil,183.9,9590,501.6
2022,Middle East,Industry,Natural Gas,221.4,9590,501.6
2022,Middle East,Industry,Renewables,870.9,9590,501.6
2022,Middle East,Industry,Nuclear,45.1,9590,501.6
2022,Middle East,Transport,Coal,80.5,9590,501.6
2022,Middle East,Transport,Oil,172.6,9590,501.6
2022,Middle East,Transport,Natural Gas,200.6,9590,501.6
2022,Middle East,Transport,Renewables,755.6,9590,501.6
2022,Middle East,Transport,Nuclear,42.1,9590,501.6
2022,Middle East,Buildings,Coal,40,9590,501.6
2022,Middle East,Buildings,Oil,82.8,9590,501.6
2022,Middle East,Buildings,Natural Gas,106.2,9590,501.6
2022,Middle East,Buildings,Renewables,398.7,9590,501.6
2022,Middle East,Buildings,Nuclear,20.4,9590,501.6
2022,Middle East,Agriculture,Coal,32.2,9590,501.6
2022,Middle East,Agriculture,Oil,67.4,9590,501.6
2022,Middle East,Agriculture,Natural Gas,84.3,9590,501.6
2022,Middle East,Agriculture,Renewables,301.3,9590,501.6
2022,Middle East,Agriculture,Nuclear,15.8,9590,501.6
2023,Middle East,Energy,Coal,156,9897,512.6
2023,Middle East,Energy,Oil,357.7,9897,512.6
2023,Middle East,Energy,Natural Gas,422.6,9897,512.6
2023,Middle East,Energy,Renewables,1619.3,9897,512.6
2023,Middle East,Energy,Nuclear,88.2,9897,512.6
2023,Middle East,Industry,Coal,85.9,9897,512.6
2023,Middle East,Industry,Oil,189.4,9897,512.6
2023,Middle East,Industry,Natural Gas,229.4,9897,512.6
2023,Middle East,Industry,Renewables,869.7,9897,512.6
2023,Middle East,Industry,Nuclear,45.8,9897,512.6
2023,Middle East,Transport,Coal,77.6,9897,512.6
2023,Middle East,Transport,Oil,170.3,9897,512.6
2023,Middle East,Transport,Natural Gas,220.7,9897,512.6
2023,Middle East,Transport,Renewables,824.2,9897,512.6
2023,Middle East,Transport,Nuclear,43.3,9897,512.6
2023,Middle East,Buildings,Coal,39.1,9897,512.6
2023,Middle East,Buildings,Oil,84,9897,512.6
2023,Middle East,Buildings,Natural Gas,112.3,9897,512.6
2023,Middle East,Buildings,Renewables,413.9,9897,512.6
2023,Middle East,Buildings,Nuclear,21.6,9897,512.6
2023,Middle East,Agriculture,Coal,31.9,9897,512.6
2023,Middle East,Agriculture,Oil,67.7,9897,512.6
2023,Middle East,Agriculture,Natural Gas,86.5,9897,512.6
2023,Middle East,Agriculture,Renewables,325.6,9897,512.6
2023,Middle East,Agriculture,Nuclear,17.2,9897,512.6
2024,Middle East,Energy,Coal,151.9,10214,523.9
2024,Middle East,Energy,Oil,355.8,10214,523.9
2024,Middle East,Energy,Natural Gas,431.5,10214,523.9
2024,Middle East,Energy,Renewables,1740,10214,523.9
2024,Middle East,Energy,Nuclear,88.7,10214,523.9
2024,Middle East,Industry,Coal,80.6,10214,523.9
2024,Middle East,Industry,Oil,197.1,10214,523.9
2024,Middle East,Industry,Natural Gas,243,10214,523.9
2024,Middle East,Industry,Renewables,951.2,10214,523.9
2024,Middle East,Industry,Nuclear,47.5,10214,523.9
2024,Middle East,Transport,Coal,75.4,10214,523.9
2024,Middle East,Transport,Oil,180.7,10214,523.9
2024,Middle East,Transport,Natural Gas,229.5,10214,523.9
2024,Middle East,Transport,Renewables,854.3,10214,523.9
2024,Middle East,Transport,Nuclear,44.3,10214,523.9
2024,Middle East,Buildings,Coal,39,10214,523.9
2024,Middle East,Buildings,Oil,89.7,10214,523.9
2024,Middle East,Buildings,Natural Gas,112.4,10214,523.9
2024,Middle East,Buildings,Renewables,427.2,10214,523.9
2024,Middle East,Buildings,Nuclear,22.8,10214,523.9
2024,Middle East,Agriculture,Coal,29.2,10214,523.9
2024,Middle East,Agriculture,Oil,69.1,10214,523.9
2024,Middle East,Agriculture,Natural Gas,86,10214,523.9
2024,Middle East,Agriculture,Renewables,335.3,10214,523.9
2024,Middle East,Agriculture,Nuclear,18.2,10214,523.9
1990,Latin America,Energy,Coal,162.6,4000,640
1990,Latin America,Energy,Oil,144.9,4000,640
1990,Latin America,Energy,Natural Gas,94.9,4000,640
1990,Latin America,Energy,Renewables,21.8,4000,640
1990,Latin America,Energy,Nuclear,13.7,4000,640
1990,Latin America,Industry,Coal,91.7,4000,640
1990,Latin America,Industry,Oil,74.5,4000,640
1990,Latin America,Industry,Natural Gas,51.1,4000,640
1990,Latin America,Industry,Renewables,12.1,4000,640
1990,Latin America,Industry,Nuclear,7.3,4000,640
1990,Latin America,Transport,Coal,83.2,4000,640
1990,Latin America,Transport,Oil,68.1,4000,640
1990,Latin America,Transport,Natural Gas,47.5,4000,640
1990,Latin America,Transport,Renewables,11.4,4000,640
1990,Latin America,Transport,Nuclear,6.8,4000,640
1990,Latin America,Buildings,Coal,40.6,4000,640
1990,Latin America,Buildings,Oil,35.6,4000,640
1990,Latin America,Buildings,Natural Gas,25.1,4000,640
1990,Latin America,Buildings,Renewables,5.4,4000,640
1990,Latin America,Buildings,Nuclear,3.2,4000,640
1990,Latin America,Agriculture,Coal,32.2,4000,640
1990,Latin America,Agriculture,Oil,28.3,4000,640
1990,Latin America,Agriculture,Natural Gas,19.9,4000,640
1990,Latin America,Agriculture,Renewables,4.4,4000,640
1990,Latin America,Agriculture,Nuclear,2.7,4000,640
1991,Latin America,Energy,Coal,170.8,4100,647.7
1991,Latin America,Energy,Oil,146.9,4100,647.7
1991,Latin America,Energy,Natural Gas,96.9,4100,647.7
1991,Latin America,Energy,Renewables,36.9,4100,647.7
1991,Latin America,Energy,Nuclear,13.8,4100,647.7
1991,Latin America,Industry,Coal,92.1,4100,647.7
1991,Latin America,Industry,Oil,80.8,4100,647.7
1991,Latin America,Industry,Natural Gas,55.7,4100,647.7
1991,Latin America,Industry,Renewables,21.1,4100,647.7
1991,Latin America,Industry,Nuclear,7.7,4100,647.7
1991,Latin America,Transport,Coal,83.2,4100,647.7
1991,Latin America,Transport,Oil,73,4100,647.7
1991,Latin America,Transport,Natural Gas,49.7,4100,647.7
1991,Latin America,Transport,Renewables,18.7,4100,647.7
1991,Latin America,Transport,Nuclear,6.7,4100,647.7
1991,Latin America,Buildings,Coal,42.4,4100,647.7
1991,Latin America,Buildings,Oil,36.3,4100,647.7
1991,Latin America,Buildings,Natural Gas,25.3,4100,647.7
1991,Latin America,Buildings,Renewables,9.5,4100,647.7
1991,Latin America,Buildings,Nuclear,3.5,4100,647.7
1991,Latin America,Agriculture,Coal,34.3,4100,647.7
1991,Latin America,Agriculture,Oil,29.2,4100,647.7
1991,Latin America,Agriculture,Natural Gas,19.4,4100,647.7
1991,Latin America,Agriculture,Renewables,7.9,4100,647.7
1991,Latin America,Agriculture,Nuclear,2.7,4100,647.7
1992,Latin America,Energy,Coal,157.6,4203,655.5
1992,Latin America,Energy,Oil,144,4203,655.5
1992,Latin America,Energy,Natural Gas,100.8,4203,655.5
1992,Latin America,Energy,Renewables,54.3,4203,655.5
1992,Latin America,Energy,Nuclear,14.9,4203,655.5
1992,Latin America,Industry,Coal,93.7,4203,655.5
1992,Latin America,Industry,Oil,78.1,4203,655.5
1992,Latin America,Industry,Natural Gas,54.6,4203,655.5
1992,Latin America,Industry,Renewables,29.6,4203,655.5
1992,Latin America,Industry,Nuclear,8.2,4203,655.5
1992,Latin America,Transport,Coal,85.1,4203,655.5
1992,Latin America,Transport,Oil,73.4,4203,655.5
1992,Latin America,Transport,Natural Gas,49.7,4203,655.5
1992,Latin America,Transport,Renewables,28.1,4203,655.5
1992,Latin America,Transport,Nuclear,7.2,4203,655.5
1992,Latin America,Buildings,Coal,41.4,4203,655.5
1992,Latin America,Buildings,Oil,35.3,4203,655.5
1992,Latin America,Buildings,Natural Gas,25.5,4203,655.5
1992,Latin America,Buildings,Renewables,13.2,4203,655.5
1992,Latin America,Buildings,Nuclear,3.6,4203,655.5
1992,Latin America,Agriculture,Coal,33.4,4203,655.5
1992,Latin America,Agriculture,Oil,29.2,4203,655.5
1992,Latin America,Agriculture,Natural Gas,20.8,4203,655.5
1992,Latin America,Agriculture,Renewables,10.9,4203,655.5
1992,Latin America,Agriculture,Nuclear,2.8,4203,655.5
1993,Latin America,Energy,Coal,157.2,4308,663.3
1993,Latin America,Energy,Oil,142.6,4308,663.3
1993,Latin America,Energy,Natural Gas,106.2,4308,663.3
1993,Latin America,Energy,Renewables,68.4,4308,663.3
1993,Latin America,Energy,Nuclear,14.9,4308,663.3
1993,Latin America,Industry,Coal,91.5,4308,663.3
1993,Latin America,Industry,Oil,77.5,4308,663.3
1993,Latin America,Industry,Natural Gas,56.9,4308,663.3
1993,Latin America,Industry,Renewables,40.4,4308,663.3
1993,Latin America,Industry,Nuclear,8.1,4308,663.3
1993,Latin America,Transport,Coal,84.3,4308,663.3
1993,Latin America,Transport,Oil,72.4,4308,663.3
1993,Latin America,Transport,Natural Gas,51.9,4308,663.3
1993,Latin America,Transport,Renewables,36.3,4308,663.3
1993,Latin America,Transport,Nuclear,7.3,4308,663.3
1993,Latin America,Buildings,Coal,40.5,4308,663.3
1993,Latin America,Buildings,Oil,34.8,4308,663.3
1993,Latin America,Buildings,Natural Gas,26.1,4308,663.3
1993,Latin America,Buildings,Renewables,18,4308,663.3
1993,Latin America,Buildings,Nuclear,3.8,4308,663.3
1993,Latin America,Agriculture,Coal,32.7,4308,663.3
1993,Latin America,Agriculture,Oil,28.5,4308,663.3
1993,Latin America,Agriculture,Natural Gas,20.6,4308,663.3
1993,Latin America,Agriculture,Renewables,14,4308,663.3
1993,Latin America,Agriculture,Nuclear,3,4308,663.3
1994,Latin America,Energy,Coal,157.9,4415,671.3
1994,Latin America,Energy,Oil,146.3,4415,671.3
1994,Latin America,Energy,Natural Gas,109.9,4415,671.3
1994,Latin America,Energy,Renewables,90.3,4415,671.3
1994,Latin America,Energy,Nuclear,15.2,4415,671.3
1994,Latin America,Industry,Coal,88.7,4415,671.3
1994,Latin America,Industry,Oil,79.2,4415,671.3
1994,Latin America,Industry,Natural Gas,60.6,4415,671.3
1994,Latin America,Industry,Renewables,49.2,4415,671.3
1994,Latin America,Industry,Nuclear,8.4,4415,671.3
1994,Latin America,Transport,Coal,80.7,4415,671.3
1994,Latin America,Transport,Oil,69.3,4415,671.3
1994,Latin America,Transport,Natural Gas,52.6,4415,671.3
1994,Latin America,Transport,Renewables,44,4415,671.3
1994,Latin America,Transport,Nuclear,7.6,4415,671.3
1994,Latin America,Buildings,Coal,39.5,4415,671.3
1994,Latin America,Buildings,Oil,35.2,4415,671.3
1994,Latin America,Buildings,Natural Gas,27.5,4415,671.3
1994,Latin America,Buildings,Renewables,21.8,4415,671.3
1994,Latin America,Buildings,Nuclear,3.8,4415,671.3
1994,Latin America,Agriculture,Coal,32.5,4415,671.3
1994,Latin America,Agriculture,Oil,28,4415,671.3
1994,Latin America,Agriculture,Natural Gas,20.8,4415,671.3
1994,Latin America,Agriculture,Renewables,17.1,4415,671.3
1994,Latin America,Agriculture,Nuclear,3.1,4415,671.3
1995,Latin America,Energy,Coal,153.2,4526,679.3
1995,Latin America,Energy,Oil,149.3,4526,679.3
1995,Latin America,Energy,Natural Gas,108.5,4526,679.3
1995,Latin America,Energy,Renewables,104.9,4526,679.3
1995,Latin America,Energy,Nuclear,16,4526,679.3
1995,Latin America,Industry,Coal,87.1,4526,679.3
1995,Latin America,Industry,Oil,80.1,4526,679.3
1995,Latin America,Industry,Natural Gas,61.2,4526,679.3
1995,Latin America,Industry,Renewables,59.8,4526,679.3
1995,Latin America,Industry,Nuclear,8.7,4526,679.3
1995,Latin America,Transport,Coal,78,4526,679.3
1995,Latin America,Transport,Oil,73.1,4526,679.3
1995,Latin America,Transport,Natural Gas,55.3,4526,679.3
1995,Latin America,Transport,Renewables,51.9,4526,679.3
1995,Latin America,Transport,Nuclear,8.4,4526,679.3
1995,Latin America,Buildings,Coal,38.6,4526,679.3
1995,Latin America,Buildings,Oil,37.5,4526,679.3
1995,Latin America,Buildings,Natural Gas,28.3,4526,679.3
1995,Latin America,Buildings,Renewables,26.4,4526,679.3
1995,Latin America,Buildings,Nuclear,4.2,4526,679.3
1995,Latin America,Agriculture,Coal,31.4,4526,679.3
1995,Latin America,Agriculture,Oil,29,4526,679.3
1995,Latin America,Agriculture,Natural Gas,22.7,4526,679.3
1995,Latin America,Agriculture,Renewables,21.3,4526,679.3
1995,Latin America,Agriculture,Nuclear,3.4,4526,679.3
1996,Latin America,Energy,Coal,151.1,4639,687.5
1996,Latin America,Energy,Oil,141.1,4639,687.5
1996,Latin America,Energy,Natural Gas,109.4,4639,687.5
1996,Latin America,Energy,Renewables,122.3,4639,687.5
1996,Latin America,Energy,Nuclear,17.5,4639,687.5
1996,Latin America,Industry,Coal,85.2,4639,687.5
1996,Latin America,Industry,Oil,79.1,4639,687.5
1996,Latin America,Industry,Natural Gas,62.8,4639,687.5
1996,Latin America,Industry,Renewables,70.2,4639,687.5
1996,Latin America,Industry,Nuclear,9.2,4639,687.5
1996,Latin America,Transport,Coal,79.2,4639,687.5
1996,Latin America,Transport,Oil,71.8,4639,687.5
1996,Latin America,Transport,Natural Gas,55.3,4639,687.5
1996,Latin America,Transport,Renewables,63.6,4639,687.5
1996,Latin America,Transport,Nuclear,8.6,4639,687.5
1996,Latin America,Buildings,Coal,40,4639,687.5
1996,Latin America,Buildings,Oil,36.4,4639,687.5
1996,Latin America,Buildings,Natural Gas,27.9,4639,687.5
1996,Latin America,Buildings,Renewables,31.9,4639,687.5
1996,Latin America,Buildings,Nuclear,4.3,4639,687.5
1996,Latin America,Agriculture,Coal,30.9,4639,687.5
1996,Latin America,Agriculture,Oil,28.5,4639,687.5
1996,Latin America,Agriculture,Natural Gas,23.2,4639,687.5
1996,Latin America,Agriculture,Renewables,25.5,4639,687.5
1996,Latin America,Agriculture,Nuclear,3.3,4639,687.5
1997,Latin America,Energy,Coal,153.4,4755,695.7
1997,Latin America,Energy,Oil,142.3,4755,695.7
1997,Latin America,Energy,Natural Gas,112.1,4755,695.7
1997,Latin America,Energy,Renewables,137.8,4755,695.7
1997,Latin America,Energy,Nuclear,17,4755,695.7
1997,Latin America,Industry,Coal,82.2,4755,695.7
1997,Latin America,Industry,Oil,78.8,4755,695.7
1997,Latin America,Industry,Natural Gas,65.9,4755,695.7
1997,Latin America,Industry,Renewables,75.6,4755,695.7
1997,Latin America,Industry,Nuclear,9.8,4755,695.7
1997,Latin America,Transport,Coal,79.3,4755,695.7
1997,Latin America,Transport,Oil,71.7,4755,695.7
1997,Latin America,Transport,Natural Gas,55.9,4755,695.7
1997,Latin America,Transport,Renewables,72.1,4755,695.7
1997,Latin America,Transport,Nuclear,9,4755,695.7
1997,Latin America,Buildings,Coal,39.3,4755,695.7
1997,Latin America,Buildings,Oil,35.7,4755,695.7
1997,Latin America,Buildings,Natural Gas,29,4755,695.7
1997,Latin America,Buildings,Renewables,36,4755,695.7
1997,Latin America,Buildings,Nuclear,4.6,4755,695.7
1997,Latin America,Agriculture,Coal,31.9,4755,695.7
1997,Latin America,Agriculture,Oil,30,4755,695.7
1997,Latin America,Agriculture,Natural Gas,22.4,4755,695.7
1997,Latin America,Agriculture,Renewables,27.5,4755,695.7
1997,Latin America,Agriculture,Nuclear,3.6,4755,695.7
1998,Latin America,Energy,Coal,147.1,4874,704.1
1998,Latin America,Energy,Oil,146.3,4874,704.1
1998,Latin America,Energy,Natural Gas,114.8,4874,704.1
1998,Latin America,Energy,Renewables,155.7,4874,704.1
1998,Latin America,Energy,Nuclear,18.1,4874,704.1
1998,Latin America,Industry,Coal,82,4874,704.1
1998,Latin America,Industry,Oil,80,4874,704.1
1998,Latin America,Industry,Natural Gas,65.4,4874,704.1
1998,Latin America,Industry,Renewables,87.3,4874,704.1
1998,Latin America,Industry,Nuclear,9.8,4874,704.1
1998,Latin America,Transport,Coal,74.6,4874,704.1
1998,Latin America,Transport,Oil,73.7,4874,704.1
1998,Latin America,Transport,Natural Gas,57.1,4874,704.1
1998,Latin America,Transport,Renewables,78.4,4874,704.1
1998,Latin America,Transport,Nuclear,9.4,4874,704.1
1998,Latin America,Buildings,Coal,37,4874,704.1
1998,Latin America,Buildings,Oil,37.5,4874,704.1
1998,Latin America,Buildings,Natural Gas,29.7,4874,704.1
1998,Latin America,Buildings,Renewables,40.5,4874,704.1
1998,Latin America,Buildings,Nuclear,4.5,4874,704.1
1998,Latin America,Agriculture,Coal,30.8,4874,704.1
1998,Latin America,Agriculture,Oil,28.9,4874,704.1
1998,Latin America,Agriculture,Natural Gas,24.1,4874,704.1
1998,Latin America,Agriculture,Renewables,32,4874,704.1
1998,Latin America,Agriculture,Nuclear,3.6,4874,704.1
1999,Latin America,Energy,Coal,155.3,4995,712.5
1999,Latin America,Energy,Oil,147.1,4995,712.5
1999,Latin America,Energy,Natural Gas,117.5,4995,712.5
1999,Latin America,Energy,Renewables,183.5,4995,712.5
1999,Latin America,Energy,Nuclear,19.1,4995,712.5
1999,Latin America,Industry,Coal,81,4995,712.5
1999,Latin America,Industry,Oil,82.3,4995,712.5
1999,Latin America,Industry,Natural Gas,64.2,4995,712.5
1999,Latin America,Industry,Renewables,94.5,4995,712.5
1999,Latin America,Industry,Nuclear,10.5,4995,712.5
1999,Latin America,Transport,Coal,74,4995,712.5
1999,Latin America,Transport,Oil,71.4,4995,712.5
1999,Latin America,Transport,Natural Gas,58.3,4995,712.5
1999,Latin America,Transport,Renewables,92.7,4995,712.5
1999,Latin America,Transport,Nuclear,9.5,4995,712.5
1999,Latin America,Buildings,Coal,36.9,4995,712.5
1999,Latin America,Buildings,Oil,36.2,4995,712.5
1999,Latin America,Buildings,Natural Gas,29.2,4995,712.5
1999,Latin America,Buildings,Renewables,44,4995,712.5
1999,Latin America,Buildings,Nuclear,4.8,4995,712.5
1999,Latin America,Agriculture,Coal,30,4995,712.5
1999,Latin America,Agriculture,Oil,29.8,4995,712.5
1999,Latin America,Agriculture,Natural Gas,25,4995,712.5
1999,Latin America,Agriculture,Renewables,35.4,4995,712.5
1999,Latin America,Agriculture,Nuclear,3.7,4995,712.5
2000,Latin America,Energy,Coal,152.1,5120,721.1
2000,Latin America,Energy,Oil,152.8,5120,721.1
2000,Latin America,Energy,Natural Gas,119.6,5120,721.1
2000,Latin America,Energy,Renewables,191,5120,721.1
2000,Latin America,Energy,Nuclear,19.7,5120,721.1
2000,Latin America,Industry,Coal,80.8,5120,721.1
2000,Latin America,Industry,Oil,82.4,5120,721.1
2000,Latin America,Industry,Natural Gas,70.2,5120,721.1
2000,Latin America,Industry,Renewables,107.1,5120,721.1
2000,Latin America,Industry,Nuclear,10.7,5120,721.1
2000,Latin America,Transport,Coal,75.4,5120,721.1
2000,Latin America,Transport,Oil,72.8,5120,721.1
2000,Latin America,Transport,Natural Gas,64.3,5120,721.1
2000,Latin America,Transport,Renewables,96,5120,721.1
2000,Latin America,Transport,Nuclear,10.1,5120,721.1
2000,Latin America,Buildings,Coal,36.3,5120,721.1
2000,Latin America,Buildings,Oil,37.5,5120,721.1
2000,Latin America,Buildings,Natural Gas,31.8,5120,721.1
2000,Latin America,Buildings,Renewables,48.4,5120,721.1
2000,Latin America,Buildings,Nuclear,5,5120,721.1
2000,Latin America,Agriculture,Coal,29.3,5120,721.1
2000,Latin America,Agriculture,Oil,28.9,5120,721.1
2000,Latin America,Agriculture,Natural Gas,24.5,5120,721.1
2000,Latin America,Agriculture,Renewables,40.2,5120,721.1
2000,Latin America,Agriculture,Nuclear,4.1,5120,721.1
2001,Latin America,Energy,Coal,145.5,5248,729.7
2001,Latin America,Energy,Oil,143.9,5248,729.7
2001,Latin America,Energy,Natural Gas,127.3,5248,729.7
2001,Latin America,Energy,Renewables,210,5248,729.7
2001,Latin America,Energy,Nuclear,20.6,5248,729.7
2001,Latin America,Industry,Coal,83.1,5248,729.7
2001,Latin America,Industry,Oil,85.2,5248,729.7
2001,Latin America,Industry,Natural Gas,69.8,5248,729.7
2001,Latin America,Industry,Renewables,123.6,5248,729.7
2001,Latin America,Industry,Nuclear,11.8,5248,729.7
2001,Latin America,Transport,Coal,71,5248,729.7
2001,Latin America,Transport,Oil,73.1,5248,729.7
2001,Latin America,Transport,Natural Gas,61.6,5248,729.7
2001,Latin America,Transport,Renewables,110.5,5248,729.7
2001,Latin America,Transport,Nuclear,10.2,5248,729.7
2001,Latin America,Buildings,Coal,37.8,5248,729.7
2001,Latin America,Buildings,Oil,38.1,5248,729.7
2001,Latin America,Buildings,Natural Gas,30.9,5248,729.7
2001,Latin America,Buildings,Renewables,56.4,5248,729.7
2001,Latin America,Buildings,Nuclear,5.2,5248,729.7
2001,Latin America,Agriculture,Coal,28.5,5248,729.7
2001,Latin America,Agriculture,Oil,30.4,5248,729.7
2001,Latin America,Agriculture,Natural Gas,26.4,5248,729.7
2001,Latin America,Agriculture,Renewables,43.2,5248,729.7
2001,Latin America,Agriculture,Nuclear,4.3,5248,729.7
2002,Latin America,Energy,Coal,140,5380,738.5
2002,Latin America,Energy,Oil,154.5,5380,738.5
2002,Latin America,Energy,Natural Gas,126.6,5380,738.5
2002,Latin America,Energy,Renewables,245.6,5380,738.5
2002,Latin America,Energy,Nuclear,21.7,5380,738.5
2002,Latin America,Industry,Coal,81.3,5380,738.5
2002,Latin America,Industry,Oil,81.4,5380,738.5
2002,Latin America,Industry,Natural Gas,70.3,5380,738.5
2002,Latin America,Industry,Renewables,132.3,5380,738.5
2002,Latin America,Industry,Nuclear,11.7,5380,738.5
2002,Latin America,Transport,Coal,73.4,5380,738.5
2002,Latin America,Transport,Oil,77,5380,738.5
2002,Latin America,Transport,Natural Gas,64.6,5380,738.5
2002,Latin America,Transport,Renewables,117.8,5380,738.5
2002,Latin America,Transport,Nuclear,10.4,5380,738.5
2002,Latin America,Buildings,Coal,35.5,5380,738.5
2002,Latin America,Buildings,Oil,36.3,5380,738.5
2002,Latin America,Buildings,Natural Gas,31.8,5380,738.5
2002,Latin America,Buildings,Renewables,60.4,5380,738.5
2002,Latin America,Buildings,Nuclear,5.2,5380,738.5
2002,Latin America,Agriculture,Coal,29.3,5380,738.5
2002,Latin America,Agriculture,Oil,28.9,5380,738.5
2002,Latin America,Agriculture,Natural Gas,26.5,5380,738.5
2002,Latin America,Agriculture,Renewables,49.3,5380,738.5
2002,Latin America,Agriculture,Nuclear,4.2,5380,738.5
2003,Latin America,Energy,Coal,144.4,5514,747.4
2003,Latin America,Energy,Oil,148.7,5514,747.4
2003,Latin America,Energy,Natural Gas,133.9,5514,747.4
2003,Latin America,Energy,Renewables,253.1,5514,747.4
2003,Latin America,Energy,Nuclear,22.7,5514,747.4
2003,Latin America,Industry,Coal,78.2,5514,747.4
2003,Latin America,Industry,Oil,86,5514,747.4
2003,Latin America,Industry,Natural Gas,75.8,5514,747.4
2003,Latin America,Industry,Renewables,137.2,5514,747.4
2003,Latin America,Industry,Nuclear,12.5,5514,747.4
2003,Latin America,Transport,Coal,69.6,5514,747.4
2003,Latin America,Transport,Oil,73.4,5514,747.4
2003,Latin America,Transport,Natural Gas,67,5514,747.4
2003,Latin America,Transport,Renewables,127.2,5514,747.4
2003,Latin America,Transport,Nuclear,11.3,5514,747.4
2003,Latin America,Buildings,Coal,35.4,5514,747.4
2003,Latin America,Buildings,Oil,36.4,5514,747.4
2003,Latin America,Buildings,Natural Gas,34.3,5514,747.4
2003,Latin America,Buildings,Renewables,67.3,5514,747.4
2003,Latin America,Buildings,Nuclear,5.5,5514,747.4
2003,Latin America,Agriculture,Coal,28.4,5514,747.4
2003,Latin America,Agriculture,Oil,29.1,5514,747.4
2003,Latin America,Agriculture,Natural Gas,27.5,5514,747.4
2003,Latin America,Agriculture,Renewables,53.6,5514,747.4
2003,Latin America,Agriculture,Nuclear,4.6,5514,747.4
2004,Latin America,Energy,Coal,144.7,5652,756.3
2004,Latin America,Energy,Oil,148.6,5652,756.3
2004,Latin America,Energy,Natural Gas,134.7,5652,756.3
2004,Latin America,Energy,Renewables,272.5,5652,756.3
2004,Latin America,Energy,Nuclear,23,5652,756.3
2004,Latin America,Industry,Coal,74.8,5652,756.3
2004,Latin America,Industry,Oil,82.9,5652,756.3
2004,Latin America,Industry,Natural Gas,76.3,5652,756.3
2004,Latin America,Industry,Renewables,157.8,5652,756.3
2004,Latin America,Industry,Nuclear,12.6,5652,756.3
2004,Latin America,Transport,Coal,70.6,5652,756.3
2004,Latin America,Transport,Oil,75.4,5652,756.3
2004,Latin America,Transport,Natural Gas,67.6,5652,756.3
2004,Latin America,Transport,Renewables,140.7,5652,756.3
2004,Latin America,Transport,Nuclear,11.7,5652,756.3
2004,Latin America,Buildings,Coal,34.6,5652,756.3
2004,Latin America,Buildings,Oil,36.8,5652,756.3
2004,Latin America,Buildings,Natural Gas,33.1,5652,756.3
2004,Latin America,Buildings,Renewables,69.8,5652,756.3
2004,Latin America,Buildings,Nuclear,5.5,5652,756.3
2004,Latin America,Agriculture,Coal,28.5,5652,756.3
2004,Latin America,Agriculture,Oil,30.3,5652,756.3
2004,Latin America,Agriculture,Natural Gas,28,5652,756.3
2004,Latin America,Agriculture,Renewables,54.5,5652,756.3
2004,Latin America,Agriculture,Nuclear,4.7,5652,756.3
2005,Latin America,Energy,Coal,140.5,5793,765.4
2005,Latin America,Energy,Oil,147.2,5793,765.4
2005,Latin America,Energy,Natural Gas,142.5,5793,765.4
2005,Latin America,Energy,Renewables,296.2,5793,765.4
2005,Latin America,Energy,Nuclear,23.4,5793,765.4
2005,Latin America,Industry,Coal,77,5793,765.4
2005,Latin America,Industry,Oil,81.6,5793,765.4
2005,Latin America,Industry,Natural Gas,76,5793,765.4
2005,Latin America,Industry,Renewables,164.8,5793,765.4
2005,Latin America,Industry,Nuclear,13.1,5793,765.4
2005,Latin America,Transport,Coal,66,5793,765.4
2005,Latin America,Transport,Oil,78.3,5793,765.4
2005,Latin America,Transport,Natural Gas,69.9,5793,765.4
2005,Latin America,Transport,Renewables,147.1,5793,765.4
2005,Latin America,Transport,Nuclear,12.1,5793,765.4
2005,Latin America,Buildings,Coal,35.4,5793,765.4
2005,Latin America,Buildings,Oil,38,5793,765.4
2005,Latin America,Buildings,Natural Gas,36,5793,765.4
2005,Latin America,Buildings,Renewables,75.1,5793,765.4
2005,Latin America,Buildings,Nuclear,6.1,5793,765.4
2005,Latin America,Agriculture,Coal,26.4,5793,765.4
2005,Latin America,Agriculture,Oil,30.9,5793,765.4
2005,Latin America,Agriculture,Natural Gas,28.5,5793,765.4
2005,Latin America,Agriculture,Renewables,62.2,5793,765.4
2005,Latin America,Agriculture,Nuclear,4.7,5793,765.4
2006,Latin America,Energy,Coal,137,5938,774.6
2006,Latin America,Energy,Oil,149.6,5938,774.6
2006,Latin America,Energy,Natural Gas,147.5,5938,774.6
2006,Latin America,Energy,Renewables,318.4,5938,774.6
2006,Latin America,Energy,Nuclear,25.2,5938,774.6
2006,Latin America,Industry,Coal,72.6,5938,774.6
2006,Latin America,Industry,Oil,85.6,5938,774.6
2006,Latin America,Industry,Natural Gas,78.3,5938,774.6
2006,Latin America,Industry,Renewables,173.6,5938,774.6
2006,Latin America,Industry,Nuclear,13.3,5938,774.6
2006,Latin America,Transport,Coal,64.8,5938,774.6
2006,Latin America,Transport,Oil,79,5938,774.6
2006,Latin America,Transport,Natural Gas,72.8,5938,774.6
2006,Latin America,Transport,Renewables,162.1,5938,774.6
2006,Latin America,Transport,Nuclear,12.6,5938,774.6
2006,Latin America,Buildings,Coal,32.6,5938,774.6
2006,Latin America,Buildings,Oil,38.1,5938,774.6
2006,Latin America,Buildings,Natural Gas,36.9,5938,774.6
2006,Latin America,Buildings,Renewables,78.4,5938,774.6
2006,Latin America,Buildings,Nuclear,5.9,5938,774.6
2006,Latin America,Agriculture,Coal,27.6,5938,774.6
2006,Latin America,Agriculture,Oil,29.7,5938,774.6
2006,Latin America,Agriculture,Natural Gas,28.2,5938,774.6
2006,Latin America,Agriculture,Renewables,65.8,5938,774.6
2006,Latin America,Agriculture,Nuclear,4.7,5938,774.6
2007,Latin America,Energy,Coal,133.1,6086,783.9
2007,Latin America,Energy,Oil,151,6086,783.9
2007,Latin America,Energy,Natural Gas,144.1,6086,783.9
2007,Latin America,Energy,Renewables,338.9,6086,783.9
2007,Latin America,Energy,Nuclear,26.1,6086,783.9
2007,Latin America,Industry,Coal,71,6086,783.9
2007,Latin America,Industry,Oil,86.1,6086,783.9
2007,Latin America,Industry,Natural Gas,80,6086,783.9
2007,Latin America,Industry,Renewables,185.8,6086,783.9
2007,Latin America,Industry,Nuclear,13.4,6086,783.9
2007,Latin America,Transport,Coal,66.6,6086,783.9
2007,Latin America,Transport,Oil,74.5,6086,783.9
2007,Latin America,Transport,Natural Gas,74.2,6086,783.9
2007,Latin America,Transport,Renewables,167,6086,783.9
2007,Latin America,Transport,Nuclear,12.6,6086,783.9
2007,Latin America,Buildings,Coal,34,6086,783.9
2007,Latin America,Buildings,Oil,37.8,6086,783.9
2007,Latin America,Buildings,Natural Gas,35.5,6086,783.9
2007,Latin America,Buildings,Renewables,86.6,6086,783.9
2007,Latin America,Buildings,Nuclear,6.2,6086,783.9
2007,Latin America,Agriculture,Coal,26.4,6086,783.9
2007,Latin America,Agriculture,Oil,30,6086,783.9
2007,Latin America,Agriculture,Natural Gas,28.7,6086,783.9
2007,Latin America,Agriculture,Renewables,69.6,6086,783.9
2007,Latin America,Agriculture,Nuclear,4.9,6086,783.9
2008,Latin America,Energy,Coal,128.7,6239,793.3
2008,Latin America,Energy,Oil,155.4,6239,793.3
2008,Latin America,Energy,Natural Gas,146.8,6239,793.3
2008,Latin America,Energy,Renewables,375.8,6239,793.3
2008,Latin America,Energy,Nuclear,26.8,6239,793.3
2008,Latin America,Industry,Coal,70.5,6239,793.3
2008,Latin America,Industry,Oil,84.5,6239,793.3
2008,Latin America,Industry,Natural Gas,81.6,6239,793.3
2008,Latin America,Industry,Renewables,198.9,6239,793.3
2008,Latin America,Industry,Nuclear,14.8,6239,793.3
2008,Latin America,Transport,Coal,63,6239,793.3
2008,Latin America,Transport,Oil,77.4,6239,793.3
2008,Latin America,Transport,Natural Gas,73.4,6239,793.3
2008,Latin America,Transport,Renewables,188,6239,793.3
2008,Latin America,Transport,Nuclear,12.7,6239,793.3
2008,Latin America,Buildings,Coal,32.9,6239,793.3
2008,Latin America,Buildings,Oil,38.1,6239,793.3
2008,Latin America,Buildings,Natural Gas,36.1,6239,793.3
2008,Latin America,Buildings,Renewables,94.5,6239,793.3
2008,Latin America,Buildings,Nuclear,6.7,6239,793.3
2008,Latin America,Agriculture,Coal,25.7,6239,793.3
2008,Latin America,Agriculture,Oil,30.2,6239,793.3
2008,Latin America,Agriculture,Natural Gas,29,6239,793.3
2008,Latin America,Agriculture,Renewables,76.4,6239,793.3
2008,Latin America,Agriculture,Nuclear,5.1,6239,793.3
2009,Latin America,Energy,Coal,129.2,6139,802.8
2009,Latin America,Energy,Oil,150.5,6139,802.8
2009,Latin America,Energy,Natural Gas,156.7,6139,802.8
2009,Latin America,Energy,Renewables,402.7,6139,802.8
2009,Latin America,Energy,Nuclear,26.2,6139,802.8
2009,Latin America,Industry,Coal,67.7,6139,802.8
2009,Latin America,Industry,Oil,85,6139,802.8
2009,Latin America,Industry,Natural Gas,84.4,6139,802.8
2009,Latin America,Industry,Renewables,220.4,6139,802.8
2009,Latin America,Industry,Nuclear,14.7,6139,802.8
2009,Latin America,Transport,Coal,63.5,6139,802.8
2009,Latin America,Transport,Oil,77.9,6139,802.8
2009,Latin America,Transport,Natural Gas,76.4,6139,802.8
2009,Latin America,Transport,Renewables,195.3,6139,802.8
2009,Latin America,Transport,Nuclear,13.7,6139,802.8
2009,Latin America,Buildings,Coal,30.4,6139,802.8
2009,Latin America,Buildings,Oil,37.4,6139,802.8
2009,Latin America,Buildings,Natural Gas,38.1,6139,802.8
2009,Latin America,Buildings,Renewables,96.4,6139,802.8
2009,Latin America,Buildings,Nuclear,6.7,6139,802.8
2009,Latin America,Agriculture,Coal,25.6,6139,802.8
2009,Latin America,Agriculture,Oil,30.6,6139,802.8
2009,Latin America,Agriculture,Natural Gas,29.6,6139,802.8
2009,Latin America,Agriculture,Renewables,80.9,6139,802.8
2009,Latin America,Agriculture,Nuclear,5.4,6139,802.8
2010,Latin America,Energy,Coal,118.2,6554,812.4
2010,Latin America,Energy,Oil,159.6,6554,812.4
2010,Latin America,Energy,Natural Gas,162.1,6554,812.4
2010,Latin America,Energy,Renewables,413.4,6554,812.4
2010,Latin America,Energy,Nuclear,27.7,6554,812.4
2010,Latin America,Industry,Coal,67.9,6554,812.4
2010,Latin America,Industry,Oil,86.6,6554,812.4
2010,Latin America,Industry,Natural Gas,88.6,6554,812.4
2010,Latin America,Industry,Renewables,225.4,6554,812.4
2010,Latin America,Industry,Nuclear,15.1,6554,812.4
2010,Latin America,Transport,Coal,59.2,6554,812.4
2010,Latin America,Transport,Oil,75.5,6554,812.4
2010,Latin America,Transport,Natural Gas,75.4,6554,812.4
2010,Latin America,Transport,Renewables,206.8,6554,812.4
2010,Latin America,Transport,Nuclear,13.7,6554,812.4
2010,Latin America,Buildings,Coal,31.3,6554,812.4
2010,Latin America,Buildings,Oil,37.8,6554,812.4
2010,Latin America,Buildings,Natural Gas,38.2,6554,812.4
2010,Latin America,Buildings,Renewables,108.4,6554,812.4
2010,Latin America,Buildings,Nuclear,7.2,6554,812.4
2010,Latin America,Agriculture,Coal,24.1,6554,812.4
2010,Latin America,Agriculture,Oil,32.3,6554,812.4
2010,Latin America,Agriculture,Natural Gas,31.2,6554,812.4
2010,Latin America,Agriculture,Renewables,86.5,6554,812.4
2010,Latin America,Agriculture,Nuclear,5.4,6554,812.4
2011,Latin America,Energy,Coal,124.3,6718,822.2
2011,Latin America,Energy,Oil,158.6,6718,822.2
2011,Latin America,Energy,Natural Gas,158.5,6718,822.2
2011,Latin America,Energy,Renewables,447.6,6718,822.2
2011,Latin America,Energy,Nuclear,29.1,6718,822.2
2011,Latin America,Industry,Coal,66.1,6718,822.2
2011,Latin America,Industry,Oil,83.8,6718,822.2
2011,Latin America,Industry,Natural Gas,90.5,6718,822.2
2011,Latin America,Industry,Renewables,234.9,6718,822.2
2011,Latin America,Industry,Nuclear,16.4,6718,822.2
2011,Latin America,Transport,Coal,60.5,6718,822.2
2011,Latin America,Transport,Oil,76.9,6718,822.2
2011,Latin America,Transport,Natural Gas,83,6718,822.2
2011,Latin America,Transport,Renewables,218.4,6718,822.2
2011,Latin America,Transport,Nuclear,14.1,6718,822.2
2011,Latin America,Buildings,Coal,29.9,6718,822.2
2011,Latin America,Buildings,Oil,37.8,6718,822.2
2011,Latin America,Buildings,Natural Gas,39.2,6718,822.2
2011,Latin America,Buildings,Renewables,113.5,6718,822.2
2011,Latin America,Buildings,Nuclear,7.3,6718,822.2
2011,Latin America,Agriculture,Coal,23.9,6718,822.2
2011,Latin America,Agriculture,Oil,32.3,6718,822.2
2011,Latin America,Agriculture,Natural Gas,31.1,6718,822.2
2011,Latin America,Agriculture,Renewables,89.2,6718,822.2
2011,Latin America,Agriculture,Nuclear,5.6,6718,822.2
2012,Latin America,Energy,Coal,118.1,6886,832.1
2012,Latin America,Energy,Oil,158.8,6886,832.1
2012,Latin America,Energy,Natural Gas,160.1,6886,832.1
2012,Latin America,Energy,Renewables,479.3,6886,832.1
2012,Latin America,Energy,Nuclear,28.6,6886,832.1
2012,Latin America,Industry,Coal,64,6886,832.1
2012,Latin America,Industry,Oil,88,6886,832.1
2012,Latin America,Industry,Natural Gas,92.6,6886,832.1
2012,Latin America,Industry,Renewables,261.6,6886,832.1
2012,Latin America,Industry,Nuclear,16.3,6886,832.1
2012,Latin America,Transport,Coal,58.1,6886,832.1
2012,Latin America,Transport,Oil,81,6886,832.1
2012,Latin America,Transport,Natural Gas,84.4,6886,832.1
2012,Latin America,Transport,Renewables,242.3,6886,832.1
2012,Latin America,Transport,Nuclear,14.8,6886,832.1
2012,Latin America,Buildings,Coal,30,6886,832.1
2012,Latin America,Buildings,Oil,41,6886,832.1
2012,Latin America,Buildings,Natural Gas,39.8,6886,832.1
2012,Latin America,Buildings,Renewables,121.8,6886,832.1
2012,Latin America,Buildings,Nuclear,7.6,6886,832.1
2012,Latin America,Agriculture,Coal,24.1,6886,832.1
2012,Latin America,Agriculture,Oil,32.3,6886,832.1
2012,Latin America,Agriculture,Natural Gas,32,6886,832.1
2012,Latin America,Agriculture,Renewables,92.9,6886,832.1
2012,Latin America,Agriculture,Nuclear,6.2,6886,832.1
2013,Latin America,Energy,Coal,113.6,7058,842
2013,Latin America,Energy,Oil,156.6,7058,842
2013,Latin America,Energy,Natural Gas,166.9,7058,842
2013,Latin America,Energy,Renewables,478.2,7058,842
2013,Latin America,Energy,Nuclear,31,7058,842
2013,Latin America,Industry,Coal,61.2,7058,842
2013,Latin America,Industry,Oil,86.3,7058,842
2013,Latin America,Industry,Natural Gas,89.1,7058,842
2013,Latin America,Industry,Renewables,280.3,7058,842
2013,Latin America,Industry,Nuclear,16.3,7058,842
2013,Latin America,Transport,Coal,59,7058,842
2013,Latin America,Transport,Oil,80.4,7058,842
2013,Latin America,Transport,Natural Gas,84.5,7058,842
2013,Latin America,Transport,Renewables,242.1,7058,842
2013,Latin America,Transport,Nuclear,14.8,7058,842
2013,Latin America,Buildings,Coal,27.3,7058,842
2013,Latin America,Buildings,Oil,41.2,7058,842
2013,Latin America,Buildings,Natural Gas,41.5,7058,842
2013,Latin America,Buildings,Renewables,120.9,7058,842
2013,Latin America,Buildings,Nuclear,7.8,7058,842
2013,Latin America,Agriculture,Coal,22.7,7058,842
2013,Latin America,Agriculture,Oil,31.2,7058,842
2013,Latin America,Agriculture,Natural Gas,34,7058,842
2013,Latin America,Agriculture,Renewables,99.3,7058,842
2013,Latin America,Agriculture,Nuclear,6,7058,842
2014,Latin America,Energy,Coal,113.9,7235,852.1
2014,Latin America,Energy,Oil,165.2,7235,852.1
2014,Latin America,Energy,Natural Gas,174.4,7235,852.1
2014,Latin America,Energy,Renewables,536.8,7235,852.1
2014,Latin America,Energy,Nuclear,30.9,7235,852.1
2014,Latin America,Industry,Coal,62.2,7235,852.1
2014,Latin America,Industry,Oil,87.2,7235,852.1
2014,Latin America,Industry,Natural Gas,97.3,7235,852.1
2014,Latin America,Industry,Renewables,288,7235,852.1
2014,Latin America,Industry,Nuclear,17.4,7235,852.1
2014,Latin America,Transport,Coal,55.6,7235,852.1
2014,Latin America,Transport,Oil,80.2,7235,852.1
2014,Latin America,Transport,Natural Gas,86.5,7235,852.1
2014,Latin America,Transport,Renewables,269.2,7235,852.1
2014,Latin America,Transport,Nuclear,15.7,7235,852.1
2014,Latin America,Buildings,Coal,26.6,7235,852.1
2014,Latin America,Buildings,Oil,39,7235,852.1
2014,Latin America,Buildings,Natural Gas,43.3,7235,852.1
2014,Latin America,Buildings,Renewables,129.3,7235,852.1
2014,Latin America,Buildings,Nuclear,8.2,7235,852.1
2014,Latin America,Agriculture,Coal,22.6,7235,852.1
2014,Latin America,Agriculture,Oil,32.1,7235,852.1
2014,Latin America,Agriculture,Natural Gas,33.1,7235,852.1
2014,Latin America,Agriculture,Renewables,102.1,7235,852.1
2014,Latin America,Agriculture,Nuclear,6.4,7235,852.1
2015,Latin America,Energy,Coal,105,7416,862.4
2015,Latin America,Energy,Oil,158.1,7416,862.4
2015,Latin America,Energy,Natural Gas,174.9,7416,862.4
2015,Latin America,Energy,Renewables,543.9,7416,862.4
2015,Latin America,Energy,Nuclear,33.9,7416,862.4
2015,Latin America,Industry,Coal,59.3,7416,862.4
2015,Latin America,Industry,Oil,90.8,7416,862.4
2015,Latin America,Industry,Natural Gas,94.3,7416,862.4
2015,Latin America,Industry,Renewables,305.6,7416,862.4
2015,Latin America,Industry,Nuclear,17.2,7416,862.4
2015,Latin America,Transport,Coal,55.5,7416,862.4
2015,Latin America,Transport,Oil,81.3,7416,862.4
2015,Latin America,Transport,Natural Gas,87.8,7416,862.4
2015,Latin America,Transport,Renewables,277.7,7416,862.4
2015,Latin America,Transport,Nuclear,16.3,7416,862.4
2015,Latin America,Buildings,Coal,25.8,7416,862.4
2015,Latin America,Buildings,Oil,40.5,7416,862.4
2015,Latin America,Buildings,Natural Gas,44.9,7416,862.4
2015,Latin America,Buildings,Renewables,132.1,7416,862.4
2015,Latin America,Buildings,Nuclear,8.5,7416,862.4
2015,Latin America,Agriculture,Coal,21.2,7416,862.4
2015,Latin America,Agriculture,Oil,32.6,7416,862.4
2015,Latin America,Agriculture,Natural Gas,35.6,7416,862.4
2015,Latin America,Agriculture,Renewables,105.8,7416,862.4
2015,Latin America,Agriculture,Nuclear,6.7,7416,862.4
2016,Latin America,Energy,Coal,104.4,7601,872.7
2016,Latin America,Energy,Oil,166.9,7601,872.7
2016,Latin America,Energy,Natural Gas,174.3,7601,872.7
2016,Latin America,Energy,Renewables,564.3,7601,872.7
2016,Latin America,Energy,Nuclear,33.9,7601,872.7
2016,Latin America,Industry,Coal,57,7601,872.7
2016,Latin America,Industry,Oil,87.8,7601,872.7
2016,Latin America,Industry,Natural Gas,100.6,7601,872.7
2016,Latin America,Industry,Renewables,323.4,7601,872.7
2016,Latin America,Industry,Nuclear,17.8,7601,872.7
2016,Latin America,Transport,Coal,50.5,7601,872.7
2016,Latin America,Transport,Oil,82.6,7601,872.7
2016,Latin America,Transport,Natural Gas,88.8,7601,872.7
2016,Latin America,Transport,Renewables,298.9,7601,872.7
2016,Latin America,Transport,Nuclear,17.1,7601,872.7
2016,Latin America,Buildings,Coal,25.4,7601,872.7
2016,Latin America,Buildings,Oil,41.4,7601,872.7
2016,Latin America,Buildings,Natural Gas,44.7,7601,872.7
2016,Latin America,Buildings,Renewables,142.9,7601,872.7
2016,Latin America,Buildings,Nuclear,8.1,7601,872.7
2016,Latin America,Agriculture,Coal,20.2,7601,872.7
2016,Latin America,Agriculture,Oil,32.9,7601,872.7
2016,Latin America,Agriculture,Natural Gas,36.2,7601,872.7
2016,Latin America,Agriculture,Renewables,115.4,7601,872.7
2016,Latin America,Agriculture,Nuclear,6.5,7601,872.7
2017,Latin America,Energy,Coal,101.5,7791,883.2
2017,Latin America,Energy,Oil,166.3,7791,883.2
2017,Latin America,Energy,Natural Gas,176.4,7791,883.2
2017,Latin America,Energy,Renewables,602.8,7791,883.2
2017,Latin America,Energy,Nuclear,35.7,7791,883.2
2017,Latin America,Industry,Coal,56.6,7791,883.2
2017,Latin America,Industry,Oil,88.2,7791,883.2
2017,Latin America,Industry,Natural Gas,101.1,7791,883.2
2017,Latin America,Industry,Renewables,338.1,7791,883.2
2017,Latin America,Industry,Nuclear,19.3,7791,883.2
2017,Latin America,Transport,Coal,50.8,7791,883.2
2017,Latin America,Transport,Oil,77.7,7791,883.2
2017,Latin America,Transport,Natural Gas,91.6,7791,883.2
2017,Latin America,Transport,Renewables,301.9,7791,883.2
2017,Latin America,Transport,Nuclear,17.2,7791,883.2
2017,Latin America,Buildings,Coal,24.8,7791,883.2
2017,Latin America,Buildings,Oil,39.8,7791,883.2
2017,Latin America,Buildings,Natural Gas,47.4,7791,883.2
2017,Latin America,Buildings,Renewables,156.7,7791,883.2
2017,Latin America,Buildings,Nuclear,8.8,7791,883.2
2017,Latin America,Agriculture,Coal,19.3,7791,883.2
2017,Latin America,Agriculture,Oil,31.3,7791,883.2
2017,Latin America,Agriculture,Natural Gas,37.5,7791,883.2
2017,Latin America,Agriculture,Renewables,118.1,7791,883.2
2017,Latin America,Agriculture,Nuclear,7.1,7791,883.2
2018,Latin America,Energy,Coal,93.4,7986,893.8
2018,Latin America,Energy,Oil,166.9,7986,893.8
2018,Latin America,Energy,Natural Gas,184.1,7986,893.8
2018,Latin America,Energy,Renewables,643.4,7986,893.8
2018,Latin America,Energy,Nuclear,35.7,7986,893.8
2018,Latin America,Industry,Coal,52,7986,893.8
2018,Latin America,Industry,Oil,87.2,7986,893.8
2018,Latin America,Industry,Natural Gas,100.1,7986,893.8
2018,Latin America,Industry,Renewables,359.4,7986,893.8
2018,Latin America,Industry,Nuclear,20,7986,893.8
2018,Latin America,Transport,Coal,46.8,7986,893.8
2018,Latin America,Transport,Oil,79.8,7986,893.8
2018,Latin America,Transport,Natural Gas,97,7986,893.8
2018,Latin America,Transport,Renewables,327.6,7986,893.8
2018,Latin America,Transport,Nuclear,17.7,7986,893.8
2018,Latin America,Buildings,Coal,23.4,7986,893.8
2018,Latin America,Buildings,Oil,40.4,7986,893.8
2018,Latin America,Buildings,Natural Gas,46.3,7986,893.8
2018,Latin America,Buildings,Renewables,153.6,7986,893.8
2018,Latin America,Buildings,Nuclear,8.7,7986,893.8
2018,Latin America,Agriculture,Coal,19.2,7986,893.8
2018,Latin America,Agriculture,Oil,31.2,7986,893.8
2018,Latin America,Agriculture,Natural Gas,38.4,7986,893.8
2018,Latin America,Agriculture,Renewables,127.6,7986,893.8
2018,Latin America,Agriculture,Nuclear,7.3,7986,893.8
2019,Latin America,Energy,Coal,94.9,8186,904.5
2019,Latin America,Energy,Oil,158.6,8186,904.5
2019,Latin America,Energy,Natural Gas,188.9,8186,904.5
2019,Latin America,Energy,Renewables,656.3,8186,904.5
2019,Latin America,Energy,Nuclear,37.8,8186,904.5
2019,Latin America,Industry,Coal,51.4,8186,904.5
2019,Latin America,Industry,Oil,90.8,8186,904.5
2019,Latin America,Industry,Natural Gas,107.9,8186,904.5
2019,Latin America,Industry,Renewables,369.8,8186,904.5
2019,Latin America,Industry,Nuclear,21,8186,904.5
2019,Latin America,Transport,Coal,46,8186,904.5
2019,Latin America,Transport,Oil,80.9,8186,904.5
2019,Latin America,Transport,Natural Gas,94.9,8186,904.5
2019,Latin America,Transport,Renewables,324.1,8186,904.5
2019,Latin America,Transport,Nuclear,18.9,8186,904.5
2019,Latin America,Buildings,Coal,22.8,8186,904.5
2019,Latin America,Buildings,Oil,39.4,8186,904.5
2019,Latin America,Buildings,Natural Gas,47.1,8186,904.5
2019,Latin America,Buildings,Renewables,165.9,8186,904.5
2019,Latin America,Buildings,Nuclear,9.5,8186,904.5
2019,Latin America,Agriculture,Coal,17.7,8186,904.5
2019,Latin America,Agriculture,Oil,33.7,8186,904.5
2019,Latin America,Agriculture,Natural Gas,38.1,8186,904.5
2019,Latin America,Agriculture,Renewables,133.9,8186,904.5
2019,Latin America,Agriculture,Nuclear,7.2,8186,904.5
2020,Latin America,Energy,Coal,80.2,7887,915.4
2020,Latin America,Energy,Oil,158.2,7887,915.4
2020,Latin America,Energy,Natural Gas,184.6,7887,915.4
2020,Latin America,Energy,Renewables,640.4,7887,915.4
2020,Latin America,Energy,Nuclear,36.7,7887,915.4
2020,Latin America,Industry,Coal,46.4,7887,915.4
2020,Latin America,Industry,Oil,82,7887,915.4
2020,Latin America,Industry,Natural Gas,101.7,7887,915.4
2020,Latin America,Industry,Renewables,359.2,7887,915.4
2020,Latin America,Industry,Nuclear,19.8,7887,915.4
2020,Latin America,Transport,Coal,41.1,7887,915.4
2020,Latin America,Transport,Oil,76.7,7887,915.4
2020,Latin America,Transport,Natural Gas,90.7,7887,915.4
2020,Latin America,Transport,Renewables,324,7887,915.4
2020,Latin America,Transport,Nuclear,18.4,7887,915.4
2020,Latin America,Buildings,Coal,20.1,7887,915.4
2020,Latin America,Buildings,Oil,39.6,7887,915.4
2020,Latin America,Buildings,Natural Gas,45.3,7887,915.4
2020,Latin America,Buildings,Renewables,157,7887,915.4
2020,Latin America,Buildings,Nuclear,9.2,7887,915.4
2020,Latin America,Agriculture,Coal,16.2,7887,915.4
2020,Latin America,Agriculture,Oil,31,7887,915.4
2020,Latin America,Agriculture,Natural Gas,35.7,7887,915.4
2020,Latin America,Agriculture,Renewables,128.8,7887,915.4
2020,Latin America,Agriculture,Nuclear,6.9,7887,915.4
2021,Latin America,Energy,Coal,83.8,8600,926.4
2021,Latin America,Energy,Oil,161.6,8600,926.4
2021,Latin America,Energy,Natural Gas,193.6,8600,926.4
2021,Latin America,Energy,Renewables,708,8600,926.4
2021,Latin America,Energy,Nuclear,39,8600,926.4
2021,Latin America,Industry,Coal,46.2,8600,926.4
2021,Latin America,Industry,Oil,87.9,8600,926.4
2021,Latin America,Industry,Natural Gas,107.6,8600,926.4
2021,Latin America,Industry,Renewables,390.5,8600,926.4
2021,Latin America,Industry,Nuclear,21.6,8600,926.4
2021,Latin America,Transport,Coal,43.1,8600,926.4
2021,Latin America,Transport,Oil,78.1,8600,926.4
2021,Latin America,Transport,Natural Gas,102.3,8600,926.4
2021,Latin America,Transport,Renewables,355.8,8600,926.4
2021,Latin America,Transport,Nuclear,18.8,8600,926.4
2021,Latin America,Buildings,Coal,20.7,8600,926.4
2021,Latin America,Buildings,Oil,41,8600,926.4
2021,Latin America,Buildings,Natural Gas,48.5,8600,926.4
2021,Latin America,Buildings,Renewables,173.2,8600,926.4
2021,Latin America,Buildings,Nuclear,9.5,8600,926.4
2021,Latin America,Agriculture,Coal,16.9,8600,926.4
2021,Latin America,Agriculture,Oil,32.9,8600,926.4
2021,Latin America,Agriculture,Natural Gas,39.3,8600,926.4
2021,Latin America,Agriculture,Renewables,145.4,8600,926.4
2021,Latin America,Agriculture,Nuclear,7.5,8600,926.4
2022,Latin America,Energy,Coal,78.7,8815,937.5
2022,Latin America,Energy,Oil,165.6,8815,937.5
2022,Latin America,Energy,Natural Gas,198.5,8815,937.5
2022,Latin America,Energy,Renewables,743.5,8815,937.5
2022,Latin America,Energy,Nuclear,39.7,8815,937.5
2022,Latin America,Industry,Coal,45.5,8815,937.5
2022,Latin America,Industry,Oil,88.6,8815,937.5
2022,Latin America,Industry,Natural Gas,113.1,8815,937.5
2022,Latin America,Industry,Renewables,424.2,8815,937.5
2022,Latin America,Industry,Nuclear,22.6,8815,937.5
2022,Latin America,Transport,Coal,39.9,8815,937.5
2022,Latin America,Transport,Oil,83.8,8815,937.5
2022,Latin America,Transport,Natural Gas,101.7,8815,937.5
2022,Latin America,Transport,Renewables,382.2,8815,937.5
2022,Latin America,Transport,Nuclear,19.4,8815,937.5
2022,Latin America,Buildings,Coal,20.3,8815,937.5
2022,Latin America,Buildings,Oil,39.9,8815,937.5
2022,Latin America,Buildings,Natural Gas,49.4,8815,937.5
2022,Latin America,Buildings,Renewables,195.9,8815,937.5
2022,Latin America,Buildings,Nuclear,9.9,8815,937.5
2022,Latin America,Agriculture,Coal,16.2,8815,937.5
2022,Latin America,Agriculture,Oil,32.5,8815,937.5
2022,Latin America,Agriculture,Natural Gas,39.7,8815,937.5
2022,Latin America,Agriculture,Renewables,148.8,8815,937.5
2022,Latin America,Agriculture,Nuclear,7.9,8815,937.5
2023,Latin America,Energy,Coal,78.1,9035,948.7
2023,Latin America,Energy,Oil,161,9035,948.7
2023,Latin America,Energy,Natural Gas,215.3,9035,948.7
2023,Latin America,Energy,Renewables,774.9,9035,948.7
2023,Latin America,Energy,Nuclear,39.7,9035,948.7
2023,Latin America,Industry,Coal,43.2,9035,948.7
2023,Latin America,Industry,Oil,88.5,9035,948.7
2023,Latin America,Industry,Natural Gas,116.2,9035,948.7
2023,Latin America,Industry,Renewables,416.3,9035,948.7
2023,Latin America,Industry,Nuclear,22.2,9035,948.7
2023,Latin America,Transport,Coal,38.5,9035,948.7
2023,Latin America,Transport,Oil,83.6,9035,948.7
2023,Latin America,Transport,Natural Gas,101.1,9035,948.7
2023,Latin America,Transport,Renewables,387,9035,948.7
2023,Latin America,Transport,Nuclear,20.5,9035,948.7
2023,Latin America,Buildings,Coal,18.3,9035,948.7
2023,Latin America,Buildings,Oil,42.1,9035,948.7
2023,Latin America,Buildings,Natural Gas,50,9035,948.7
2023,Latin America,Buildings,Renewables,201.3,9035,948.7
2023,Latin America,Buildings,Nuclear,10.4,9035,948.7
2023,Latin America,Agriculture,Coal,15,9035,948.7
2023,Latin America,Agriculture,Oil,33.5,9035,948.7
2023,Latin America,Agriculture,Natural Gas,42,9035,948.7
2023,Latin America,Agriculture,Renewables,158.6,9035,948.7
2023,Latin America,Agriculture,Nuclear,8.2,9035,948.7
2024,Latin America,Energy,Coal,70.1,9261,960.1
2024,Latin America,Energy,Oil,172.3,9261,960.1
2024,Latin America,Energy,Natural Gas,208.6,9261,960.1
2024,Latin America,Energy,Renewables,806.6,9261,960.1
2024,Latin America,Energy,Nuclear,42.6,9261,960.1
2024,Latin America,Industry,Coal,40,9261,960.1
2024,Latin America,Industry,Oil,91,9261,960.1
2024,Latin America,Industry,Natural Gas,120.3,9261,960.1
2024,Latin America,Industry,Renewables,446.6,9261,960.1
2024,Latin America,Industry,Nuclear,22.9,9261,960.1
2024,Latin America,Transport,Coal,36.6,9261,960.1
2024,Latin America,Transport,Oil,81.7,9261,960.1
2024,Latin America,Transport,Natural Gas,109.6,9261,960.1
2024,Latin America,Transport,Renewables,397.3,9261,960.1
2024,Latin America,Transport,Nuclear,21.4,9261,960.1
2024,Latin America,Buildings,Coal,18.4,9261,960.1
2024,Latin America,Buildings,Oil,41.5,9261,960.1
2024,Latin America,Buildings,Natural Gas,53,9261,960.1
2024,Latin America,Buildings,Renewables,196.4,9261,960.1
2024,Latin America,Buildings,Nuclear,10.9,9261,960.1
2024,Latin America,Agriculture,Coal,14.8,9261,960.1
2024,Latin America,Agriculture,Oil,33.6,9261,960.1
2024,Latin America,Agriculture,Natural Gas,43,9261,960.1
2024,Latin America,Agriculture,Renewables,159.6,9261,960.1
2024,Latin America,Agriculture,Nuclear,8.5,9261,960.1
1990,Africa,Energy,Coal,139.6,2500,1200
1990,Africa,Energy,Oil,117.1,2500,1200
1990,Africa,Energy,Natural Gas,80.2,2500,1200
1990,Africa,Energy,Renewables,18.6,2500,1200
1990,Africa,Energy,Nuclear,10.9,2500,1200
1990,Africa,Industry,Coal,74.5,2500,1200
1990,Africa,Industry,Oil,65.2,2500,1200
1990,Africa,Industry,Natural Gas,42.1,2500,1200
1990,Africa,Industry,Renewables,9.6,2500,1200
1990,Africa,Industry,Nuclear,5.9,2500,1200
1990,Africa,Transport,Coal,67.5,2500,1200
1990,Africa,Transport,Oil,56.6,2500,1200
1990,Africa,Transport,Natural Gas,40.6,2500,1200
1990,Africa,Transport,Renewables,8.9,2500,1200
1990,Africa,Transport,Nuclear,5.2,2500,1200
1990,Africa,Buildings,Coal,33.7,2500,1200
1990,Africa,Buildings,Oil,29.2,2500,1200
1990,Africa,Buildings,Natural Gas,20,2500,1200
1990,Africa,Buildings,Renewables,4.5,2500,1200
1990,Africa,Buildings,Nuclear,2.7,2500,1200
1990,Africa,Agriculture,Coal,27,2500,1200
1990,Africa,Agriculture,Oil,22.2,2500,1200
1990,Africa,Agriculture,Natural Gas,15.7,2500,1200
1990,Africa,Agriculture,Renewables,3.5,2500,1200
1990,Africa,Agriculture,Nuclear,2.1,2500,1200
1991,Africa,Energy,Coal,139.8,2595,1230
1991,Africa,Energy,Oil,115,2595,1230
1991,Africa,Energy,Natural Gas,82.4,2595,1230
1991,Africa,Energy,Renewables,30.6,2595,1230
1991,Africa,Energy,Nuclear,11.3,2595,1230
1991,Africa,Industry,Coal,72.7,2595,1230
1991,Africa,Industry,Oil,63.5,2595,1230
1991,Africa,Industry,Natural Gas,43.7,2595,1230
1991,Africa,Industry,Renewables,16.6,2595,1230
1991,Africa,Industry,Nuclear,6.2,2595,1230
1991,Africa,Transport,Coal,67.9,2595,1230
1991,Africa,Transport,Oil,60.8,2595,1230
1991,Africa,Transport,Natural Gas,42.2,2595,1230
1991,Africa,Transport,Renewables,15.2,2595,1230
1991,Africa,Transport,Nuclear,5.9,2595,1230
1991,Africa,Buildings,Coal,33.2,2595,1230
1991,Africa,Buildings,Oil,29,2595,1230
1991,Africa,Buildings,Natural Gas,20.3,2595,1230
1991,Africa,Buildings,Renewables,7.9,2595,1230
1991,Africa,Buildings,Nuclear,2.7,2595,1230
1991,Africa,Agriculture,Coal,27.3,2595,1230
1991,Africa,Agriculture,Oil,22.5,2595,1230
1991,Africa,Agriculture,Natural Gas,16.5,2595,1230
1991,Africa,Agriculture,Renewables,6.4,2595,1230
1991,Africa,Agriculture,Nuclear,2.3,2595,1230
1992,Africa,Energy,Coal,141.4,2694,1260.8
1992,Africa,Energy,Oil,114.1,2694,1260.8
1992,Africa,Energy,Natural Gas,87.2,2694,1260.8
1992,Africa,Energy,Renewables,46.4,2694,1260.8
1992,Africa,Energy,Nuclear,12.4,2694,1260.8
1992,Africa,Industry,Coal,75.2,2694,1260.8
1992,Africa,Industry,Oil,64.5,2694,1260.8
1992,Africa,Industry,Natural Gas,48,2694,1260.8
1992,Africa,Industry,Renewables,25,2694,1260.8
1992,Africa,Industry,Nuclear,6.8,2694,1260.8
1992,Africa,Transport,Coal,68.6,2694,1260.8
1992,Africa,Transport,Oil,59.5,2694,1260.8
1992,Africa,Transport,Natural Gas,41.1,2694,1260.8
1992,Africa,Transport,Renewables,22.7,2694,1260.8
1992,Africa,Transport,Nuclear,6.1,2694,1260.8
1992,Africa,Buildings,Coal,32.9,2694,1260.8
1992,Africa,Buildings,Oil,30.5,2694,1260.8
1992,Africa,Buildings,Natural Gas,22.1,2694,1260.8
1992,Africa,Buildings,Renewables,11.6,2694,1260.8
1992,Africa,Buildings,Nuclear,3,2694,1260.8
1992,Africa,Agriculture,Coal,26.4,2694,1260.8
1992,Africa,Agriculture,Oil,23.7,2694,1260.8
1992,Africa,Agriculture,Natural Gas,17.7,2694,1260.8
1992,Africa,Agriculture,Renewables,9.2,2694,1260.8
1992,Africa,Agriculture,Nuclear,2.4,2694,1260.8
1993,Africa,Energy,Coal,141.8,2796,1292.3
1993,Africa,Energy,Oil,123.4,2796,1292.3
1993,Africa,Energy,Natural Gas,86.7,2796,1292.3
1993,Africa,Energy,Renewables,61.1,2796,1292.3
1993,Africa,Energy,Nuclear,12.8,2796,1292.3
1993,Africa,Industry,Coal,74.9,2796,1292.3
1993,Africa,Industry,Oil,67.6,2796,1292.3
1993,Africa,Industry,Natural Gas,49,2796,1292.3
1993,Africa,Industry,Renewables,31.6,2796,1292.3
1993,Africa,Industry,Nuclear,6.8,2796,1292.3
1993,Africa,Transport,Coal,70.1,2796,1292.3
1993,Africa,Transport,Oil,60.6,2796,1292.3
1993,Africa,Transport,Natural Gas,44.6,2796,1292.3
1993,Africa,Transport,Renewables,29.9,2796,1292.3
1993,Africa,Transport,Nuclear,6.6,2796,1292.3
1993,Africa,Buildings,Coal,34.4,2796,1292.3
1993,Africa,Buildings,Oil,29.6,2796,1292.3
1993,Africa,Buildings,Natural Gas,21.7,2796,1292.3
1993,Africa,Buildings,Renewables,15.2,2796,1292.3
1993,Africa,Buildings,Nuclear,3.2,2796,1292.3
1993,Africa,Agriculture,Coal,26.4,2796,1292.3
1993,Africa,Agriculture,Oil,23.3,2796,1292.3
1993,Africa,Agriculture,Natural Gas,17.9,2796,1292.3
1993,Africa,Agriculture,Renewables,12.3,2796,1292.3
1993,Africa,Agriculture,Nuclear,2.6,2796,1292.3
1994,Africa,Energy,Coal,138.6,2902,1324.6
1994,Africa,Energy,Oil,120.1,2902,1324.6
1994,Africa,Energy,Natural Gas,89.9,2902,1324.6
1994,Africa,Energy,Renewables,73.2,2902,1324.6
1994,Africa,Energy,Nuclear,12.8,2902,1324.6
1994,Africa,Industry,Coal,77,2902,1324.6
1994,Africa,Industry,Oil,66.1,2902,1324.6
1994,Africa,Industry,Natural Gas,51.1,2902,1324.6
1994,Africa,Industry,Renewables,42,2902,1324.6
1994,Africa,Industry,Nuclear,7.6,2902,1324.6
1994,Africa,Transport,Coal,65.8,2902,1324.6
1994,Africa,Transport,Oil,61.5,2902,1324.6
1994,Africa,Transport,Natural Gas,45.1,2902,1324.6
1994,Africa,Transport,Renewables,38.2,2902,1324.6
1994,Africa,Transport,Nuclear,6.5,2902,1324.6
1994,Africa,Buildings,Coal,34.6,2902,1324.6
1994,Africa,Buildings,Oil,30.5,2902,1324.6
1994,Africa,Buildings,Natural Gas,23.6,2902,1324.6
1994,Africa,Buildings,Renewables,18.3,2902,1324.6
1994,Africa,Buildings,Nuclear,3.3,2902,1324.6
1994,Africa,Agriculture,Coal,27.9,2902,1324.6
1994,Africa,Agriculture,Oil,24.3,2902,1324.6
1994,Africa,Agriculture,Natural Gas,17.5,2902,1324.6
1994,Africa,Agriculture,Renewables,14.8,2902,1324.6
1994,Africa,Agriculture,Nuclear,2.7,2902,1324.6
1995,Africa,Energy,Coal,141,3012,1357.7
1995,Africa,Energy,Oil,123.8,3012,1357.7
1995,Africa,Energy,Natural Gas,95.9,3012,1357.7
1995,Africa,Energy,Renewables,89.1,3012,1357.7
1995,Africa,Energy,Nuclear,13.8,3012,1357.7
1995,Africa,Industry,Coal,75.9,3012,1357.7
1995,Africa,Industry,Oil,68.9,3012,1357.7
1995,Africa,Industry,Natural Gas,51.9,3012,1357.7
1995,Africa,Industry,Renewables,50.9,3012,1357.7
1995,Africa,Industry,Nuclear,7.9,3012,1357.7
1995,Africa,Transport,Coal,69.3,3012,1357.7
1995,Africa,Transport,Oil,63.7,3012,1357.7
1995,Africa,Transport,Natural Gas,46.7,3012,1357.7
1995,Africa,Transport,Renewables,46.1,3012,1357.7
1995,Africa,Transport,Nuclear,7.1,3012,1357.7
1995,Africa,Buildings,Coal,33.8,3012,1357.7
1995,Africa,Buildings,Oil,31.8,3012,1357.7
1995,Africa,Buildings,Natural Gas,24.1,3012,1357.7
1995,Africa,Buildings,Renewables,23,3012,1357.7
1995,Africa,Buildings,Nuclear,3.6,3012,1357.7
1995,Africa,Agriculture,Coal,28.2,3012,1357.7
1995,Africa,Agriculture,Oil,24.4,3012,1357.7
1995,Africa,Agriculture,Natural Gas,19.1,3012,1357.7
1995,Africa,Agriculture,Renewables,18.2,3012,1357.7
1995,Africa,Agriculture,Nuclear,2.7,3012,1357.7
1996,Africa,Energy,Coal,139.9,3127,1391.6
1996,Africa,Energy,Oil,124.1,3127,1391.6
1996,Africa,Energy,Natural Gas,97.3,3127,1391.6
1996,Africa,Energy,Renewables,107.4,3127,1391.6
1996,Africa,Energy,Nuclear,14.4,3127,1391.6
1996,Africa,Industry,Coal,74.8,3127,1391.6
1996,Africa,Industry,Oil,69.1,3127,1391.6
1996,Africa,Industry,Natural Gas,55.2,3127,1391.6
1996,Africa,Industry,Renewables,59.4,3127,1391.6
1996,Africa,Industry,Nuclear,8.1,3127,1391.6
1996,Africa,Transport,Coal,67.7,3127,1391.6
1996,Africa,Transport,Oil,60.7,3127,1391.6
1996,Africa,Transport,Natural Gas,48,3127,1391.6
1996,Africa,Transport,Renewables,55.2,3127,1391.6
1996,Africa,Transport,Nuclear,7.6,3127,1391.6
1996,Africa,Buildings,Coal,33.3,3127,1391.6
1996,Africa,Buildings,Oil,30.6,3127,1391.6
1996,Africa,Buildings,Natural Gas,24.3,3127,1391.6
1996,Africa,Buildings,Renewables,26.6,3127,1391.6
1996,Africa,Buildings,Nuclear,3.6,3127,1391.6
1996,Africa,Agriculture,Coal,27.4,3127,1391.6
1996,Africa,Agriculture,Oil,25.8,3127,1391.6
1996,Africa,Agriculture,Natural Gas,19.7,3127,1391.6
1996,Africa,Agriculture,Renewables,21.6,3127,1391.6
1996,Africa,Agriculture,Nuclear,3,3127,1391.6
1997,Africa,Energy,Coal,138.3,3246,1426.4
1997,Africa,Energy,Oil,132.8,3246,1426.4
1997,Africa,Energy,Natural Gas,98.7,3246,1426.4
1997,Africa,Energy,Renewables,126.6,3246,1426.4
1997,Africa,Energy,Nuclear,15.6,3246,1426.4
1997,Africa,Industry,Coal,76.6,3246,1426.4
1997,Africa,Industry,Oil,72.2,3246,1426.4
1997,Africa,Industry,Natural Gas,57.3,3246,1426.4
1997,Africa,Industry,Renewables,68.9,3246,1426.4
1997,Africa,Industry,Nuclear,8.3,3246,1426.4
1997,Africa,Transport,Coal,65.3,3246,1426.4
1997,Africa,Transport,Oil,64,3246,1426.4
1997,Africa,Transport,Natural Gas,49.4,3246,1426.4
1997,Africa,Transport,Renewables,59.8,3246,1426.4
1997,Africa,Transport,Nuclear,8,3246,1426.4
1997,Africa,Buildings,Coal,33.1,3246,1426.4
1997,Africa,Buildings,Oil,31.2,3246,1426.4
1997,Africa,Buildings,Natural Gas,24.6,3246,1426.4
1997,Africa,Buildings,Renewables,31.4,3246,1426.4
1997,Africa,Buildings,Nuclear,4,3246,1426.4
1997,Africa,Agriculture,Coal,26.6,3246,1426.4
1997,Africa,Agriculture,Oil,24.7,3246,1426.4
1997,Africa,Agriculture,Natural Gas,20.2,3246,1426.4
1997,Africa,Agriculture,Renewables,25.1,3246,1426.4
1997,Africa,Agriculture,Nuclear,3.1,3246,1426.4
1998,Africa,Energy,Coal,133,3369,1462.1
1998,Africa,Energy,Oil,133.9,3369,1462.1
1998,Africa,Energy,Natural Gas,103.4,3369,1462.1
1998,Africa,Energy,Renewables,142.6,3369,1462.1
1998,Africa,Energy,Nuclear,15.7,3369,1462.1
1998,Africa,Industry,Coal,75.8,3369,1462.1
1998,Africa,Industry,Oil,70,3369,1462.1
1998,Africa,Industry,Natural Gas,58.2,3369,1462.1
1998,Africa,Industry,Renewables,75.4,3369,1462.1
1998,Africa,Industry,Nuclear,8.9,3369,1462.1
1998,Africa,Transport,Coal,68.4,3369,1462.1
1998,Africa,Transport,Oil,66.3,3369,1462.1
1998,Africa,Transport,Natural Gas,54.3,3369,1462.1
1998,Africa,Transport,Renewables,70.8,3369,1462.1
1998,Africa,Transport,Nuclear,7.9,3369,1462.1
1998,Africa,Buildings,Coal,32.6,3369,1462.1
1998,Africa,Buildings,Oil,31.8,3369,1462.1
1998,Africa,Buildings,Natural Gas,25.6,3369,1462.1
1998,Africa,Buildings,Renewables,34.9,3369,1462.1
1998,Africa,Buildings,Nuclear,4,3369,1462.1
1998,Africa,Agriculture,Coal,27.9,3369,1462.1
1998,Africa,Agriculture,Oil,25.5,3369,1462.1
1998,Africa,Agriculture,Natural Gas,20.7,3369,1462.1
1998,Africa,Agriculture,Renewables,29.2,3369,1462.1
1998,Africa,Agriculture,Nuclear,3.3,3369,1462.1
1999,Africa,Energy,Coal,133.2,3497,1498.6
1999,Africa,Energy,Oil,131.6,3497,1498.6
1999,Africa,Energy,Natural Gas,110.2,3497,1498.6
1999,Africa,Energy,Renewables,158.2,3497,1498.6
1999,Africa,Energy,Nuclear,17.1,3497,1498.6
1999,Africa,Industry,Coal,73.2,3497,1498.6
1999,Africa,Industry,Oil,75,3497,1498.6
1999,Africa,Industry,Natural Gas,60.5,3497,1498.6
1999,Africa,Industry,Renewables,88.7,3497,1498.6
1999,Africa,Industry,Nuclear,9.4,3497,1498.6
1999,Africa,Transport,Coal,66.2,3497,1498.6
1999,Africa,Transport,Oil,68.3,3497,1498.6
1999,Africa,Transport,Natural Gas,52.9,3497,1498.6
1999,Africa,Transport,Renewables,82.3,3497,1498.6
1999,Africa,Transport,Nuclear,8.9,3497,1498.6
1999,Africa,Buildings,Coal,32.5,3497,1498.6
1999,Africa,Buildings,Oil,33,3497,1498.6
1999,Africa,Buildings,Natural Gas,27,3497,1498.6
1999,Africa,Buildings,Renewables,39.5,3497,1498.6
1999,Africa,Buildings,Nuclear,4.2,3497,1498.6
1999,Africa,Agriculture,Coal,26.8,3497,1498.6
1999,Africa,Agriculture,Oil,25.6,3497,1498.6
1999,Africa,Agriculture,Natural Gas,21,3497,1498.6
1999,Africa,Agriculture,Renewables,31.7,3497,1498.6
1999,Africa,Agriculture,Nuclear,3.4,3497,1498.6
2000,Africa,Energy,Coal,139,3630,1536.1
2000,Africa,Energy,Oil,129.4,3630,1536.1
2000,Africa,Energy,Natural Gas,110.7,3630,1536.1
2000,Africa,Energy,Renewables,172.1,3630,1536.1
2000,Africa,Energy,Nuclear,18.2,3630,1536.1
2000,Africa,Industry,Coal,76.7,3630,1536.1
2000,Africa,Industry,Oil,72.2,3630,1536.1
2000,Africa,Industry,Natural Gas,61.1,3630,1536.1
2000,Africa,Industry,Renewables,94.9,3630,1536.1
2000,Africa,Industry,Nuclear,9.7,3630,1536.1
2000,Africa,Transport,Coal,67,3630,1536.1
2000,Africa,Transport,Oil,67.9,3630,1536.1
2000,Africa,Transport,Natural Gas,56.1,3630,1536.1
2000,Africa,Transport,Renewables,92.9,3630,1536.1
2000,Africa,Transport,Nuclear,8.6,3630,1536.1
2000,Africa,Buildings,Coal,33.3,3630,1536.1
2000,Africa,Buildings,Oil,32.4,3630,1536.1
2000,Africa,Buildings,Natural Gas,29.1,3630,1536.1
2000,Africa,Buildings,Renewables,45.8,3630,1536.1
2000,Africa,Buildings,Nuclear,4.5,3630,1536.1
2000,Africa,Agriculture,Coal,27,3630,1536.1
2000,Africa,Agriculture,Oil,26.5,3630,1536.1
2000,Africa,Agriculture,Natural Gas,22,3630,1536.1
2000,Africa,Agriculture,Renewables,36,3630,1536.1
2000,Africa,Agriculture,Nuclear,3.5,3630,1536.1
2001,Africa,Energy,Coal,132.8,3768,1574.5
2001,Africa,Energy,Oil,133.5,3768,1574.5
2001,Africa,Energy,Natural Gas,115.8,3768,1574.5
2001,Africa,Energy,Renewables,195.1,3768,1574.5
2001,Africa,Energy,Nuclear,18.4,3768,1574.5
2001,Africa,Industry,Coal,74,3768,1574.5
2001,Africa,Industry,Oil,74.4,3768,1574.5
2001,Africa,Industry,Natural Gas,61.8,3768,1574.5
2001,Africa,Industry,Renewables,105.7,3768,1574.5
2001,Africa,Industry,Nuclear,10.1,3768,1574.5
2001,Africa,Transport,Coal,69.1,3768,1574.5
2001,Africa,Transport,Oil,70.4,3768,1574.5
2001,Africa,Transport,Natural Gas,56.1,3768,1574.5
2001,Africa,Transport,Renewables,97.9,3768,1574.5
2001,Africa,Transport,Nuclear,9.5,3768,1574.5
2001,Africa,Buildings,Coal,32.7,3768,1574.5
2001,Africa,Buildings,Oil,33,3768,1574.5
2001,Africa,Buildings,Natural Gas,28.4,3768,1574.5
2001,Africa,Buildings,Renewables,51.1,3768,1574.5
2001,Africa,Buildings,Nuclear,4.6,3768,1574.5
2001,Africa,Agriculture,Coal,26.5,3768,1574.5
2001,Africa,Agriculture,Oil,27.2,3768,1574.5
2001,Africa,Agriculture,Natural Gas,23.8,3768,1574.5
2001,Africa,Agriculture,Renewables,40.4,3768,1574.5
2001,Africa,Agriculture,Nuclear,3.8,3768,1574.5
2002,Africa,Energy,Coal,135.5,3911,1613.9
2002,Africa,Energy,Oil,139,3911,1613.9
2002,Africa,Energy,Natural Gas,120.5,3911,1613.9
2002,Africa,Energy,Renewables,218.4,3911,1613.9
2002,Africa,Energy,Nuclear,19.6,3911,1613.9
2002,Africa,Industry,Coal,75.8,3911,1613.9
2002,Africa,Industry,Oil,74.5,3911,1613.9
2002,Africa,Industry,Natural Gas,67.4,3911,1613.9
2002,Africa,Industry,Renewables,122.4,3911,1613.9
2002,Africa,Industry,Nuclear,10.9,3911,1613.9
2002,Africa,Transport,Coal,67,3911,1613.9
2002,Africa,Transport,Oil,70.4,3911,1613.9
2002,Africa,Transport,Natural Gas,59.3,3911,1613.9
2002,Africa,Transport,Renewables,110.9,3911,1613.9
2002,Africa,Transport,Nuclear,10,3911,1613.9
2002,Africa,Buildings,Coal,32.3,3911,1613.9
2002,Africa,Buildings,Oil,34.1,3911,1613.9
2002,Africa,Buildings,Natural Gas,29.4,3911,1613.9
2002,Africa,Buildings,Renewables,56.6,3911,1613.9
2002,Africa,Buildings,Nuclear,5,3911,1613.9
2002,Africa,Agriculture,Coal,27.6,3911,1613.9
2002,Africa,Agriculture,Oil,27.1,3911,1613.9
2002,Africa,Agriculture,Natural Gas,23.8,3911,1613.9
2002,Africa,Agriculture,Renewables,44.2,3911,1613.9
2002,Africa,Agriculture,Nuclear,4.1,3911,1613.9
2003,Africa,Energy,Coal,132.3,4060,1654.2
2003,Africa,Energy,Oil,142.1,4060,1654.2
2003,Africa,Energy,Natural Gas,119.8,4060,1654.2
2003,Africa,Energy,Renewables,245.8,4060,1654.2
2003,Africa,Energy,Nuclear,21.2,4060,1654.2
2003,Africa,Industry,Coal,70.9,4060,1654.2
2003,Africa,Industry,Oil,79.1,4060,1654.2
2003,Africa,Industry,Natural Gas,70,4060,1654.2
2003,Africa,Industry,Renewables,136.5,4060,1654.2
2003,Africa,Industry,Nuclear,11.7,4060,1654.2
2003,Africa,Transport,Coal,65.1,4060,1654.2
2003,Africa,Transport,Oil,72.9,4060,1654.2
2003,Africa,Transport,Natural Gas,63.1,4060,1654.2
2003,Africa,Transport,Renewables,116.6,4060,1654.2
2003,Africa,Transport,Nuclear,10.5,4060,1654.2
2003,Africa,Buildings,Coal,33.8,4060,1654.2
2003,Africa,Buildings,Oil,34.2,4060,1654.2
2003,Africa,Buildings,Natural Gas,31.9,4060,1654.2
2003,Africa,Buildings,Renewables,62.4,4060,1654.2
2003,Africa,Buildings,Nuclear,5,4060,1654.2
2003,Africa,Agriculture,Coal,26.6,4060,1654.2
2003,Africa,Agriculture,Oil,28.3,4060,1654.2
2003,Africa,Agriculture,Natural Gas,23.9,4060,1654.2
2003,Africa,Agriculture,Renewables,48.4,4060,1654.2
2003,Africa,Agriculture,Nuclear,4,4060,1654.2
2004,Africa,Energy,Coal,128.1,4214,1695.6
2004,Africa,Energy,Oil,141.1,4214,1695.6
2004,Africa,Energy,Natural Gas,125.8,4214,1695.6
2004,Africa,Energy,Renewables,271.4,4214,1695.6
2004,Africa,Energy,Nuclear,22,4214,1695.6
2004,Africa,Industry,Coal,72.3,4214,1695.6
2004,Africa,Industry,Oil,76.7,4214,1695.6
2004,Africa,Industry,Natural Gas,69.1,4214,1695.6
2004,Africa,Industry,Renewables,144.5,4214,1695.6
2004,Africa,Industry,Nuclear,12.3,4214,1695.6
2004,Africa,Transport,Coal,64.6,4214,1695.6
2004,Africa,Transport,Oil,73.9,4214,1695.6
2004,Africa,Transport,Natural Gas,65,4214,1695.6
2004,Africa,Transport,Renewables,130.7,4214,1695.6
2004,Africa,Transport,Nuclear,10.5,4214,1695.6
2004,Africa,Buildings,Coal,32.1,4214,1695.6
2004,Africa,Buildings,Oil,36.1,4214,1695.6
2004,Africa,Buildings,Natural Gas,32.1,4214,1695.6
2004,Africa,Buildings,Renewables,67,4214,1695.6
2004,Africa,Buildings,Nuclear,5.6,4214,1695.6
2004,Africa,Agriculture,Coal,27,4214,1695.6
2004,Africa,Agriculture,Oil,28.5,4214,1695.6
2004,Africa,Agriculture,Natural Gas,25.4,4214,1695.6
2004,Africa,Agriculture,Renewables,54,4214,1695.6
2004,Africa,Agriculture,Nuclear,4.1,4214,1695.6
2005,Africa,Energy,Coal,131.8,4374,1738
2005,Africa,Energy,Oil,149.2,4374,1738
2005,Africa,Energy,Natural Gas,130.2,4374,1738
2005,Africa,Energy,Renewables,276,4374,1738
2005,Africa,Energy,Nuclear,21.8,4374,1738
2005,Africa,Industry,Coal,70.9,4374,1738
2005,Africa,Industry,Oil,76.5,4374,1738
2005,Africa,Industry,Natural Gas,70.9,4374,1738
2005,Africa,Industry,Renewables,152.2,4374,1738
2005,Africa,Industry,Nuclear,12.4,4374,1738
2005,Africa,Transport,Coal,65.8,4374,1738
2005,Africa,Transport,Oil,70.5,4374,1738
2005,Africa,Transport,Natural Gas,68.5,4374,1738
2005,Africa,Transport,Renewables,145.6,4374,1738
2005,Africa,Transport,Nuclear,10.8,4374,1738
2005,Africa,Buildings,Coal,31.4,4374,1738
2005,Africa,Buildings,Oil,37.6,4374,1738
2005,Africa,Buildings,Natural Gas,32.9,4374,1738
2005,Africa,Buildings,Renewables,74.5,4374,1738
2005,Africa,Buildings,Nuclear,5.5,4374,1738
2005,Africa,Agriculture,Coal,26.5,4374,1738
2005,Africa,Agriculture,Oil,30,4374,1738
2005,Africa,Agriculture,Natural Gas,26.9,4374,1738
2005,Africa,Agriculture,Renewables,57,4374,1738
2005,Africa,Agriculture,Nuclear,4.7,4374,1738
2006,Africa,Energy,Coal,130.6,4540,1781.4
2006,Africa,Energy,Oil,145.8,4540,1781.4
2006,Africa,Energy,Natural Gas,136,4540,1781.4
2006,Africa,Energy,Renewables,314.5,4540,1781.4
2006,Africa,Energy,Nuclear,24.1,4540,1781.4
2006,Africa,Industry,Coal,70.8,4540,1781.4
2006,Africa,Industry,Oil,82.5,4540,1781.4
2006,Africa,Industry,Natural Gas,76.6,4540,1781.4
2006,Africa,Industry,Renewables,177.6,4540,1781.4
2006,Africa,Industry,Nuclear,12.7,4540,1781.4
2006,Africa,Transport,Coal,66.2,4540,1781.4
2006,Africa,Transport,Oil,71.1,4540,1781.4
2006,Africa,Transport,Natural Gas,66.4,4540,1781.4
2006,Africa,Transport,Renewables,157.1,4540,1781.4
2006,Africa,Transport,Nuclear,12.1,4540,1781.4
2006,Africa,Buildings,Coal,33.2,4540,1781.4
2006,Africa,Buildings,Oil,35.3,4540,1781.4
2006,Africa,Buildings,Natural Gas,34.7,4540,1781.4
2006,Africa,Buildings,Renewables,79.7,4540,1781.4
2006,Africa,Buildings,Nuclear,5.9,4540,1781.4
2006,Africa,Agriculture,Coal,24.8,4540,1781.4
2006,Africa,Agriculture,Oil,29.2,4540,1781.4
2006,Africa,Agriculture,Natural Gas,28,4540,1781.4
2006,Africa,Agriculture,Renewables,62.5,4540,1781.4
2006,Africa,Agriculture,Nuclear,4.5,4540,1781.4
2007,Africa,Energy,Coal,125.2,4713,1825.9
2007,Africa,Energy,Oil,145.1,4713,1825.9
2007,Africa,Energy,Natural Gas,146.6,4713,1825.9
2007,Africa,Energy,Renewables,344.7,4713,1825.9
2007,Africa,Energy,Nuclear,24.4,4713,1825.9
2007,Africa,Industry,Coal,72.6,4713,1825.9
2007,Africa,Industry,Oil,85.1,4713,1825.9
2007,Africa,Industry,Natural Gas,79.5,4713,1825.9
2007,Africa,Industry,Renewables,191,4713,1825.9
2007,Africa,Industry,Nuclear,13.7,4713,1825.9
2007,Africa,Transport,Coal,61.3,4713,1825.9
2007,Africa,Transport,Oil,73.3,4713,1825.9
2007,Africa,Transport,Natural Gas,73.3,4713,1825.9
2007,Africa,Transport,Renewables,164,4713,1825.9
2007,Africa,Transport,Nuclear,12.5,4713,1825.9
2007,Africa,Buildings,Coal,31.2,4713,1825.9
2007,Africa,Buildings,Oil,37.4,4713,1825.9
2007,Africa,Buildings,Natural Gas,36.6,4713,1825.9
2007,Africa,Buildings,Renewables,82.9,4713,1825.9
2007,Africa,Buildings,Nuclear,6,4713,1825.9
2007,Africa,Agriculture,Coal,25.7,4713,1825.9
2007,Africa,Agriculture,Oil,29.3,4713,1825.9
2007,Africa,Agriculture,Natural Gas,28.7,4713,1825.9
2007,Africa,Agriculture,Renewables,66.2,4713,1825.9
2007,Africa,Agriculture,Nuclear,5,4713,1825.9
2008,Africa,Energy,Coal,129.6,4892,1871.6
2008,Africa,Energy,Oil,148,4892,1871.6
2008,Africa,Energy,Natural Gas,149.8,4892,1871.6
2008,Africa,Energy,Renewables,364,4892,1871.6
2008,Africa,Energy,Nuclear,24.9,4892,1871.6
2008,Africa,Industry,Coal,71.7,4892,1871.6
2008,Africa,Industry,Oil,80.2,4892,1871.6
2008,Africa,Industry,Natural Gas,80.2,4892,1871.6
2008,Africa,Industry,Renewables,206,4892,1871.6
2008,Africa,Industry,Nuclear,14,4892,1871.6
2008,Africa,Transport,Coal,60.8,4892,1871.6
2008,Africa,Transport,Oil,73.8,4892,1871.6
2008,Africa,Transport,Natural Gas,74.9,4892,1871.6
2008,Africa,Transport,Renewables,176.6,4892,1871.6
2008,Africa,Transport,Nuclear,13.1,4892,1871.6
2008,Africa,Buildings,Coal,30.3,4892,1871.6
2008,Africa,Buildings,Oil,38,4892,1871.6
2008,Africa,Buildings,Natural Gas,35.5,4892,1871.6
2008,Africa,Buildings,Renewables,90.8,4892,1871.6
2008,Africa,Buildings,Nuclear,6.3,4892,1871.6
2008,Africa,Agriculture,Coal,24.8,4892,1871.6
2008,Africa,Agriculture,Oil,29.5,4892,1871.6
2008,Africa,Agriculture,Natural Gas,29.7,4892,1871.6
2008,Africa,Agriculture,Renewables,70.7,4892,1871.6
2008,Africa,Agriculture,Nuclear,5,4892,1871.6
2009,Africa,Energy,Coal,127,4875,1918.4
2009,Africa,Energy,Oil,157,4875,1918.4
2009,Africa,Energy,Natural Gas,155.4,4875,1918.4
2009,Africa,Energy,Renewables,404.3,4875,1918.4
2009,Africa,Energy,Nuclear,26.3,4875,1918.4
2009,Africa,Industry,Coal,69.3,4875,1918.4
2009,Africa,Industry,Oil,84.5,4875,1918.4
2009,Africa,Industry,Natural Gas,84.4,4875,1918.4
2009,Africa,Industry,Renewables,222.5,4875,1918.4
2009,Africa,Industry,Nuclear,15.2,4875,1918.4
2009,Africa,Transport,Coal,64.2,4875,1918.4
2009,Africa,Transport,Oil,74,4875,1918.4
2009,Africa,Transport,Natural Gas,74.7,4875,1918.4
2009,Africa,Transport,Renewables,199.8,4875,1918.4
2009,Africa,Transport,Nuclear,13.6,4875,1918.4
2009,Africa,Buildings,Coal,30.9,4875,1918.4
2009,Africa,Buildings,Oil,38,4875,1918.4
2009,Africa,Buildings,Natural Gas,38.7,4875,1918.4
2009,Africa,Buildings,Renewables,94.5,4875,1918.4
2009,Africa,Buildings,Nuclear,6.8,4875,1918.4
2009,Africa,Agriculture,Coal,25.7,4875,1918.4
2009,Africa,Agriculture,Oil,30.8,4875,1918.4
2009,Africa,Agriculture,Natural Gas,29.7,4875,1918.4
2009,Africa,Agriculture,Renewables,78.6,4875,1918.4
2009,Africa,Agriculture,Nuclear,5.3,4875,1918.4
2010,Africa,Energy,Coal,120.9,5271,1966.3
2010,Africa,Energy,Oil,154,5271,1966.3
2010,Africa,Energy,Natural Gas,160,5271,1966.3
2010,Africa,Energy,Renewables,406.9,5271,1966.3
2010,Africa,Energy,Nuclear,26.9,5271,1966.3
2010,Africa,Industry,Coal,68,5271,1966.3
2010,Africa,Industry,Oil,88.1,5271,1966.3
2010,Africa,Industry,Natural Gas,85,5271,1966.3
2010,Africa,Industry,Renewables,223.3,5271,1966.3
2010,Africa,Industry,Nuclear,15.6,5271,1966.3
2010,Africa,Transport,Coal,59.9,5271,1966.3
2010,Africa,Transport,Oil,79.5,5271,1966.3
2010,Africa,Transport,Natural Gas,75.2,5271,1966.3
2010,Africa,Transport,Renewables,212.9,5271,1966.3
2010,Africa,Transport,Nuclear,13.9,5271,1966.3
2010,Africa,Buildings,Coal,31.6,5271,1966.3
2010,Africa,Buildings,Oil,40.3,5271,1966.3
2010,Africa,Buildings,Natural Gas,38.2,5271,1966.3
2010,Africa,Buildings,Renewables,106,5271,1966.3
2010,Africa,Buildings,Nuclear,7.1,5271,1966.3
2010,Africa,Agriculture,Coal,24.2,5271,1966.3
2010,Africa,Agriculture,Oil,32,5271,1966.3
2010,Africa,Agriculture,Natural Gas,31.6,5271,1966.3
2010,Africa,Agriculture,Renewables,85.4,5271,1966.3
2010,Africa,Agriculture,Nuclear,5.4,5271,1966.3
2011,Africa,Energy,Coal,124.3,5471,2015.5
2011,Africa,Energy,Oil,157,5471,2015.5
2011,Africa,Energy,Natural Gas,155.1,5471,2015.5
2011,Africa,Energy,Renewables,428.9,5471,2015.5
2011,Africa,Energy,Nuclear,28.7,5471,2015.5
2011,Africa,Industry,Coal,68.1,5471,2015.5
2011,Africa,Industry,Oil,88.2,5471,2015.5
2011,Africa,Industry,Natural Gas,89.5,5471,2015.5
2011,Africa,Industry,Renewables,250.3,5471,2015.5
2011,Africa,Industry,Nuclear,16.2,5471,2015.5
2011,Africa,Transport,Coal,62.2,5471,2015.5
2011,Africa,Transport,Oil,77.3,5471,2015.5
2011,Africa,Transport,Natural Gas,79.9,5471,2015.5
2011,Africa,Transport,Renewables,229.7,5471,2015.5
2011,Africa,Transport,Nuclear,14,5471,2015.5
2011,Africa,Buildings,Coal,31,5471,2015.5
2011,Africa,Buildings,Oil,41,5471,2015.5
2011,Africa,Buildings,Natural Gas,39.1,5471,2015.5
2011,Africa,Buildings,Renewables,115.8,5471,2015.5
2011,Africa,Buildings,Nuclear,7.5,5471,2015.5
2011,Africa,Agriculture,Coal,24.9,5471,2015.5
2011,Africa,Agriculture,Oil,30.7,5471,2015.5
2011,Africa,Agriculture,Natural Gas,32.6,5471,2015.5
2011,Africa,Agriculture,Renewables,87.6,5471,2015.5
2011,Africa,Agriculture,Nuclear,5.7,5471,2015.5
2012,Africa,Energy,Coal,118.3,5679,2065.9
2012,Africa,Energy,Oil,156.6,5679,2065.9
2012,Africa,Energy,Natural Gas,160.1,5679,2065.9
2012,Africa,Energy,Renewables,471.6,5679,2065.9
2012,Africa,Energy,Nuclear,29.8,5679,2065.9
2012,Africa,Industry,Coal,64.9,5679,2065.9
2012,Africa,Industry,Oil,85.6,5679,2065.9
2012,Africa,Industry,Natural Gas,93,5679,2065.9
2012,Africa,Industry,Renewables,265.7,5679,2065.9
2012,Africa,Industry,Nuclear,16.8,5679,2065.9
2012,Africa,Transport,Coal,58.5,5679,2065.9
2012,Africa,Transport,Oil,77.2,5679,2065.9
2012,Africa,Transport,Natural Gas,80.8,5679,2065.9
2012,Africa,Transport,Renewables,233.9,5679,2065.9
2012,Africa,Transport,Nuclear,15.1,5679,2065.9
2012,Africa,Buildings,Coal,29.9,5679,2065.9
2012,Africa,Buildings,Oil,40.4,5679,2065.9
2012,Africa,Buildings,Natural Gas,43.2,5679,2065.9
2012,Africa,Buildings,Renewables,116.9,5679,2065.9
2012,Africa,Buildings,Nuclear,7.4,5679,2065.9
2012,Africa,Agriculture,Coal,23.5,5679,2065.9
2012,Africa,Agriculture,Oil,31.9,5679,2065.9
2012,Africa,Agriculture,Natural Gas,32.1,5679,2065.9
2012,Africa,Agriculture,Renewables,97.4,5679,2065.9
2012,Africa,Agriculture,Nuclear,6.1,5679,2065.9
2013,Africa,Energy,Coal,119.9,5895,2117.5
2013,Africa,Energy,Oil,157.7,5895,2117.5
2013,Africa,Energy,Natural Gas,172.9,5895,2117.5
2013,Africa,Energy,Renewables,494,5895,2117.5
2013,Africa,Energy,Nuclear,30.7,5895,2117.5
2013,Africa,Industry,Coal,62.1,5895,2117.5
2013,Africa,Industry,Oil,89,5895,2117.5
2013,Africa,Industry,Natural Gas,93.9,5895,2117.5
2013,Africa,Industry,Renewables,281.2,5895,2117.5
2013,Africa,Industry,Nuclear,17.3,5895,2117.5
2013,Africa,Transport,Coal,58,5895,2117.5
2013,Africa,Transport,Oil,79.7,5895,2117.5
2013,Africa,Transport,Natural Gas,82.8,5895,2117.5
2013,Africa,Transport,Renewables,247.1,5895,2117.5
2013,Africa,Transport,Nuclear,15.8,5895,2117.5
2013,Africa,Buildings,Coal,29.1,5895,2117.5
2013,Africa,Buildings,Oil,41.4,5895,2117.5
2013,Africa,Buildings,Natural Gas,44.4,5895,2117.5
2013,Africa,Buildings,Renewables,124.1,5895,2117.5
2013,Africa,Buildings,Nuclear,8.1,5895,2117.5
2013,Africa,Agriculture,Coal,23.9,5895,2117.5
2013,Africa,Agriculture,Oil,33.8,5895,2117.5
2013,Africa,Agriculture,Natural Gas,34.8,5895,2117.5
2013,Africa,Agriculture,Renewables,103.2,5895,2117.5
2013,Africa,Agriculture,Nuclear,6.1,5895,2117.5
2014,Africa,Energy,Coal,115.5,6119,2170.5
2014,Africa,Energy,Oil,166,6119,2170.5
2014,Africa,Energy,Natural Gas,176.8,6119,2170.5
2014,Africa,Energy,Renewables,539.1,6119,2170.5
2014,Africa,Energy,Nuclear,31.7,6119,2170.5
2014,Africa,Industry,Coal,61.9,6119,2170.5
2014,Africa,Industry,Oil,91.1,6119,2170.5
2014,Africa,Industry,Natural Gas,100.7,6119,2170.5
2014,Africa,Industry,Renewables,301.3,6119,2170.5
2014,Africa,Industry,Nuclear,18.2,6119,2170.5
2014,Africa,Transport,Coal,56,6119,2170.5
2014,Africa,Transport,Oil,84,6119,2170.5
2014,Africa,Transport,Natural Gas,91.5,6119,2170.5
2014,Africa,Transport,Renewables,259.6,6119,2170.5
2014,Africa,Transport,Nuclear,16.9,6119,2170.5
2014,Africa,Buildings,Coal,28.7,6119,2170.5
2014,Africa,Buildings,Oil,42.5,6119,2170.5
2014,Africa,Buildings,Natural Gas,42.7,6119,2170.5
2014,Africa,Buildings,Renewables,140.4,6119,2170.5
2014,Africa,Buildings,Nuclear,8.1,6119,2170.5
2014,Africa,Agriculture,Coal,23.2,6119,2170.5
2014,Africa,Agriculture,Oil,34.3,6119,2170.5
2014,Africa,Agriculture,Natural Gas,36.5,6119,2170.5
2014,Africa,Agriculture,Renewables,105.6,6119,2170.5
2014,Africa,Agriculture,Nuclear,6.5,6119,2170.5
2015,Africa,Energy,Coal,112.4,6351,2224.7
2015,Africa,Energy,Oil,161.1,6351,2224.7
2015,Africa,Energy,Natural Gas,186.8,6351,2224.7
2015,Africa,Energy,Renewables,561.9,6351,2224.7
2015,Africa,Energy,Nuclear,33.2,6351,2224.7
2015,Africa,Industry,Coal,59.5,6351,2224.7
2015,Africa,Industry,Oil,89.4,6351,2224.7
2015,Africa,Industry,Natural Gas,99.2,6351,2224.7
2015,Africa,Industry,Renewables,323.5,6351,2224.7
2015,Africa,Industry,Nuclear,19,6351,2224.7
2015,Africa,Transport,Coal,56.8,6351,2224.7
2015,Africa,Transport,Oil,86.5,6351,2224.7
2015,Africa,Transport,Natural Gas,89.6,6351,2224.7
2015,Africa,Transport,Renewables,288.5,6351,2224.7
2015,Africa,Transport,Nuclear,17.3,6351,2224.7
2015,Africa,Buildings,Coal,28.7,6351,2224.7
2015,Africa,Buildings,Oil,40.9,6351,2224.7
2015,Africa,Buildings,Natural Gas,47,6351,2224.7
2015,Africa,Buildings,Renewables,144.1,6351,2224.7
2015,Africa,Buildings,Nuclear,8.4,6351,2224.7
2015,Africa,Agriculture,Coal,22.7,6351,2224.7
2015,Africa,Agriculture,Oil,32.7,6351,2224.7
2015,Africa,Agriculture,Natural Gas,36.8,6351,2224.7
2015,Africa,Agriculture,Renewables,110.8,6351,2224.7
2015,Africa,Agriculture,Nuclear,6.7,6351,2224.7
2016,Africa,Energy,Coal,105.2,6593,2280.4
2016,Africa,Energy,Oil,170.3,6593,2280.4
2016,Africa,Energy,Natural Gas,183.2,6593,2280.4
2016,Africa,Energy,Renewables,617,6593,2280.4
2016,Africa,Energy,Nuclear,35.5,6593,2280.4
2016,Africa,Industry,Coal,62.3,6593,2280.4
2016,Africa,Industry,Oil,97.2,6593,2280.4
2016,Africa,Industry,Natural Gas,100.1,6593,2280.4
2016,Africa,Industry,Renewables,331.5,6593,2280.4
2016,Africa,Industry,Nuclear,19.4,6593,2280.4
2016,Africa,Transport,Coal,53.2,6593,2280.4
2016,Africa,Transport,Oil,86.4,6593,2280.4
2016,Africa,Transport,Natural Gas,93.1,6593,2280.4
2016,Africa,Transport,Renewables,315.8,6593,2280.4
2016,Africa,Transport,Nuclear,17.9,6593,2280.4
2016,Africa,Buildings,Coal,26.2,6593,2280.4
2016,Africa,Buildings,Oil,42.7,6593,2280.4
2016,Africa,Buildings,Natural Gas,47,6593,2280.4
2016,Africa,Buildings,Renewables,157.7,6593,2280.4
2016,Africa,Buildings,Nuclear,8.9,6593,2280.4
2016,Africa,Agriculture,Coal,21.6,6593,2280.4
2016,Africa,Agriculture,Oil,33.2,6593,2280.4
2016,Africa,Agriculture,Natural Gas,37,6593,2280.4
2016,Africa,Agriculture,Renewables,118.6,6593,2280.4
2016,Africa,Agriculture,Nuclear,7.1,6593,2280.4
2017,Africa,Energy,Coal,107.6,6843,2337.4
2017,Africa,Energy,Oil,170.2,6843,2337.4
2017,Africa,Energy,Natural Gas,190,6843,2337.4
2017,Africa,Energy,Renewables,635,6843,2337.4
2017,Africa,Energy,Nuclear,38.1,6843,2337.4
2017,Africa,Industry,Coal,58.9,6843,2337.4
2017,Africa,Industry,Oil,95.6,6843,2337.4
2017,Africa,Industry,Natural Gas,111.1,6843,2337.4
2017,Africa,Industry,Renewables,341.5,6843,2337.4
2017,Africa,Industry,Nuclear,19.7,6843,2337.4
2017,Africa,Transport,Coal,51.6,6843,2337.4
2017,Africa,Transport,Oil,83.7,6843,2337.4
2017,Africa,Transport,Natural Gas,95.6,6843,2337.4
2017,Africa,Transport,Renewables,318.3,6843,2337.4
2017,Africa,Transport,Nuclear,17.7,6843,2337.4
2017,Africa,Buildings,Coal,26.2,6843,2337.4
2017,Africa,Buildings,Oil,43.8,6843,2337.4
2017,Africa,Buildings,Natural Gas,48.4,6843,2337.4
2017,Africa,Buildings,Renewables,157.1,6843,2337.4
2017,Africa,Buildings,Nuclear,9.4,6843,2337.4
2017,Africa,Agriculture,Coal,21.4,6843,2337.4
2017,Africa,Agriculture,Oil,35.7,6843,2337.4
2017,Africa,Agriculture,Natural Gas,38.4,6843,2337.4
2017,Africa,Agriculture,Renewables,132.6,6843,2337.4
2017,Africa,Agriculture,Nuclear,7.6,6843,2337.4
2018,Africa,Energy,Coal,104,7103,2395.8
2018,Africa,Energy,Oil,172.3,7103,2395.8
2018,Africa,Energy,Natural Gas,203.8,7103,2395.8
2018,Africa,Energy,Renewables,686.7,7103,2395.8
2018,Africa,Energy,Nuclear,39.9,7103,2395.8
2018,Africa,Industry,Coal,57.5,7103,2395.8
2018,Africa,Industry,Oil,99.6,7103,2395.8
2018,Africa,Industry,Natural Gas,113.8,7103,2395.8
2018,Africa,Industry,Renewables,368.3,7103,2395.8
2018,Africa,Industry,Nuclear,20.5,7103,2395.8
2018,Africa,Transport,Coal,53.2,7103,2395.8
2018,Africa,Transport,Oil,90.9,7103,2395.8
2018,Africa,Transport,Natural Gas,101.2,7103,2395.8
2018,Africa,Transport,Renewables,337.6,7103,2395.8
2018,Africa,Transport,Nuclear,19.4,7103,2395.8
2018,Africa,Buildings,Coal,26.2,7103,2395.8
2018,Africa,Buildings,Oil,45.3,7103,2395.8
2018,Africa,Buildings,Natural Gas,48.6,7103,2395.8
2018,Africa,Buildings,Renewables,168.9,7103,2395.8
2018,Africa,Buildings,Nuclear,9.9,7103,2395.8
2018,Africa,Agriculture,Coal,20.1,7103,2395.8
2018,Africa,Agriculture,Oil,34.2,7103,2395.8
2018,Africa,Agriculture,Natural Gas,40.8,7103,2395.8
2018,Africa,Agriculture,Renewables,135.7,7103,2395.8
2018,Africa,Agriculture,Nuclear,7.4,7103,2395.8
2019,Africa,Energy,Coal,103.8,7373,2455.7
2019,Africa,Energy,Oil,170.5,7373,2455.7
2019,Africa,Energy,Natural Gas,206.3,7373,2455.7
2019,Africa,Energy,Renewables,735.6,7373,2455.7
2019,Africa,Energy,Nuclear,40.9,7373,2455.7
2019,Africa,Industry,Coal,55.9,7373,2455.7
2019,Africa,Industry,Oil,96.3,7373,2455.7
2019,Africa,Industry,Natural Gas,114.4,7373,2455.7
2019,Africa,Industry,Renewables,383.6,7373,2455.7
2019,Africa,Industry,Nuclear,22.8,7373,2455.7
2019,Africa,Transport,Coal,48.2,7373,2455.7
2019,Africa,Transport,Oil,88.7,7373,2455.7
2019,Africa,Transport,Natural Gas,101.7,7373,2455.7
2019,Africa,Transport,Renewables,345.9,7373,2455.7
2019,Africa,Transport,Nuclear,19.8,7373,2455.7
2019,Africa,Buildings,Coal,26,7373,2455.7
2019,Africa,Buildings,Oil,44.1,7373,2455.7
2019,Africa,Buildings,Natural Gas,52,7373,2455.7
2019,Africa,Buildings,Renewables,185.9,7373,2455.7
2019,Africa,Buildings,Nuclear,10.2,7373,2455.7
2019,Africa,Agriculture,Coal,20.5,7373,2455.7
2019,Africa,Agriculture,Oil,36.7,7373,2455.7
2019,Africa,Agriculture,Natural Gas,40.1,7373,2455.7
2019,Africa,Agriculture,Renewables,146.7,7373,2455.7
2019,Africa,Agriculture,Nuclear,8.3,7373,2455.7
2020,Africa,Energy,Coal,87.9,7194,2517.1
2020,Africa,Energy,Oil,168.6,7194,2517.1
2020,Africa,Energy,Natural Gas,196.7,7194,2517.1
2020,Africa,Energy,Renewables,724.5,7194,2517.1
2020,Africa,Energy,Nuclear,40,7194,2517.1
2020,Africa,Industry,Coal,48.1,7194,2517.1
2020,Africa,Industry,Oil,91.3,7194,2517.1
2020,Africa,Industry,Natural Gas,111.9,7194,2517.1
2020,Africa,Industry,Renewables,398,7194,2517.1
2020,Africa,Industry,Nuclear,22.2,7194,2517.1
2020,Africa,Transport,Coal,46.4,7194,2517.1
2020,Africa,Transport,Oil,83.4,7194,2517.1
2020,Africa,Transport,Natural Gas,102,7194,2517.1
2020,Africa,Transport,Renewables,367.3,7194,2517.1
2020,Africa,Transport,Nuclear,19.1,7194,2517.1
2020,Africa,Buildings,Coal,22.2,7194,2517.1
2020,Africa,Buildings,Oil,42.4,7194,2517.1
2020,Africa,Buildings,Natural Gas,50,7194,2517.1
2020,Africa,Buildings,Renewables,173.8,7194,2517.1
2020,Africa,Buildings,Nuclear,9.7,7194,2517.1
2020,Africa,Agriculture,Coal,18,7194,2517.1
2020,Africa,Agriculture,Oil,34.7,7194,2517.1
2020,Africa,Agriculture,Natural Gas,38.7,7194,2517.1
2020,Africa,Agriculture,Renewables,138.2,7194,2517.1
2020,Africa,Agriculture,Nuclear,8,7194,2517.1
2021,Africa,Energy,Coal,92.4,7944,2580
2021,Africa,Energy,Oil,187.4,7944,2580
2021,Africa,Energy,Natural Gas,221,7944,2580
2021,Africa,Energy,Renewables,785.2,7944,2580
2021,Africa,Energy,Nuclear,43.6,7944,2580
2021,Africa,Industry,Coal,49.1,7944,2580
2021,Africa,Industry,Oil,97,7944,2580
2021,Africa,Industry,Natural Gas,123.8,7944,2580
2021,Africa,Industry,Renewables,420,7944,2580
2021,Africa,Industry,Nuclear,23.3,7944,2580
2021,Africa,Transport,Coal,46.5,7944,2580
2021,Africa,Transport,Oil,93,7944,2580
2021,Africa,Transport,Natural Gas,113.2,7944,2580
2021,Africa,Transport,Renewables,396.6,7944,2580
2021,Africa,Transport,Nuclear,21.5,7944,2580
2021,Africa,Buildings,Coal,23.6,7944,2580
2021,Africa,Buildings,Oil,46.8,7944,2580
2021,Africa,Buildings,Natural Gas,53.3,7944,2580
2021,Africa,Buildings,Renewables,193.5,7944,2580
2021,Africa,Buildings,Nuclear,10.4,7944,2580
2021,Africa,Agriculture,Coal,19,7944,2580
2021,Africa,Agriculture,Oil,36.4,7944,2580
2021,Africa,Agriculture,Natural Gas,43.5,7944,2580
2021,Africa,Agriculture,Renewables,154.4,7944,2580
2021,Africa,Agriculture,Nuclear,8.2,7944,2580
2022,Africa,Energy,Coal,86.1,8246,2644.5
2022,Africa,Energy,Oil,190.7,8246,2644.5
2022,Africa,Energy,Natural Gas,232.1,8246,2644.5
2022,Africa,Energy,Renewables,862.9,8246,2644.5
2022,Africa,Energy,Nuclear,46.6,8246,2644.5
2022,Africa,Industry,Coal,47.8,8246,2644.5
2022,Africa,Industry,Oil,101.4,8246,2644.5
2022,Africa,Industry,Natural Gas,125.7,8246,2644.5
2022,Africa,Industry,Renewables,449.8,8246,2644.5
2022,Africa,Industry,Nuclear,24.4,8246,2644.5
2022,Africa,Transport,Coal,46.6,8246,2644.5
2022,Africa,Transport,Oil,93.6,8246,2644.5
2022,Africa,Transport,Natural Gas,109.7,8246,2644.5
2022,Africa,Transport,Renewables,437.3,8246,2644.5
2022,Africa,Transport,Nuclear,23,8246,2644.5
2022,Africa,Buildings,Coal,21.6,8246,2644.5
2022,Africa,Buildings,Oil,45.4,8246,2644.5
2022,Africa,Buildings,Natural Gas,58.1,8246,2644.5
2022,Africa,Buildings,Renewables,205.2,8246,2644.5
2022,Africa,Buildings,Nuclear,11.3,8246,2644.5
2022,Africa,Agriculture,Coal,17.6,8246,2644.5
2022,Africa,Agriculture,Oil,36.1,8246,2644.5
2022,Africa,Agriculture,Natural Gas,47.1,8246,2644.5
2022,Africa,Agriculture,Renewables,168.2,8246,2644.5
2022,Africa,Agriculture,Nuclear,8.8,8246,2644.5
2023,Africa,Energy,Coal,86.2,8560,2710.6
2023,Africa,Energy,Oil,195,8560,2710.6
2023,Africa,Energy,Natural Gas,237.8,8560,2710.6
2023,Africa,Energy,Renewables,887.1,8560,2710.6
2023,Africa,Energy,Nuclear,47.3,8560,2710.6
2023,Africa,Industry,Coal,45.4,8560,2710.6
2023,Africa,Industry,Oil,99.3,8560,2710.6
2023,Africa,Industry,Natural Gas,130.1,8560,2710.6
2023,Africa,Industry,Renewables,473,8560,2710.6
2023,Africa,Industry,Nuclear,25.9,8560,2710.6
2023,Africa,Transport,Coal,43.9,8560,2710.6
2023,Africa,Transport,Oil,93.3,8560,2710.6
2023,Africa,Transport,Natural Gas,113.7,8560,2710.6
2023,Africa,Transport,Renewables,462.3,8560,2710.6
2023,Africa,Transport,Nuclear,23.4,8560,2710.6
2023,Africa,Buildings,Coal,22,8560,2710.6
2023,Africa,Buildings,Oil,46,8560,2710.6
2023,Africa,Buildings,Natural Gas,60.4,8560,2710.6
2023,Africa,Buildings,Renewables,216.4,8560,2710.6
2023,Africa,Buildings,Nuclear,11.7,8560,2710.6
2023,Africa,Agriculture,Coal,16.5,8560,2710.6
2023,Africa,Agriculture,Oil,37.7,8560,2710.6
2023,Africa,Agriculture,Natural Gas,48.9,8560,2710.6
2023,Africa,Agriculture,Renewables,176.6,8560,2710.6
2023,Africa,Agriculture,Nuclear,9.5,8560,2710.6
2024,Africa,Energy,Coal,84,8885,2778.4
2024,Africa,Energy,Oil,186.1,8885,2778.4
2024,Africa,Energy,Natural Gas,242.1,8885,2778.4
2024,Africa,Energy,Renewables,964.2,8885,2778.4
2024,Africa,Energy,Nuclear,49.8,8885,2778.4
2024,Africa,Industry,Coal,45.1,8885,2778.4
2024,Africa,Industry,Oil,101.5,8885,2778.4
2024,Africa,Industry,Natural Gas,129.9,8885,2778.4
2024,Africa,Industry,Renewables,507.8,8885,2778.4
2024,Africa,Industry,Nuclear,25.7,8885,2778.4
2024,Africa,Transport,Coal,41,8885,2778.4
2024,Africa,Transport,Oil,96.8,8885,2778.4
2024,Africa,Transport,Natural Gas,122.6,8885,2778.4
2024,Africa,Transport,Renewables,452.3,8885,2778.4
2024,Africa,Transport,Nuclear,23.2,8885,2778.4
2024,Africa,Buildings,Coal,19.9,8885,2778.4
2024,Africa,Buildings,Oil,48.7,8885,2778.4
2024,Africa,Buildings,Natural Gas,62.1,8885,2778.4
2024,Africa,Buildings,Renewables,226.4,8885,2778.4
2024,Africa,Buildings,Nuclear,12,8885,2778.4
2024,Africa,Agriculture,Coal,16.3,8885,2778.4
2024,Africa,Agriculture,Oil,38.8,8885,2778.4
2024,Africa,Agriculture,Natural Gas,49.9,8885,2778.4
2024,Africa,Agriculture,Renewables,194.2,8885,2778.4
2024,Africa,Agriculture,Nuclear,9.6,8885,2778.4