age_group,gender,region,diet_type,bmi,sleep_hours,health_score
45-54,Male,West,Omnivore,39.98,7.23,84.4
25-34,Female,Northeast,Vegan,19.82,9.05,94.65
35-44,Male,West,Keto,29.16,9.24,74.52
18-24,Male,West,Vegetarian,39.95,8.2,83.39
25-34,Male,Southwest,Omnivore,39.73,9.68,33.64
25-34,Female,West,Vegetarian,27.73,7.6,89.28
25-34,Female,Southwest,Vegetarian,38.38,9.02,46.41
18-24,Female,Midwest,Omnivore,25.63,9.45,44.35
18-24,Male,Southwest,Keto,20.39,7.46,54.4
55+,Male,West,Vegetarian,35.32,4.13,84.19
45-54,Male,Midwest,Vegan,26.53,5.27,49.89
35-44,Female,Northeast,Vegetarian,27.68,4.82,80.9
45-54,Female,Midwest,Keto,34.89,9.99,74.67
45-54,Male,West,Vegan,22.32,8.29,84.53
25-34,Male,Northeast,Keto,40.7,6.64,56.76
45-54,Female,Southeast,Keto,20.94,8.97,34.48
55+,Male,West,Omnivore,30.16,4.76,83.6
18-24,Female,Northeast,Vegetarian,39.95,8.17,94.65
35-44,Male,Southeast,Keto,39.14,7.09,49.31
45-54,Male,Midwest,Vegetarian,29.49,7.74,52.15
35-44,Female,West,Omnivore,36.85,5.36,66.01
25-34,Female,Midwest,Vegetarian,41.67,7.73,58.22
35-44,Male,West,Keto,38.12,7.7,44.19
55+,Male,Northeast,Vegetarian,21.68,5.2,74.65
55+,Male,West,Vegan,41.42,9.39,55.98
25-34,Female,Midwest,Omnivore,39.37,9.56,99.9
35-44,Male,West,Vegetarian,39.58,9.3,39.53
35-44,Male,Northeast,Omnivore,36.5,9.32,85.71
35-44,Female,West,Keto,30.35,7.93,91.85
25-34,Female,Midwest,Keto,34.92,5.63,43.12
55+,Female,West,Vegetarian,18.06,5.66,65.89
55+,Female,West,Vegan,16.28,7.15,52.12
18-24,Male,West,Omnivore,36.29,9.31,72.95
55+,Male,West,Keto,24.53,5.75,90.67
18-24,Female,Southwest,Omnivore,36.27,9.76,87.32
25-34,Male,West,Vegan,22.37,7.95,37.01
35-44,Female,Southwest,Vegetarian,22.66,5.54,62.16
18-24,Male,Northeast,Keto,20.89,8.34,32.91
55+,Female,Midwest,Vegetarian,39.85,5.54,74.65
55+,Female,Southeast,Keto,30.03,8.14,57.03
55+,Female,Northeast,Vegan,27.27,4.17,56.19
45-54,Female,West,Omnivore,29.33,7.11,72.05
25-34,Male,Northeast,Vegan,19.29,7.35,66.18
45-54,Male,Midwest,Vegetarian,16.7,7.66,94.63
55+,Female,West,Vegetarian,31.93,8.78,96.49
45-54,Female,West,Omnivore,22.63,5.27,93.71
45-54,Male,Midwest,Vegetarian,41.29,5.45,85.43
55+,Female,Southeast,Omnivore,27.58,8.03,63.54
18-24,Female,Midwest,Keto,35.94,7.45,92.25
18-24,Male,Southeast,Keto,39.56,5.67,99.96
55+,Female,West,Vegan,21.48,8.34,57.96
35-44,Female,Midwest,Vegetarian,29.39,6.32,91.76
55+,Female,Southwest,Vegetarian,22.98,4.32,48.59
45-54,Male,Southwest,Vegetarian,33.95,5.35,32.98
35-44,Female,Southwest,Omnivore,34.45,4.8,45.24
18-24,Male,Southeast,Omnivore,20.13,6.97,92.63
18-24,Male,Midwest,Vegetarian,30.99,7,62.59
55+,Female,Southwest,Keto,25.51,8.88,58.25
18-24,Male,Midwest,Vegan,33.71,7.17,51.07
18-24,Male,Midwest,Omnivore,22,7.4,94.75
35-44,Male,Midwest,Keto,34.94,5.53,59.73
45-54,Female,Northeast,Omnivore,23.14,5.81,83.47
18-24,Male,Southeast,Omnivore,36.14,5.08,35.21
35-44,Male,West,Keto,30.86,9.05,75.66
35-44,Male,Southeast,Omnivore,22.46,9.76,86.48
18-24,Female,West,Omnivore,18.11,9.63,89.52
25-34,Female,West,Keto,30.34,5.19,32.1
35-44,Male,Midwest,Omnivore,39.02,5.81,54.76
18-24,Male,Southeast,Vegetarian,17.63,8.92,53.24
45-54,Male,West,Vegan,16.73,7.98,31.52
25-34,Male,West,Vegetarian,31.38,8.88,96.38
18-24,Female,Midwest,Vegetarian,34.56,8.51,54.82
25-34,Male,Southwest,Omnivore,24.41,8.94,47.49
25-34,Female,Southwest,Vegan,30.19,8.8,66
35-44,Female,Northeast,Omnivore,37.52,9.75,91.31
55+,Female,Midwest,Vegan,40.51,5.62,62.31
25-34,Male,Northeast,Keto,22.87,9.65,49.34
55+,Male,Southwest,Omnivore,25.14,4.26,99.46
25-34,Male,West,Vegetarian,38.41,6.32,82.15
55+,Male,Southeast,Vegan,30.46,6.18,33.49
55+,Male,Southwest,Vegan,18.17,7.79,57.79
35-44,Female,Midwest,Keto,27.18,7.14,50.8
25-34,Female,West,Vegan,37.95,5.3,41.91
45-54,Female,Northeast,Vegetarian,20.43,4.25,96.8
25-34,Male,Southeast,Vegan,35.69,4.13,90.28
55+,Female,Southeast,Vegan,28.57,7.77,74.82
18-24,Female,Midwest,Omnivore,17.02,8.44,51.63
35-44,Female,Southeast,Vegan,17.59,9.98,60.48
35-44,Male,Northeast,Keto,33.5,8.63,68.5
55+,Female,Southwest,Vegan,28.84,9.12,68.58
25-34,Female,Northeast,Omnivore,30.94,8.94,68.71
45-54,Male,Midwest,Keto,24.93,8.31,31.25
55+,Female,Northeast,Vegetarian,20.05,8.13,44.27
45-54,Male,Southeast,Vegan,22.03,7.12,50.27
18-24,Male,West,Vegan,30.67,9.88,65.07
18-24,Female,Northeast,Vegan,34.89,7.92,82.53
55+,Female,Midwest,Vegan,37.08,8.04,55.75
45-54,Female,West,Vegan,19.96,6.42,79.34
45-54,Female,Northeast,Omnivore,24.81,7.47,82.31
35-44,Female,Northeast,Omnivore,30.9,6.16,59.08
25-34,Female,West,Vegetarian,16.85,7.05,80.15
45-54,Male,Southwest,Vegetarian,33.89,5.89,91.3
25-34,Female,Northeast,Vegan,17.84,5.25,89.45
55+,Male,Northeast,Omnivore,26.91,6.92,67.77
35-44,Female,Southeast,Omnivore,31.55,4.47,68.29
45-54,Female,West,Keto,41.9,5.91,75.08
25-34,Female,West,Omnivore,22.17,8.81,41.44
45-54,Female,Midwest,Vegetarian,28.36,8.55,38.24
25-34,Male,West,Vegan,21.56,7.01,64.73
55+,Female,West,Keto,41.71,7.3,34.17
35-44,Male,Southwest,Vegan,28.9,8.8,44.08
25-34,Male,Southwest,Keto,17.58,7.6,66.77
18-24,Male,Southwest,Keto,16.45,5.81,31.33
25-34,Female,Southwest,Keto,24.65,8.96,36.56
35-44,Female,Northeast,Vegetarian,18.08,4.2,41.57
45-54,Male,Midwest,Vegetarian,16.04,4.19,96.78
25-34,Female,Midwest,Omnivore,32.25,9.34,70.2
35-44,Female,Southwest,Omnivore,38.7,6.08,72.79
25-34,Male,Northeast,Vegan,26.78,8.42,69.89
35-44,Female,Midwest,Vegan,27.12,9.92,47.64
55+,Male,Midwest,Omnivore,34.85,8.42,72.21
45-54,Female,Northeast,Omnivore,16.2,6.37,70.78
35-44,Female,Midwest,Omnivore,31.45,7.99,98.37
35-44,Male,Northeast,Omnivore,17.28,4.46,87.12
55+,Female,Southwest,Keto,25.91,4.2,55.68
55+,Female,Southeast,Vegetarian,24.41,4.99,30.22
35-44,Female,Northeast,Omnivore,34,6.39,82.79
45-54,Female,Southwest,Vegan,33.06,8.14,61.38
45-54,Female,West,Keto,28.15,5.18,92.63
55+,Male,Southeast,Omnivore,19.4,6.93,73.61
45-54,Male,Southeast,Omnivore,27.11,6.93,95.57
55+,Female,West,Vegetarian,28.95,5.16,32.4
35-44,Male,Northeast,Vegan,37.86,4.94,73.32
55+,Male,Midwest,Vegan,18.17,9.44,32.55
18-24,Male,Northeast,Vegetarian,27.8,4.91,64.05
18-24,Male,Midwest,Omnivore,16.47,5.79,32.68
25-34,Female,Southwest,Vegan,16.58,4.3,83.73
25-34,Male,Southeast,Vegetarian,36.66,8.1,68.23
25-34,Male,West,Keto,38.74,8.19,34.74
25-34,Male,West,Keto,21.93,5.77,34.41
35-44,Male,West,Omnivore,26.06,8.03,87.27
55+,Female,Southwest,Vegan,32.43,4.59,35.79
25-34,Female,Northeast,Omnivore,28.43,4.75,49.36
35-44,Male,Northeast,Vegetarian,22.79,5.65,90.46
25-34,Male,Midwest,Vegan,16.05,5.96,48.15
18-24,Male,Southeast,Omnivore,17.07,7.68,79.81
35-44,Male,West,Keto,23.09,4.82,32.01
35-44,Female,West,Omnivore,41.76,8.22,96.92
35-44,Male,Southwest,Omnivore,29.24,8.6,57.38
25-34,Male,Midwest,Vegan,26.4,5.49,35.84
55+,Male,Southwest,Omnivore,32.08,9.51,70.96
35-44,Male,Northeast,Vegan,19.42,6.62,56.93
45-54,Female,West,Vegetarian,22.06,6.28,98.24
45-54,Female,Southeast,Vegan,25.6,4.33,76.78
55+,Male,Southeast,Keto,38.01,6.77,95.51
45-54,Male,Southeast,Vegan,33.33,9.77,44.1
18-24,Male,Midwest,Keto,32.53,8.99,53.79
35-44,Female,Southeast,Vegetarian,17.83,5.42,97.53
18-24,Male,Southwest,Vegetarian,37.62,7.85,66.23
55+,Female,Midwest,Keto,29.37,8.04,84.3
45-54,Female,Midwest,Vegan,28.93,5.96,55.84
55+,Male,Southwest,Vegetarian,19.76,6.64,39.89
35-44,Female,Southeast,Vegan,29.44,4.74,48.2
35-44,Female,West,Keto,25.01,7.47,67.18
25-34,Female,Southeast,Vegetarian,24.62,6.28,46.31
18-24,Female,Southwest,Keto,40.4,6.51,98.85
18-24,Male,Southeast,Keto,37.06,8.67,97.04
25-34,Female,West,Keto,29.78,4.19,46.63
25-34,Male,West,Vegan,28.42,4.98,36.13
45-54,Female,Southwest,Keto,18.24,7.62,57.71
55+,Female,West,Omnivore,29.93,7.95,71.2
55+,Female,Southeast,Vegan,32.49,5.36,49.98
18-24,Male,Southwest,Vegan,36.99,9.61,98.96
45-54,Male,Southwest,Vegan,22.35,5.29,64.39
35-44,Female,West,Vegetarian,31.96,7.66,44.14
55+,Male,West,Vegan,35.72,8.91,81.75
25-34,Female,West,Vegetarian,32.25,7.91,48.14
35-44,Male,Southwest,Omnivore,22.37,7.43,55.09
45-54,Female,Midwest,Vegan,35.32,6.64,54.46
35-44,Male,Northeast,Keto,22.81,9.38,54.06
25-34,Male,Southwest,Keto,29.51,5.39,34.22
35-44,Female,Midwest,Omnivore,24.99,8.3,40.62
35-44,Male,Southeast,Omnivore,34.06,9.97,43.36
25-34,Female,Northeast,Vegan,22.81,6.41,74.13
25-34,Male,Midwest,Keto,28.28,5.51,94.73
18-24,Male,Northeast,Vegetarian,19.48,5.64,73.99
25-34,Male,Southeast,Vegan,41.59,6.66,83.1
35-44,Female,Southwest,Vegetarian,20.19,7.58,63.79
45-54,Female,Southeast,Vegan,23.91,5.35,82.55
45-54,Female,Southwest,Vegan,34.65,4.19,44.27
25-34,Female,West,Vegetarian,27.31,9.55,56.34
25-34,Male,West,Vegan,39.77,6.59,34.37
18-24,Male,Southeast,Vegan,23.64,4.7,44.6
35-44,Male,Southeast,Keto,33.58,5.5,80.84
25-34,Female,Midwest,Vegan,41.56,9.91,55.43
25-34,Female,West,Vegetarian,33.91,7.91,41.8
55+,Male,West,Vegetarian,29.87,8.16,84.92
25-34,Female,Southeast,Keto,37.84,4.28,95.01
25-34,Female,Southeast,Vegetarian,27.82,8.96,88.04
35-44,Female,Northeast,Keto,39.49,9.12,69.06
35-44,Female,West,Vegetarian,25.43,9.1,45.39
45-54,Male,West,Vegan,35.46,8.46,58.03
55+,Female,Southwest,Vegetarian,26.9,4.1,34.86
18-24,Female,Southeast,Vegetarian,20.39,5.7,37.42
35-44,Female,Southwest,Vegan,25.17,6.99,53.65
25-34,Female,Northeast,Vegan,18.8,9.32,37.26
55+,Female,Northeast,Vegan,20.38,4.64,38.94
45-54,Female,Southwest,Keto,19.92,5.9,65.32
25-34,Female,Southwest,Omnivore,27.38,5.99,94.99
25-34,Male,West,Omnivore,34.82,5.61,46.53
45-54,Male,Midwest,Vegetarian,36.49,8.71,65.19
55+,Male,West,Keto,38.91,8.12,79.79
18-24,Male,Midwest,Keto,35.86,7.01,47.91
55+,Male,West,Vegetarian,38.6,8.67,94.55
55+,Female,West,Vegetarian,32.97,8.95,81.44
25-34,Female,Midwest,Vegetarian,26.67,6.54,95.38
25-34,Male,Southwest,Vegan,37.2,8.16,60.13
35-44,Female,Southeast,Vegan,40.04,9.99,55.43
55+,Female,Northeast,Vegetarian,19.72,4.53,36.69
25-34,Female,Southeast,Vegan,28.14,4.19,93.98
35-44,Female,Southwest,Keto,39.65,6.35,40.4
25-34,Male,Southeast,Vegan,38.15,8.79,68.59
55+,Female,Southeast,Vegan,38.41,7.85,50.98
55+,Male,Southeast,Vegetarian,31.01,8.04,43.52
45-54,Female,Midwest,Keto,19.55,7.79,72.29
35-44,Female,Southeast,Omnivore,28.63,7.79,86.83
35-44,Female,Midwest,Omnivore,26.24,7.75,58.32
25-34,Female,Northeast,Vegetarian,26.29,9.25,51.79
25-34,Female,Southeast,Keto,25.85,7.29,33.41
35-44,Male,West,Omnivore,35.39,6.35,86.18
45-54,Female,Southwest,Vegan,16,8.08,81.92
35-44,Female,Southwest,Vegetarian,40.26,6.81,68.9
18-24,Male,Northeast,Vegan,33.38,7.61,66.21
35-44,Male,Midwest,Omnivore,40.12,9.1,82.41
45-54,Female,Southeast,Vegetarian,33.45,5.39,50.6
35-44,Male,Midwest,Omnivore,27.9,4.28,73.9
45-54,Male,Midwest,Omnivore,36.62,5.05,80.28
25-34,Male,Southeast,Keto,23.68,6.68,95.86
18-24,Male,Northeast,Omnivore,23.73,5.11,74.88
25-34,Female,West,Omnivore,20.36,5.88,48.07
25-34,Male,Midwest,Omnivore,31.29,7.92,42.86
45-54,Female,Northeast,Keto,32.72,9.24,36.4
55+,Female,Northeast,Keto,40.75,4.71,38.17
25-34,Female,Midwest,Omnivore,34.93,9.08,58.06
18-24,Female,Southwest,Vegetarian,29.99,5.36,84.03
45-54,Female,Southwest,Omnivore,39.9,6.02,76.1
25-34,Male,Southwest,Vegetarian,19.86,6.21,79.02
25-34,Male,Southeast,Vegetarian,40.31,9.9,94.82
45-54,Female,Southeast,Keto,17.94,4.45,52.59
35-44,Male,Southeast,Vegetarian,30.64,9.11,76.71
35-44,Male,Northeast,Omnivore,29.05,4.93,53.24
45-54,Female,Southwest,Omnivore,36.12,5.66,87.66
18-24,Female,West,Vegan,36.11,7.75,42.16
55+,Female,Southwest,Vegetarian,23.02,5.35,51.14
18-24,Male,Northeast,Keto,24.66,4.85,72.47
55+,Female,Southeast,Vegan,17.48,9.98,42.62
45-54,Male,West,Keto,37.35,4.1,80.94
25-34,Male,West,Vegetarian,17.25,7.8,53.68
35-44,Male,Midwest,Omnivore,21.53,7.25,30.82
18-24,Female,Midwest,Vegan,32.09,7.51,54.33
45-54,Female,Southeast,Omnivore,40.88,8.76,32.92
55+,Female,Midwest,Vegetarian,22.23,7.67,82.72
25-34,Female,Midwest,Vegetarian,16.14,4.84,58.63
18-24,Male,Southwest,Vegan,37.82,5.96,57.56
55+,Male,Southeast,Vegetarian,36.56,9.46,92.77
25-34,Female,Southwest,Omnivore,24.94,6.85,98.86
18-24,Male,Northeast,Vegetarian,19.93,4.87,87.03
45-54,Female,West,Omnivore,18.82,9.98,65.98
45-54,Male,Southeast,Vegan,23.94,8.17,68.42
25-34,Female,Midwest,Omnivore,22.14,9.69,41.15
55+,Female,Midwest,Keto,27.19,7.05,33.78
35-44,Female,West,Omnivore,39.86,9.5,33.95
45-54,Female,West,Keto,37.73,9.22,97.16
55+,Male,Southeast,Vegetarian,33.1,5.17,34.83
18-24,Male,Southwest,Omnivore,23.46,8.51,60.62
55+,Female,Midwest,Vegan,16.93,9.84,47.11
55+,Female,Northeast,Vegan,22.31,5.3,57.66
45-54,Male,Southwest,Vegetarian,29.78,8.93,60.03
25-34,Female,West,Keto,20.69,4.2,33.96
25-34,Female,West,Keto,22,5.15,87.78
25-34,Male,West,Keto,26.7,7.02,33.28
18-24,Female,Northeast,Vegetarian,24.04,9.89,34.67
45-54,Female,Midwest,Keto,40.74,9.43,54.13
45-54,Female,Midwest,Vegan,33.86,4.68,46.35
25-34,Male,Southeast,Vegan,25.68,5.43,37.61
18-24,Male,Northeast,Vegan,18.86,4.48,43.99
18-24,Male,Southwest,Omnivore,21.2,9.27,82.14
45-54,Male,Southwest,Omnivore,37.44,8.33,97.89
35-44,Female,West,Omnivore,31.45,8.49,36.02
55+,Male,Northeast,Omnivore,17.02,6.91,36.08
25-34,Male,Southwest,Vegan,36.52,5.17,62.04
55+,Female,Southwest,Omnivore,25.63,7.72,71.61
25-34,Male,Northeast,Keto,16.11,7.03,47.53
25-34,Female,Midwest,Vegetarian,23.62,6.27,70.15
25-34,Female,Midwest,Vegetarian,32.77,8.4,57.41
18-24,Male,Southeast,Omnivore,38.24,8.8,53.37
18-24,Male,Midwest,Omnivore,18.38,5.46,43.13
35-44,Male,West,Vegan,31.77,4.14,90.76
18-24,Female,Northeast,Vegan,33.44,5.14,52.25
18-24,Female,Southwest,Vegan,25.47,5.9,94.87
55+,Female,West,Vegan,28.85,9.21,47.37
35-44,Female,Southwest,Vegan,32.85,5.4,74.97
55+,Female,Southeast,Vegan,24.2,7.52,90.21
35-44,Female,Northeast,Omnivore,39.78,6,78.08
35-44,Male,Midwest,Vegan,39.71,7.18,80.23
35-44,Female,Southwest,Keto,36.49,7.46,95.26
18-24,Male,West,Keto,28.25,5.91,52.34
45-54,Female,Midwest,Vegan,31.04,9.64,53.6
35-44,Male,Southwest,Keto,18.45,8.84,60.45
35-44,Female,Southwest,Omnivore,19.56,4.34,87.22
35-44,Female,Northeast,Vegan,18,5.2,82.11
25-34,Male,West,Omnivore,32.68,7.02,61.21
35-44,Female,Midwest,Vegan,16.37,5.64,54.9
35-44,Male,Northeast,Vegetarian,34.9,4.99,84.51
45-54,Female,Southeast,Keto,31.78,4.23,43.19
35-44,Female,Northeast,Keto,27.02,5.67,60.52
45-54,Male,Southeast,Vegan,16.9,6.94,69.23
18-24,Male,Southeast,Keto,32.34,6.77,94.53
35-44,Female,Midwest,Vegan,36.88,7.95,51.05
55+,Male,West,Omnivore,27.23,4.59,64.07
35-44,Male,Midwest,Keto,17.09,6.02,98.83
45-54,Female,Northeast,Vegan,18.31,6.65,88.44
35-44,Male,Midwest,Vegan,26.56,8.88,99.9
45-54,Male,West,Vegan,32.25,7.43,33.7
25-34,Male,Southwest,Keto,20.64,8.18,57.81
25-34,Female,Southeast,Vegetarian,20.37,4.21,78.08
55+,Female,Southeast,Vegan,23.32,6.73,70.76
55+,Male,Southeast,Omnivore,24.98,4.43,79.9
55+,Male,Southeast,Vegetarian,22.16,6.4,68.92
25-34,Male,Southwest,Keto,38.65,8.88,77.74
35-44,Female,Midwest,Keto,19.36,9.72,33.34
25-34,Female,Southeast,Omnivore,35.99,7.18,31.19
18-24,Male,West,Omnivore,30.53,5.97,77.35
35-44,Male,Midwest,Keto,36.32,6.93,38.77
45-54,Female,West,Omnivore,34.56,4.39,85.92
55+,Male,Midwest,Keto,36.73,7.48,73.15
55+,Female,West,Vegan,34.02,4.18,36.61
25-34,Male,Southeast,Keto,16.55,9.27,73.92
55+,Female,Northeast,Vegan,39,9.73,41.91
35-44,Male,Southeast,Vegetarian,21.09,6.53,98.56
45-54,Male,West,Omnivore,26.63,7.41,92.42
25-34,Female,Southwest,Vegan,22.71,6.77,89.73
25-34,Female,Midwest,Keto,28.8,7.12,57.01
45-54,Female,Northeast,Vegetarian,37.29,9.41,93.57
25-34,Female,Southeast,Omnivore,28.14,6.69,77.6
25-34,Male,Southwest,Vegetarian,27.75,4.16,40.28
18-24,Female,West,Omnivore,16.91,5.05,86.92
55+,Female,West,Keto,33.57,6.2,41.14
25-34,Female,Southeast,Keto,28.54,5.69,94.64
18-24,Female,Northeast,Omnivore,33.96,8.21,45.48
18-24,Male,Southwest,Omnivore,35.52,5.43,59.47
25-34,Male,Northeast,Omnivore,39.3,5.49,75.18
25-34,Male,West,Vegan,21,7.2,50.8
35-44,Female,Northeast,Keto,36.21,4.64,37.52
45-54,Male,Southeast,Omnivore,34.6,7,65.21
45-54,Male,Northeast,Vegan,19.08,8.56,71.98
45-54,Male,Midwest,Vegetarian,23.4,7.52,91.46
18-24,Male,Midwest,Keto,28.34,7.19,90.07
25-34,Male,Midwest,Vegetarian,21.75,5.1,73.57
35-44,Male,Midwest,Omnivore,30.01,6.91,51.26
45-54,Female,Southwest,Vegan,32.47,8.23,53
25-34,Female,Northeast,Omnivore,27.53,4.37,81.17
55+,Male,Southeast,Vegetarian,40.85,5.03,31.13
45-54,Male,West,Vegetarian,26.29,8.02,33.49
55+,Male,Southwest,Vegetarian,18.7,8.19,63.85
25-34,Female,Northeast,Keto,36.59,9.4,62.78
45-54,Male,Midwest,Vegetarian,32.39,8.41,83.24
55+,Male,West,Omnivore,30.48,8.33,37.98
45-54,Male,Southwest,Vegetarian,23.18,7.53,65.06
25-34,Male,Southeast,Keto,40.63,8.95,67.88
18-24,Male,Southeast,Vegetarian,31.6,7.94,87.02
18-24,Male,Southwest,Vegan,28.86,7.42,35.42
55+,Female,Southwest,Vegan,18.11,5.01,80.73
18-24,Male,Southeast,Omnivore,34.93,9.77,66.64
35-44,Female,Northeast,Omnivore,41.67,8.91,45.82
55+,Male,West,Keto,40.46,8.94,30.47
45-54,Female,Southwest,Vegetarian,31.01,9.46,48.19
45-54,Female,Midwest,Vegetarian,40.42,5.11,91.03
18-24,Male,Southwest,Omnivore,39.53,9.63,50.41
45-54,Female,Midwest,Vegetarian,26.24,8.53,87.91
25-34,Female,Southwest,Vegan,22.93,5.46,44.85
25-34,Male,Southeast,Omnivore,29.79,6.66,34.44
35-44,Male,West,Keto,27.7,8.16,98.6
35-44,Male,Southeast,Keto,29.93,8.42,61.36
45-54,Male,West,Keto,28.79,9.8,52.42
25-34,Male,West,Vegan,32.69,8.48,33.74
35-44,Female,Northeast,Keto,41.02,5.7,60.93
35-44,Male,Southwest,Vegetarian,27.18,9.03,32.37
18-24,Male,Midwest,Vegetarian,38.49,5.83,43.33
45-54,Male,Southwest,Vegan,16.6,9.33,78.22
18-24,Male,Southwest,Keto,30.95,6.6,36.85
18-24,Male,Southwest,Vegan,34.05,6.1,38.3
45-54,Female,Northeast,Omnivore,35,5.13,92.15
45-54,Male,Southwest,Vegan,41.81,4.62,46.85
25-34,Female,West,Vegan,18.61,4.18,53.58
35-44,Female,Midwest,Keto,17.77,9.21,41.4
45-54,Female,Northeast,Omnivore,21.1,4.47,31.66
35-44,Female,Northeast,Keto,28.75,4.74,77.79
18-24,Female,Southwest,Keto,41.93,4.02,40.33
55+,Female,Southeast,Vegetarian,41.41,6.7,39.71
45-54,Female,Southeast,Vegan,30.36,9.24,42.9
45-54,Male,Midwest,Vegan,16.46,4.78,48.3
25-34,Female,Southwest,Keto,40.56,8.01,53.2
35-44,Female,Northeast,Vegetarian,16.42,6.91,98.38
55+,Male,Midwest,Vegan,23.93,7.26,72.17
35-44,Female,Midwest,Omnivore,23.86,4.84,94.31
35-44,Female,Midwest,Keto,32.83,6.1,42.48
55+,Male,West,Vegetarian,18.05,8.68,96.86
35-44,Male,West,Keto,29.61,7.94,74.1
18-24,Female,Southwest,Keto,18.87,6.99,94.49
18-24,Female,Southeast,Omnivore,26.82,7.35,97.77
25-34,Female,Northeast,Keto,20.98,8.62,52.97
35-44,Male,Northeast,Vegan,27.61,4.87,66.61
18-24,Female,Southeast,Vegetarian,23.9,4.29,82.07
45-54,Male,Southeast,Omnivore,32.57,8.34,40.35
35-44,Female,Southeast,Vegetarian,28.7,7.85,54.41
18-24,Female,Northeast,Keto,17.94,9.63,45.48
35-44,Male,West,Vegan,18.62,8.74,83.96
35-44,Female,West,Vegetarian,38.92,8.99,58.95
18-24,Male,Midwest,Vegetarian,22.76,5.61,51.28
45-54,Female,Southwest,Vegetarian,40.89,5.88,60.68
25-34,Female,Southwest,Vegan,32.07,7.06,38.27
55+,Male,Midwest,Omnivore,35.49,5.9,96.98
35-44,Male,Southeast,Vegan,24.65,9.91,51.09
35-44,Male,Midwest,Vegan,23.19,8.44,47.96
45-54,Male,Northeast,Vegan,23.86,4.07,50.13
45-54,Male,West,Vegan,28.46,8.73,38.32
45-54,Male,West,Vegetarian,18.15,7.67,82.16
55+,Female,Southwest,Keto,23.97,8.28,32.17
55+,Male,Southwest,Omnivore,19.39,9.28,33.78
25-34,Male,West,Omnivore,16.53,9,81.64
25-34,Male,Midwest,Vegan,36.78,5.86,30.06
35-44,Male,Northeast,Vegetarian,33.89,6.76,77.48
25-34,Male,Southwest,Omnivore,39.26,6.91,45.38
18-24,Female,West,Keto,34.72,7.03,46.26
25-34,Male,Southeast,Vegetarian,19.25,4.94,58.34
18-24,Female,Southeast,Keto,28.76,9.65,58.33
35-44,Male,Southwest,Keto,23.74,5.46,32.53
55+,Female,West,Keto,35.66,8.94,99.4
18-24,Female,Midwest,Keto,38.99,8.41,50.29
18-24,Female,West,Vegetarian,25.03,6.51,80.03
45-54,Male,West,Keto,39.27,5.65,42.1
35-44,Female,Midwest,Omnivore,17.79,9.77,68.28
35-44,Female,Northeast,Keto,18.39,6.92,95.66
45-54,Female,West,Omnivore,22.05,6.23,68.5
45-54,Male,Northeast,Omnivore,20.07,9.46,42.63
18-24,Male,Midwest,Vegan,33.22,8.12,32.91
55+,Female,Northeast,Omnivore,18.04,8.11,47.96
18-24,Female,Northeast,Vegetarian,36.34,8.86,85.33
55+,Female,Northeast,Vegetarian,37.78,8.77,60.94
45-54,Male,Northeast,Vegan,33.56,9.58,65.22
25-34,Female,Southwest,Omnivore,31.29,8.54,81.38
25-34,Male,Midwest,Vegetarian,19.78,7.72,33.72
25-34,Female,Northeast,Vegetarian,35.54,9.47,32.08
45-54,Male,Midwest,Vegetarian,33.28,4.35,93.61
45-54,Male,Midwest,Omnivore,29.94,4.47,35.14
18-24,Female,Northeast,Omnivore,23.83,5.27,56.86
35-44,Female,West,Omnivore,40.8,8.73,98.16
55+,Male,West,Keto,30.83,8.6,72.68
35-44,Female,Northeast,Vegetarian,24.03,6.48,64.19
45-54,Male,Southeast,Keto,33.45,5.08,67.92
18-24,Male,Northeast,Vegetarian,25.48,6.81,68.32
45-54,Male,Northeast,Vegan,32.13,4.74,51.54
35-44,Female,Midwest,Vegetarian,30.85,8.79,41.59
25-34,Female,Southwest,Vegetarian,25.93,8.27,55.36
18-24,Female,Northeast,Vegetarian,38.77,8.65,50.91
45-54,Male,Midwest,Vegetarian,22.61,6.51,38.59
55+,Male,Southwest,Keto,26.11,7.67,63.27
55+,Female,Northeast,Vegan,16.63,5.47,65.33
25-34,Female,West,Vegetarian,27.12,8.52,59.61
45-54,Male,Midwest,Vegetarian,34.62,6.3,64
45-54,Female,Southwest,Vegan,20.67,8.24,89.9
55+,Female,West,Keto,31.82,6.5,72.36
45-54,Male,Southwest,Omnivore,16.42,7.38,68.68
35-44,Male,Southeast,Vegan,20.17,9.89,87.3
18-24,Male,Midwest,Omnivore,27.9,8.47,47.88
18-24,Female,Southeast,Vegetarian,19.2,9.2,77.79
18-24,Female,Northeast,Omnivore,22.77,9.06,92.38
45-54,Male,Northeast,Omnivore,24.72,5.01,93.63
25-34,Male,West,Vegan,28.8,6.94,55.65
18-24,Female,West,Vegan,29.17,9.65,64.22
55+,Female,Northeast,Omnivore,19.29,4.14,62.69
55+,Female,Southwest,Vegan,31.21,8.95,57.99
55+,Male,West,Vegetarian,34.37,9.2,84.35
35-44,Female,Southwest,Keto,39.57,5.51,31.67
35-44,Female,Northeast,Keto,25.68,5.86,92.57
55+,Male,Southeast,Keto,35.11,7.79,88.72
55+,Male,Northeast,Omnivore,19.49,4.99,30.11
18-24,Male,Midwest,Keto,34.48,6.21,69.6
18-24,Female,Southeast,Vegan,31.37,8.95,84.81
18-24,Male,Northeast,Vegan,37.86,9.87,49.95
55+,Male,Northeast,Omnivore,23.29,4.64,49.85
55+,Male,Northeast,Vegan,25.27,9.46,38.38
35-44,Male,Southwest,Vegetarian,26.59,7.37,99.27
35-44,Female,Southwest,Vegan,40.71,8.13,80.51
55+,Female,Southeast,Vegetarian,32.88,5.24,82.67
18-24,Female,Northeast,Keto,33.1,9.94,67.69
25-34,Male,Midwest,Keto,38.74,9.48,38.68
25-34,Female,Southwest,Omnivore,40.49,7.98,68.16
55+,Male,West,Vegetarian,28.69,4.74,99.11
45-54,Male,Northeast,Vegan,28.79,7.43,44.92
25-34,Male,Southeast,Vegetarian,39.59,4.05,38.26
45-54,Female,Southeast,Keto,29.89,4.11,74.95
25-34,Female,Midwest,Vegetarian,37.76,7.77,83.37
35-44,Male,West,Keto,40.8,4.07,91.82
18-24,Male,Southwest,Vegan,41.34,5.83,35.75
55+,Male,Midwest,Vegan,16.74,5.11,46.22
55+,Female,Midwest,Vegetarian,18.19,6.55,78.39
55+,Female,Southeast,Omnivore,27.37,8.07,90.68
18-24,Female,Midwest,Keto,39.58,9.76,59.48
35-44,Male,Southwest,Vegan,20.71,8.84,78.59
18-24,Female,Midwest,Vegetarian,22.59,6.27,36.88
18-24,Female,Northeast,Keto,39.56,4.12,75.77
25-34,Male,Northeast,Omnivore,32.54,5.03,35.88
35-44,Female,West,Vegan,32.8,5.13,80.6
18-24,Male,Midwest,Vegan,33.68,5.16,79.81
18-24,Female,West,Omnivore,30.41,8.29,38.22
55+,Female,Southeast,Vegan,16.38,6.38,52.49
55+,Female,Southeast,Vegan,31.57,7.74,39.94
18-24,Female,West,Vegetarian,40.17,6.48,73.4
55+,Female,Southeast,Omnivore,31.61,9.54,73.13
25-34,Male,West,Vegetarian,26.21,7.35,38.75
18-24,Male,West,Omnivore,31.4,9.1,31.37
35-44,Female,Midwest,Keto,25.08,7.16,30.52
25-34,Male,Northeast,Omnivore,24.92,4.07,57.39
25-34,Male,West,Vegetarian,36.59,5.27,96.16
55+,Female,Southwest,Vegan,38.3,5.87,40.63
25-34,Female,West,Vegan,21.43,6.44,53.44
45-54,Female,Northeast,Vegetarian,37.77,8.69,38.92
25-34,Male,West,Vegan,20.32,7.12,72.42
35-44,Male,Southwest,Vegetarian,20.71,4.46,50.36
35-44,Female,Midwest,Omnivore,25.76,9.99,40.56
45-54,Male,Northeast,Keto,23.55,9.57,45.33
18-24,Male,Midwest,Omnivore,41.81,7.98,98.85
55+,Male,Southeast,Keto,19.98,4.48,78.32
55+,Female,Midwest,Keto,35.86,6.07,51.01
18-24,Female,Southeast,Vegan,22.12,8.62,41.67
18-24,Male,Midwest,Omnivore,38.88,6.48,76.15
35-44,Female,Midwest,Omnivore,35.83,4.59,55.84
18-24,Female,Midwest,Vegan,38.29,6.96,86.33
18-24,Female,Southwest,Vegetarian,24.5,6.03,45.37
55+,Female,Northeast,Omnivore,24.46,6.16,87.6
55+,Female,Midwest,Keto,22.16,9.99,76.22
25-34,Male,Northeast,Vegan,26.78,7.85,64.43
55+,Female,West,Vegetarian,19.04,4.33,62.06
18-24,Female,Northeast,Keto,38.56,6.62,74.83
55+,Female,Southeast,Omnivore,35.29,7.76,80.89
45-54,Male,Southwest,Vegetarian,36.53,4.14,87.9
35-44,Female,Southwest,Vegan,23.16,8.94,34.23
55+,Female,West,Vegan,38.99,6.07,90.62
18-24,Female,Northeast,Keto,41.14,9.18,43.39
55+,Male,Southwest,Keto,37.99,4.87,89.59
25-34,Male,Southwest,Omnivore,21.18,4.63,66.32
55+,Male,Midwest,Keto,27.36,8.09,40.25
35-44,Female,West,Vegan,34.38,8.72,64.25
18-24,Male,Southwest,Omnivore,31.54,6.04,88.06
25-34,Female,Southeast,Keto,16.54,5.14,85.39
45-54,Male,West,Keto,35.78,7.74,76.3
55+,Female,Southwest,Vegetarian,30.45,7.85,59.01
35-44,Male,West,Keto,37.52,9.07,57.3
45-54,Male,Northeast,Omnivore,37.04,7.34,77.27
55+,Female,Southwest,Omnivore,19.88,6.21,79.45
35-44,Male,Southeast,Vegetarian,20.41,8.08,62.74
55+,Female,Southeast,Keto,23.67,6.99,50.74
35-44,Male,Southeast,Vegetarian,33.11,5.53,58.06
18-24,Female,Southeast,Vegetarian,41.01,7.1,68.08
35-44,Female,Midwest,Keto,28.15,8.81,41.16
18-24,Male,Southeast,Vegetarian,19.64,4.33,67.45
35-44,Male,Southwest,Vegan,22.2,4.59,56.89
25-34,Female,Midwest,Vegan,36.74,4.67,75.93
25-34,Female,Southeast,Omnivore,24.73,6.3,44.14
25-34,Male,Northeast,Vegetarian,21.81,4.73,75.98
45-54,Female,Northeast,Omnivore,16.56,5.55,31.35
45-54,Male,Midwest,Keto,34.5,8.43,39.53
18-24,Female,Midwest,Omnivore,17.44,4.62,53.83
35-44,Female,Northeast,Vegetarian,41.48,9.47,97.31
35-44,Male,Northeast,Vegetarian,36.52,4.54,63.29
25-34,Male,West,Keto,33.26,8.3,88.03
35-44,Female,Midwest,Vegetarian,28.78,7.97,75.13
35-44,Female,Midwest,Vegan,18.68,7.81,99.96
45-54,Female,Northeast,Omnivore,17.13,4.59,32.3
35-44,Male,Northeast,Vegetarian,40.9,5.44,42.13
25-34,Female,Midwest,Omnivore,23.53,4.28,70.24
35-44,Female,Southeast,Keto,23.2,6.44,75.55
45-54,Male,Southwest,Omnivore,18.45,8.43,89.84
45-54,Male,Southwest,Vegetarian,36.34,5.88,98.99
55+,Male,Northeast,Vegetarian,17.8,7.81,36.03
55+,Male,Southwest,Omnivore,19.11,8.28,68.03
35-44,Female,West,Vegetarian,30.03,9.58,49.85
25-34,Male,Northeast,Vegan,18.61,4.28,39.63
35-44,Female,Midwest,Vegan,17.27,6.06,71.71
45-54,Female,Southeast,Keto,34.78,5.06,50.87
45-54,Male,Midwest,Omnivore,23.84,7.83,39.99
25-34,Male,Southwest,Vegetarian,37.32,7.62,88.87
25-34,Female,Southeast,Vegan,40.56,4.32,32.28
25-34,Male,Midwest,Vegan,20.16,7.9,47.79
35-44,Female,Northeast,Keto,26.08,9.83,83.51
35-44,Male,Northeast,Vegan,29.61,7.88,43.84
25-34,Male,West,Vegetarian,31.67,6.48,55.59
18-24,Female,Southwest,Omnivore,32.68,5,38.5
25-34,Male,West,Omnivore,38.36,7.2,32.08
45-54,Female,Northeast,Vegan,33.09,6.47,48.97
35-44,Female,Southeast,Vegetarian,18.12,4.38,31.77
25-34,Female,Northeast,Vegetarian,20.75,6.09,72.47
35-44,Male,Southeast,Keto,23.97,5.95,57.3
25-34,Male,Midwest,Vegan,38.12,5.52,86.32
35-44,Female,West,Vegan,30.61,9.62,75
25-34,Male,Northeast,Keto,26.34,9.65,54.83
18-24,Male,Southeast,Keto,25.36,9.33,77.63
18-24,Male,Southwest,Keto,32.57,9.38,83.67
18-24,Female,Northeast,Vegetarian,24.39,4.1,76.37
18-24,Female,West,Vegan,20.11,9.23,99.27
55+,Male,West,Vegan,23.79,5.45,88.39
45-54,Male,Southwest,Vegetarian,39.06,8.42,42.6
18-24,Male,Midwest,Vegetarian,26.81,6.71,96.53
25-34,Female,West,Vegetarian,23.15,9.84,77.38
18-24,Male,Southeast,Vegetarian,41.78,9.89,96.63
55+,Male,Southwest,Vegetarian,24.82,4.71,90.22
35-44,Female,Northeast,Omnivore,31.98,4.75,74.59
18-24,Male,West,Omnivore,28.06,4.79,95.54
18-24,Female,Midwest,Keto,37.33,6.23,71.77
35-44,Male,West,Vegan,17.81,4.32,47.75
25-34,Female,Northeast,Vegan,21.86,9.35,97.1
55+,Female,West,Omnivore,16.9,7.07,42.63
55+,Male,Southeast,Vegetarian,39.8,5.41,86
18-24,Female,Midwest,Keto,38.54,4.94,96.47
55+,Male,Midwest,Vegan,36.56,4.73,92.83
45-54,Male,West,Vegan,28,5.57,36.32
45-54,Female,Southeast,Vegan,21.94,5.76,82.52
25-34,Female,Midwest,Vegan,29.29,8.05,40.71
35-44,Male,Midwest,Keto,19.57,6.43,87.69
25-34,Female,Southeast,Keto,22.73,5.86,91.39
18-24,Female,Northeast,Vegan,19.57,6.27,39.01
45-54,Male,Northeast,Vegan,36.88,8.15,45.23
45-54,Male,Northeast,Omnivore,27.78,4.29,42.05
25-34,Male,Southwest,Keto,17.39,8.92,57.9
45-54,Male,Midwest,Vegan,33.06,9.23,84.05
45-54,Male,Midwest,Vegan,16.95,8.51,99.01
18-24,Female,Northeast,Keto,39.7,7.96,70.05
35-44,Female,Southwest,Keto,23.74,8.37,53.78
25-34,Female,Southeast,Vegan,22.83,4.26,37.63
18-24,Male,Midwest,Vegan,25.3,5.8,46.8
18-24,Female,Midwest,Keto,18,5.54,52.84
25-34,Male,Southeast,Omnivore,18.11,8.42,40.37
45-54,Male,Midwest,Vegan,18.08,7.1,85.56
25-34,Female,Northeast,Vegetarian,37.86,9.67,58.61
55+,Male,Northeast,Keto,22.12,9.74,50.67
35-44,Male,Midwest,Vegan,24.97,5.87,31.66
55+,Female,Southwest,Vegan,33.77,8.26,48.94
18-24,Female,Northeast,Vegetarian,28.08,8.42,47.98
55+,Male,Northeast,Vegan,23.68,6.89,30.45
18-24,Female,West,Vegan,17.01,4.04,59.69
45-54,Female,Northeast,Vegetarian,39.66,5.08,31.68
18-24,Male,Midwest,Keto,41.48,8.2,55.98
18-24,Male,Southeast,Vegan,27.3,8.4,60.08
35-44,Female,Midwest,Omnivore,29.1,5.38,81.98
35-44,Female,Midwest,Vegan,23.11,9.93,72.29
25-34,Female,Southeast,Keto,21.61,5.06,64.57
18-24,Female,Southwest,Vegan,40.89,9.64,79.43
18-24,Female,West,Vegan,29.83,7.32,91.49
25-34,Male,West,Vegan,27.07,4.88,67.7
55+,Female,Southeast,Vegetarian,28.65,9.63,95.05
45-54,Male,Southwest,Keto,26.87,7.54,30.24
35-44,Female,Southeast,Omnivore,34.71,9.97,36.94
55+,Male,Northeast,Vegetarian,36.77,8.78,44.5
35-44,Female,West,Vegan,33.57,5.87,84.27
35-44,Male,West,Vegan,27.59,8.17,33.42
25-34,Male,West,Omnivore,33.78,7,93.88
45-54,Male,Southeast,Vegetarian,36.36,8.51,44.99
55+,Female,Southwest,Vegan,34.51,5.18,38.96
35-44,Male,Southwest,Vegan,24.83,6.51,55.66
35-44,Male,Northeast,Omnivore,20.09,7.32,44.04
35-44,Male,Southwest,Vegetarian,19.8,6.3,70.13
45-54,Female,Southwest,Vegan,20.93,5.2,54.37
55+,Female,Midwest,Omnivore,29.51,7.08,47.25
18-24,Male,Midwest,Vegetarian,41.33,9.03,74.47
55+,Female,Southwest,Keto,21.24,4.9,54.6
25-34,Male,West,Omnivore,19.47,6.42,58.75
35-44,Male,Northeast,Vegan,40.93,8.37,90.18
55+,Male,West,Vegan,16.16,8.85,61.2
45-54,Female,West,Vegetarian,17.31,6.29,41.46
18-24,Male,Northeast,Vegetarian,38.83,8.75,45.58
35-44,Female,Midwest,Keto,40.07,5.13,80.44
55+,Male,Northeast,Vegan,26.53,4.31,89.39
35-44,Male,Midwest,Keto,20.21,8.61,86.78
35-44,Male,West,Vegetarian,34.58,4.67,70.62
35-44,Male,West,Vegan,26.87,4.04,79.58
18-24,Female,Southeast,Keto,32.47,5.44,66.91
25-34,Female,West,Keto,33.05,5.94,45.27
35-44,Male,Southeast,Omnivore,37.98,9.73,77.06
18-24,Female,Northeast,Omnivore,18.02,6.14,31.53
18-24,Male,Southwest,Omnivore,19.72,9.3,48.8
55+,Male,Southeast,Vegetarian,20.82,4.51,53.27
55+,Female,Midwest,Keto,40.33,4.18,74.75
18-24,Female,Northeast,Vegan,24.04,9,60.94
55+,Female,Northeast,Omnivore,37.1,6.72,31.63
25-34,Female,Midwest,Keto,22.31,9.57,52.15
18-24,Female,Southwest,Vegetarian,36.6,9.7,39.61
18-24,Male,Southeast,Omnivore,16.49,7.84,30.07
45-54,Male,Northeast,Vegan,29.49,9.55,48.21
18-24,Male,Southwest,Omnivore,27.33,8.94,72.25
55+,Male,West,Keto,24.81,6.01,56.8
35-44,Male,Midwest,Omnivore,31.55,7.88,75.36
55+,Male,Midwest,Vegetarian,26.88,4.27,92.12
25-34,Male,Northeast,Keto,26.67,6.71,54.81
35-44,Male,West,Vegan,18.91,5.54,49.02
45-54,Male,Northeast,Omnivore,21.56,9.77,91.55
35-44,Male,Northeast,Vegan,17.17,5.09,93.33
25-34,Female,West,Vegan,35.65,9.59,78.59
18-24,Male,West,Keto,27.8,6.56,81.14
18-24,Male,West,Vegetarian,24.32,4.07,60.97
35-44,Female,Midwest,Keto,39.18,4.87,65.35
55+,Female,Midwest,Omnivore,22.16,4.78,43.32
18-24,Female,West,Omnivore,32.16,6.47,57.85
55+,Female,Northeast,Keto,25.27,6.37,43.25
25-34,Female,Northeast,Omnivore,17.02,9.44,77.28
25-34,Male,West,Omnivore,21.77,5.27,37.53
35-44,Female,West,Vegetarian,29.92,6.68,42.59
45-54,Male,Southeast,Vegetarian,16.75,7.92,38.09
55+,Female,Northeast,Vegetarian,32.7,4.77,79.82
25-34,Female,West,Omnivore,28.45,8.61,31.9
18-24,Female,Southwest,Keto,29.32,9.66,52.44
25-34,Male,Northeast,Vegetarian,40.48,8.91,47.39
55+,Male,Southeast,Vegetarian,20.86,5.24,33.79
45-54,Female,Midwest,Vegetarian,29.66,9.12,53.82
55+,Male,Southwest,Vegetarian,16.87,7.14,56.72
35-44,Female,Southeast,Vegan,24.13,5.46,38.17
25-34,Female,West,Omnivore,19.09,8.24,88.95
25-34,Female,Midwest,Keto,37.66,5.72,55.02
35-44,Female,Northeast,Vegan,20.36,9.99,86.09
35-44,Male,Southwest,Omnivore,27.57,7.25,31.8
18-24,Female,Southeast,Vegetarian,17.05,7.48,82.15
25-34,Male,West,Vegan,38.89,7.03,71.23
18-24,Male,Northeast,Omnivore,20.97,6.3,84.78
55+,Male,West,Keto,27.59,7.18,62.18
18-24,Female,West,Vegetarian,33.51,7.76,92.42
45-54,Female,Southwest,Keto,30.86,9.18,56.37
45-54,Female,Northeast,Vegetarian,21.18,5.47,70.87
45-54,Male,Northeast,Keto,30.7,9.24,57.66
18-24,Female,Southwest,Vegan,28.46,5.85,45.42
25-34,Male,Midwest,Omnivore,41.72,6.4,85.23
55+,Female,Midwest,Omnivore,21.65,7.55,37.42
18-24,Male,West,Keto,17.83,8.82,68.97
45-54,Male,Southwest,Vegan,33.53,8.98,76.91
35-44,Male,West,Keto,22.56,4.85,50.41
45-54,Male,Northeast,Omnivore,18.24,7.85,91.4
18-24,Male,Southwest,Vegetarian,41.02,6.28,30.6
55+,Female,West,Keto,29.39,5.88,39.48
55+,Male,West,Keto,23.11,6.11,44.71
55+,Female,Midwest,Vegetarian,20.81,8.79,60.32
55+,Female,Southwest,Vegetarian,37.58,9.63,65.4
25-34,Male,Northeast,Vegan,30.21,4.79,81.68
18-24,Female,Northeast,Keto,36.35,8.52,40.13
55+,Male,Northeast,Omnivore,27.06,4.34,61.89
45-54,Male,Southwest,Vegan,23.63,4.79,35.39
35-44,Male,Southeast,Vegan,41.7,5.07,96.41
45-54,Female,Midwest,Vegan,28.68,7.22,36.29
25-34,Female,Northeast,Keto,34.88,8.56,71.22
18-24,Female,Southwest,Vegan,17,8.13,35.34
35-44,Male,Northeast,Keto,40.95,7.86,84.42
25-34,Female,Northeast,Omnivore,16.91,4.16,36.63
25-34,Female,Southwest,Vegetarian,40.74,6.48,74.35
45-54,Female,Northeast,Vegan,29.87,5.16,80.53
45-54,Male,Northeast,Vegan,24.49,5.31,63.84
45-54,Male,West,Vegetarian,25.03,7.69,83.38
55+,Male,Northeast,Keto,40.82,4.57,99.2
35-44,Female,Midwest,Vegan,35.59,8.88,87.86
55+,Female,Midwest,Vegan,18.97,4.43,83.46
18-24,Female,Southwest,Vegan,17.48,8.81,96.71
35-44,Male,Northeast,Keto,22.58,7.36,64.15
45-54,Male,Midwest,Keto,40.65,7.08,86.4
25-34,Female,Midwest,Vegetarian,30,9.03,42.8
18-24,Male,West,Keto,17.96,5.44,98.54
35-44,Female,Southwest,Keto,31.81,6.86,79.8
25-34,Female,Southeast,Omnivore,19.96,9.96,97.73
35-44,Male,Midwest,Vegan,28.98,8.47,56.05
25-34,Female,Northeast,Vegetarian,33.51,9.12,89.76
18-24,Female,Southeast,Vegetarian,37.1,9.1,63.82
25-34,Male,Midwest,Vegan,28.56,5.24,51.94
35-44,Female,Southwest,Omnivore,28.42,9.87,77.68
55+,Female,Northeast,Vegetarian,25.59,9.25,43.92
25-34,Male,Southwest,Keto,17.13,9.33,79.04
25-34,Male,Southeast,Keto,27.48,9.98,30.14
18-24,Male,Midwest,Vegetarian,19.65,5.13,34.24
35-44,Male,Southeast,Omnivore,22.2,4.73,97.14
45-54,Female,Southwest,Vegan,22.73,7.12,83.92
25-34,Female,West,Omnivore,24.41,8.32,60.83
55+,Male,Southwest,Vegetarian,34.89,5.92,74.32
25-34,Male,Southeast,Vegetarian,40.48,4.39,57.02
25-34,Male,West,Keto,27.73,7.3,69.42
55+,Male,Northeast,Vegan,16.54,4.04,35.43
25-34,Male,Southwest,Keto,37.86,9.28,84.14
25-34,Male,Midwest,Keto,37.74,5.33,72.25
35-44,Female,Midwest,Keto,39.23,6.52,87.36
25-34,Female,Midwest,Keto,30.39,8.1,55.24
25-34,Male,Southeast,Vegan,20.02,8.32,60.27
45-54,Male,Northeast,Vegan,31.3,5.89,42.05
55+,Male,Southeast,Vegan,19.09,6.25,40.52
35-44,Female,Southeast,Omnivore,21.01,8.86,50.39
35-44,Male,Southeast,Vegan,33.15,7.91,78.96
35-44,Female,Southeast,Vegetarian,20.61,7.99,51.53
18-24,Male,West,Vegan,41.72,7.59,54.36
18-24,Female,Northeast,Vegan,38.55,9.78,30.04
45-54,Female,Northeast,Vegetarian,16.15,7.96,73.78
35-44,Female,Midwest,Vegetarian,19.95,6.28,70.18
25-34,Male,Southeast,Omnivore,24.82,4.35,60.14
45-54,Male,Northeast,Vegetarian,31.76,8.85,69.98
45-54,Female,West,Vegan,21.21,5.17,30.3
25-34,Male,Midwest,Vegan,19.14,5.22,66.07
45-54,Male,Southwest,Vegan,37.12,7.37,72.42
45-54,Male,West,Keto,20.91,8.91,40.84
35-44,Male,Southwest,Omnivore,32.66,9.82,95.85
35-44,Male,Southeast,Omnivore,22.95,6,58.18
35-44,Female,Midwest,Vegetarian,18.31,7.67,64.02
18-24,Female,Southwest,Vegan,27.8,5,44.45
35-44,Male,Southwest,Vegetarian,24.43,8.74,43.33
18-24,Female,Southwest,Vegan,23.2,4.34,86.81
18-24,Male,Southeast,Omnivore,24.28,8.26,80.17
18-24,Male,Southeast,Vegetarian,16.91,8.99,98.77
25-34,Female,Northeast,Vegan,27.65,4.78,75.98
55+,Female,Northeast,Omnivore,26.33,5.32,45.19
25-34,Female,Midwest,Vegan,25.54,5.61,89.69
55+,Female,West,Omnivore,21.44,4.07,34.69
18-24,Male,Northeast,Vegan,17.89,9.33,39.7
25-34,Female,West,Vegetarian,24.47,7.56,76.88
25-34,Female,Midwest,Keto,16.69,9.42,98.33
18-24,Male,Southwest,Omnivore,22.24,4.28,37.1
25-34,Female,Southeast,Keto,31.02,4.89,97.97
55+,Female,Northeast,Vegan,35.07,9.85,86.51
55+,Female,West,Vegetarian,30.84,4.52,90.4
25-34,Female,Northeast,Keto,26.05,4.68,69.37
35-44,Male,Southeast,Vegetarian,18.24,4.32,68.9
25-34,Female,Midwest,Keto,16.23,4.17,55.95
45-54,Male,Southeast,Vegetarian,36.38,8.51,62.14
35-44,Female,Northeast,Omnivore,21.48,8.61,74.51
25-34,Male,West,Vegan,24.16,5.06,92.07
25-34,Male,Southeast,Vegan,25.67,8.81,85.29
25-34,Female,Southwest,Vegan,34.07,4.05,66.35
18-24,Male,Northeast,Omnivore,28.06,9.92,99.57
55+,Female,West,Keto,30.3,7.64,59.77
35-44,Female,West,Vegetarian,39.33,7.73,34.92
18-24,Female,Northeast,Vegan,21.36,8.98,53.97
25-34,Male,Southeast,Vegetarian,32.39,8.48,71.54
18-24,Female,West,Vegetarian,16.72,4.43,76.81
45-54,Female,Southeast,Omnivore,39.07,9.17,57.21
55+,Female,Midwest,Vegetarian,30.69,4.13,40.74
25-34,Female,Southeast,Vegan,32.7,9.84,63.93
55+,Female,Northeast,Keto,29.94,8.5,49.81
25-34,Female,Southwest,Omnivore,27.91,5.7,87.82
55+,Male,Northeast,Omnivore,41.82,5.94,73.63
45-54,Female,West,Vegan,21.73,5.28,95.43
45-54,Female,Northeast,Omnivore,40.09,9.68,61.25
45-54,Female,West,Keto,40.8,7.79,40.97
35-44,Female,West,Keto,28.48,8.84,46.54
45-54,Male,Midwest,Omnivore,34.34,8.43,58.69
45-54,Male,West,Omnivore,31.02,5.19,68.72
18-24,Male,Southeast,Keto,16.71,9.35,84.77
18-24,Female,West,Omnivore,40.18,8.88,66.02
55+,Male,West,Keto,27.54,9.17,79.39
18-24,Male,Midwest,Vegan,31.25,7.96,55.05
55+,Male,West,Vegetarian,24.74,8.01,97.44
55+,Female,Southwest,Omnivore,30.89,9.33,94.42
18-24,Male,Northeast,Vegan,31.34,5.17,42.61
18-24,Female,Southeast,Omnivore,32.24,5.22,50.35
25-34,Male,Northeast,Omnivore,20.74,5.89,41.61
35-44,Female,Midwest,Vegetarian,31.47,4.58,51.9
55+,Male,West,Keto,20.25,6.54,50.19
18-24,Male,West,Vegetarian,22.25,8.35,66.43
45-54,Male,West,Vegetarian,30.46,7.94,48.04
55+,Female,Northeast,Keto,35.64,4.78,32.11
18-24,Female,Southeast,Omnivore,23.06,4.08,87.33
18-24,Female,West,Vegetarian,25.81,9.31,63.58
55+,Male,Southeast,Omnivore,31.07,7.51,52.52
25-34,Female,Northeast,Omnivore,31.83,9.07,45.3
35-44,Female,Midwest,Omnivore,19.51,5.22,49.95
55+,Female,Southeast,Keto,26.23,8.06,54.5
35-44,Male,Southwest,Keto,41.22,5.95,51.79
45-54,Female,Southeast,Vegetarian,34.66,5.11,92.93
35-44,Female,Northeast,Vegan,19.41,4.73,89.53
35-44,Female,Northeast,Omnivore,40.1,6.31,35.75
55+,Male,Southwest,Omnivore,39.93,9,84.19
18-24,Male,Southwest,Keto,26.35,6.94,32.11
18-24,Female,Southwest,Vegan,20.06,6.61,87
18-24,Male,Southwest,Keto,27.25,6.68,39.82
18-24,Male,Southeast,Vegetarian,19.55,7.53,77.65
18-24,Male,Northeast,Vegetarian,25.29,4.46,37.67
35-44,Male,Northeast,Omnivore,25.76,5.05,57.22
25-34,Female,Midwest,Vegetarian,17.88,4.91,85.26
45-54,Female,Southwest,Keto,38.89,7.34,50.05
35-44,Male,West,Vegan,35.3,9.03,99.06
18-24,Female,Midwest,Vegetarian,39.67,6.45,57.06
55+,Female,Northeast,Vegan,38.11,4.03,45.08
45-54,Male,Northeast,Vegan,39.66,6.76,93.04
25-34,Male,Southwest,Omnivore,35.31,9.97,55.83
18-24,Male,Southwest,Keto,38.48,8.91,61.52
25-34,Female,Northeast,Keto,28.44,5.16,96.59
35-44,Female,Northeast,Vegan,25.22,6.96,58.39
45-54,Male,Northeast,Vegetarian,28.68,6.16,70.26
35-44,Female,Southeast,Vegan,39.26,6.51,99.45
55+,Female,West,Vegetarian,34.18,9.14,84.63
55+,Female,Southeast,Vegan,34.54,7.86,66.4
18-24,Male,Southeast,Keto,21.14,4.48,34.01
35-44,Female,West,Keto,38.23,8.77,51.45
35-44,Female,Southwest,Omnivore,21.57,8.52,81.87
45-54,Female,Midwest,Omnivore,36.27,9.51,85.86
25-34,Male,Midwest,Vegan,34.03,7.45,59.67
55+,Female,Midwest,Keto,23.81,8.11,94.17
18-24,Female,Southwest,Keto,22.72,8.56,43.53
35-44,Male,Southwest,Vegetarian,21.75,8.85,68.41
35-44,Female,Southeast,Omnivore,30.56,5.23,93.1
55+,Female,Northeast,Omnivore,22.49,6.33,59.31
25-34,Male,Northeast,Vegetarian,23.58,4.93,80.31
45-54,Male,Southeast,Keto,34.11,5.06,92.32
55+,Female,Midwest,Vegetarian,25.77,6.69,98.56
45-54,Male,West,Keto,24.86,6.63,66.24
25-34,Male,Southwest,Keto,41.49,7.77,61.37
25-34,Male,Northeast,Vegan,34.88,8.47,77.71
18-24,Female,Southeast,Vegetarian,24.14,4.49,98.39
18-24,Male,Southeast,Keto,22.88,7.5,75.82
45-54,Male,Southeast,Keto,38.91,5.44,85.53
25-34,Male,Midwest,Omnivore,20.35,7.03,72.54
25-34,Male,Northeast,Vegetarian,32.54,6.84,80.92
55+,Male,Midwest,Omnivore,27,4.49,32.66
18-24,Male,West,Vegan,37.95,5.71,85.92
25-34,Male,Southeast,Keto,28.69,5.38,62.55
35-44,Male,Southwest,Omnivore,16.6,5.06,67.93
18-24,Male,Northeast,Keto,21.02,7.46,98.8
55+,Female,Northeast,Omnivore,38.03,7.26,89.62
25-34,Male,Southwest,Omnivore,35.47,7.89,56
55+,Male,Midwest,Keto,41.4,4.75,56.65
55+,Female,Southwest,Keto,33.49,8.39,96.52
25-34,Male,Southwest,Omnivore,17.89,7.47,33.17
45-54,Male,Southwest,Omnivore,33.14,5.77,46
45-54,Male,Southeast,Vegetarian,28.1,8.61,47.6
18-24,Male,Southeast,Keto,31.95,8.03,85.83
18-24,Male,Southeast,Vegan,29.91,9.39,67.46
55+,Female,Northeast,Keto,22.52,8.04,62.11
25-34,Male,Southeast,Omnivore,37.94,6.26,76.34
25-34,Male,West,Vegetarian,28.13,5.78,42.19
25-34,Male,Midwest,Keto,35.34,8.31,80.32
18-24,Male,Southeast,Omnivore,16.51,6.44,46.06
55+,Male,Southeast,Keto,41.12,4.94,72.22
45-54,Male,Southeast,Vegetarian,39.79,9.28,79.13
45-54,Male,Southeast,Omnivore,24.13,8.29,88.56
18-24,Male,Southeast,Vegan,21.38,7.58,60.3
45-54,Female,West,Keto,40.88,8.43,35.31
25-34,Female,West,Omnivore,24.91,9.01,46.45
18-24,Female,Midwest,Keto,37.56,4.95,50.21
35-44,Female,Northeast,Vegan,31.51,6.11,80.64
55+,Male,West,Vegan,19.34,5.53,67.61
35-44,Male,West,Omnivore,27.5,9.43,53.25
25-34,Female,Southwest,Vegan,33.42,5.23,90.43
25-34,Male,Northeast,Vegan,21.21,7.8,96.41
45-54,Male,Midwest,Vegetarian,33.9,7.65,83.66
45-54,Male,Southeast,Omnivore,33.87,9.28,38.79
25-34,Male,West,Omnivore,16.55,4.5,65.91
55+,Male,Northeast,Keto,18.4,9.23,79.79
45-54,Female,Southeast,Keto,21.48,5.76,56.11
25-34,Female,Midwest,Vegetarian,31.52,9.72,80.34
55+,Female,Northeast,Omnivore,40.82,8.36,65.71
35-44,Female,Southwest,Vegetarian,22.91,8.27,99.79
45-54,Male,West,Omnivore,24.48,5.16,80.03
18-24,Female,Southeast,Keto,40.36,9.86,85.88
35-44,Male,Southeast,Vegetarian,29.42,4.5,43.47
55+,Female,Southeast,Omnivore,20.6,4.99,77.36
18-24,Female,Southeast,Vegetarian,26.76,7.68,97.8
55+,Male,Northeast,Vegetarian,27.37,7.22,85.92
25-34,Female,Midwest,Keto,40.23,4.92,65.65
55+,Male,Midwest,Vegan,28.92,8.06,30.09
45-54,Female,West,Omnivore,31.65,4.46,58.54
55+,Male,Midwest,Vegetarian,17.44,9.09,76.52
55+,Male,Southwest,Vegetarian,25.62,8.97,87.89
18-24,Female,West,Omnivore,37.81,9.71,45.04
35-44,Female,Midwest,Keto,32.34,7.16,61.73
45-54,Male,West,Vegan,31.45,6.29,57.67
45-54,Female,West,Keto,38.36,5.05,52.32
45-54,Male,Southwest,Vegan,19.72,9.55,49.28
18-24,Female,Midwest,Omnivore,29.11,4.17,40.23
35-44,Female,Northeast,Omnivore,39.92,5.9,35.52
25-34,Female,Midwest,Omnivore,37.97,8.96,75.56
18-24,Female,Midwest,Vegan,32.79,7.76,51.48
35-44,Male,West,Omnivore,16.93,4.48,30.55
35-44,Female,Midwest,Vegetarian,22.86,5.43,75.55
55+,Male,Southwest,Omnivore,38.4,5.56,70.64
45-54,Male,Midwest,Vegetarian,28.91,5.63,79.57
18-24,Female,Midwest,Omnivore,25.74,9.54,64.55
55+,Male,Midwest,Omnivore,37.61,4.52,71.89
25-34,Male,Midwest,Keto,27.51,7.27,81.52
18-24,Female,Midwest,Omnivore,30.89,4.41,99.75
35-44,Male,Midwest,Vegetarian,40.03,7.3,90.31
55+,Male,Midwest,Vegetarian,30.55,7.11,79.86
18-24,Male,Northeast,Omnivore,37.41,9.34,52.01
18-24,Female,Northeast,Vegetarian,35.68,7.82,83.23
55+,Male,Northeast,Omnivore,19.62,9.5,31.06
55+,Male,West,Vegetarian,27.24,9.58,62.15
55+,Male,West,Keto,41.06,6.06,62.85
45-54,Male,West,Omnivore,16.75,7.95,47.46
25-34,Female,Northeast,Vegan,40.11,6.12,87.71
45-54,Male,Southeast,Vegetarian,34.24,8.87,60.7
45-54,Female,West,Keto,32.7,7.71,33.36
55+,Female,Northeast,Omnivore,23.44,7.67,97.45
35-44,Male,Northeast,Vegetarian,16.15,6.3,99.05
55+,Male,Midwest,Omnivore,33.34,9.08,72.64
55+,Male,Northeast,Keto,33.99,4.17,66.4
45-54,Female,West,Vegetarian,31.92,6.02,56.88
18-24,Female,Northeast,Vegetarian,29.11,4.82,78.56
25-34,Male,Northeast,Vegan,20,7.45,63.55
25-34,Male,West,Vegetarian,29.44,8.12,31.73
35-44,Male,Southwest,Keto,41.7,5.84,68.16
25-34,Female,Northeast,Omnivore,35.71,6.22,62.17
18-24,Female,Southeast,Vegetarian,19.46,8.02,73.48
45-54,Female,Southeast,Keto,17.86,9.6,75.05
35-44,Male,Southeast,Vegan,20.3,9.9,63.96
45-54,Female,Southwest,Omnivore,32.29,6.92,88.39
25-34,Female,Northeast,Omnivore,40.21,6.95,57.15
45-54,Female,Southeast,Vegetarian,30.08,7.75,82.38
18-24,Female,Southwest,Vegan,22.51,8.17,54.84
35-44,Male,Northeast,Vegan,34.59,4.42,75.43
25-34,Male,Southeast,Omnivore,29.16,8.6,88.49
35-44,Male,West,Vegan,20.74,6.29,37.87
35-44,Male,Southeast,Keto,35.64,7.67,59.04
25-34,Male,Southwest,Vegetarian,16.84,8.17,54.18
45-54,Male,West,Vegetarian,31.35,9.8,67.28
45-54,Male,West,Omnivore,32.69,6.08,39.93
35-44,Male,Southwest,Omnivore,29.22,7.57,86.89
18-24,Female,Northeast,Omnivore,39.98,5.52,83.23
25-34,Male,West,Vegan,34.19,8.6,47.36
18-24,Female,Southwest,Omnivore,37.49,4.31,80.07
45-54,Female,Southwest,Keto,34.98,4.9,54.99
45-54,Male,Southeast,Vegetarian,28.63,4.49,56.56
35-44,Male,Midwest,Vegetarian,19.81,8.28,65.83
55+,Female,Southwest,Vegetarian,28.55,7.99,31.69
45-54,Female,Southeast,Vegan,34.51,6.26,52.03
18-24,Male,Southeast,Omnivore,19.34,4.64,60.29
18-24,Female,Midwest,Omnivore,36.25,4.32,30.75
55+,Female,Midwest,Keto,32.37,5.73,85.44
25-34,Female,West,Keto,28.17,4.07,58.95
45-54,Female,Midwest,Omnivore,18.69,6.45,38.59
55+,Male,Southwest,Keto,30.85,5.07,92.83
55+,Male,Northeast,Vegetarian,18.73,7.65,54.89
35-44,Male,Southeast,Vegetarian,27.42,9,98.05
18-24,Male,Southeast,Keto,16.28,8.51,45.16
25-34,Female,Southeast,Omnivore,23.14,4.22,51.26
35-44,Male,West,Vegetarian,36.05,6.94,39.49
18-24,Female,Southwest,Vegetarian,26.73,8.27,88.4
18-24,Female,Midwest,Keto,33.07,8.56,63.11
18-24,Male,Southeast,Keto,37.03,9.35,78.28
45-54,Female,Midwest,Omnivore,26.57,6.75,80.85
25-34,Male,West,Vegetarian,23.74,5.67,89.38
25-34,Male,Southwest,Vegan,31.75,8.78,85.89
25-34,Female,Southwest,Keto,24.83,7.52,70.56
35-44,Female,Northeast,Omnivore,17.28,5.57,36.71
35-44,Female,West,Vegan,36.9,4.65,60.04
25-34,Female,Southwest,Keto,38.94,5.82,54.57
35-44,Male,Southeast,Omnivore,30.09,4.04,77.48
55+,Male,Midwest,Vegan,38.25,6.36,45.82
25-34,Male,West,Keto,19.6,6.14,32.25
18-24,Male,Northeast,Omnivore,38,5.03,92.73
25-34,Female,Southeast,Vegan,19.05,9.59,91.49
18-24,Female,Southwest,Vegetarian,38.83,7.62,63.51
45-54,Female,Southwest,Keto,36.8,6.63,40.76
25-34,Male,Southwest,Vegan,41.51,6.89,63.19
45-54,Male,Southeast,Vegan,30.84,4.29,48.69
45-54,Male,Southeast,Omnivore,16.15,5.25,37.44
18-24,Male,Northeast,Keto,16.14,4.31,96.22
25-34,Female,West,Keto,28.65,5.34,38.92
45-54,Male,Southwest,Vegetarian,17.97,8.71,85.86
35-44,Female,Midwest,Keto,17.68,9.68,90.3
55+,Male,Southwest,Keto,36.1,8.19,75.26
45-54,Male,West,Vegan,22.07,8.35,84.12
18-24,Female,West,Vegetarian,20.88,4.61,97.41
18-24,Male,West,Omnivore,27.9,5.88,50.11
35-44,Female,Southwest,Vegetarian,40.72,8.14,46.41
35-44,Female,Northeast,Keto,27.14,6.47,71.61
45-54,Female,Southeast,Vegan,31.34,9.3,57.18
25-34,Female,Southwest,Vegetarian,39.72,9.22,38.27
45-54,Female,Northeast,Vegan,38.5,8.27,99.5
25-34,Male,West,Omnivore,32.32,9.77,95.4
18-24,Male,Midwest,Omnivore,41.47,7.52,83.86
25-34,Male,Southeast,Keto,41.8,8.45,98.01
55+,Male,Southwest,Omnivore,31.88,8.8,45.99
55+,Female,West,Vegan,33.36,7.1,40.31
45-54,Male,Southwest,Keto,27.13,7.76,96.31
35-44,Male,Midwest,Omnivore,33.26,9.37,85.34
18-24,Male,Midwest,Vegetarian,21.3,9.72,33.21
18-24,Male,Northeast,Vegan,25.51,6.73,57.09
55+,Female,Midwest,Keto,24.11,4.04,41.37
18-24,Male,West,Omnivore,24.35,5.74,92.06
45-54,Female,West,Keto,36.62,4.88,41.56
25-34,Female,Southwest,Vegetarian,25.89,5.42,62.09
35-44,Male,Southeast,Omnivore,34.82,8.46,49.73
45-54,Male,Midwest,Vegetarian,31.8,7.46,47.99
25-34,Female,Southeast,Vegan,21.03,4.53,95.4
55+,Female,Southwest,Vegan,31.62,6.46,39.38
25-34,Male,Southeast,Vegan,39.34,5.32,41.18
18-24,Male,West,Omnivore,26.54,8.39,76.26
35-44,Male,Midwest,Vegetarian,25.52,8.95,69.36
55+,Male,Southeast,Vegan,26.39,4.03,98.91
55+,Male,Northeast,Keto,33.6,6.3,47.09
25-34,Female,Southeast,Omnivore,23.88,4.37,97.24
25-34,Female,West,Keto,37.87,4.28,60.48
18-24,Male,Midwest,Vegetarian,18.07,4.17,73.33
35-44,Female,Northeast,Vegan,39.77,7.69,40.43
25-34,Female,Midwest,Vegetarian,29.33,4.91,57.39
55+,Female,Midwest,Omnivore,17.67,7.32,36.3
18-24,Female,Northeast,Keto,28.76,8.54,93.95
55+,Male,Midwest,Keto,39.06,8.24,40.74
25-34,Male,West,Keto,28.75,8.96,97.92
45-54,Female,Southwest,Keto,23.53,8.58,87.02
45-54,Female,Southeast,Vegetarian,19.64,5.41,74.07
35-44,Male,Southeast,Omnivore,24.54,7.88,59.6
25-34,Male,West,Omnivore,19.83,9.12,51.66
45-54,Male,West,Omnivore,19.84,5.06,64.15
35-44,Female,Northeast,Vegetarian,41.02,5.37,95.29
18-24,Male,Midwest,Vegan,35.74,9.4,61.58
45-54,Male,Northeast,Vegan,30.43,9.23,61.46
45-54,Male,Northeast,Vegan,32.93,5.88,61.1
25-34,Male,Southeast,Vegan,21.59,8.32,70.62
45-54,Male,West,Keto,31.57,8.26,37.13
35-44,Female,Southeast,Omnivore,23.46,5.62,62.91
25-34,Male,West,Vegetarian,38.84,4.91,92.77
55+,Female,West,Omnivore,30.15,8.77,80.71
18-24,Male,Midwest,Vegan,21.04,8.39,64.98
45-54,Male,West,Vegan,33.91,7.94,35.12
25-34,Male,Southwest,Vegan,23.26,6.04,55.59
45-54,Female,Southeast,Vegetarian,20.19,8.87,69.49
25-34,Female,Midwest,Omnivore,26.49,7.43,71.96
55+,Male,Southwest,Vegetarian,35.18,5.35,69.8
55+,Female,Northeast,Keto,16.22,9.96,71.13
18-24,Male,Southeast,Keto,27.18,9.96,47.32
25-34,Female,Midwest,Omnivore,29.52,9.4,44.06
55+,Male,West,Vegan,23.89,7.3,88.3
25-34,Male,Southwest,Vegetarian,37.39,4.31,36.21
45-54,Male,Southwest,Vegan,17.38,8.03,95.89
45-54,Female,Midwest,Keto,26.82,9.12,69.25
25-34,Female,Northeast,Omnivore,29.2,5.91,82.63
18-24,Female,Midwest,Vegan,25.51,6.61,99.37
45-54,Female,Southwest,Vegetarian,19.12,9.46,38.62
25-34,Female,Midwest,Vegan,29.49,5.38,71.55
25-34,Female,Southeast,Vegan,31.9,6.74,30.89
55+,Male,Southeast,Keto,31.04,5.74,30.8
35-44,Male,Northeast,Vegan,31.38,4.18,30.08
25-34,Female,Northeast,Vegan,22.08,7.93,96.41
55+,Female,Southwest,Vegan,33.79,6.36,67.32
35-44,Female,Southeast,Vegetarian,29.25,4.12,91.2
18-24,Female,West,Vegetarian,41.34,9.8,64.55
45-54,Male,West,Keto,25.79,9.51,79.95
18-24,Male,Midwest,Vegan,29.38,7.26,38.15
35-44,Female,Southeast,Vegetarian,22.51,8.35,81.42
25-34,Male,Southeast,Vegetarian,20.7,4.32,91.34
18-24,Female,Southeast,Vegan,32.73,9.79,46.7
25-34,Female,Southeast,Vegan,27.76,5.06,45.48
45-54,Female,Southeast,Keto,32.75,6.44,82.77
35-44,Male,Midwest,Vegetarian,40.69,6.42,88.19
45-54,Female,Southeast,Vegetarian,36.64,5.01,30.8
25-34,Female,Southeast,Vegan,16.23,4.93,49.57
25-34,Male,Southwest,Vegan,35.01,5.13,79.44
45-54,Male,Northeast,Vegan,28.65,5.76,43.84
35-44,Male,Southeast,Keto,31.28,9.81,61.42
18-24,Male,Northeast,Keto,30.06,8.24,35.17
55+,Female,West,Vegetarian,34.28,4.68,70.51
25-34,Female,Southwest,Keto,25.92,9.4,91.48
45-54,Male,Southwest,Vegan,24.88,6.99,50.79
18-24,Female,Southeast,Vegan,21.36,4.84,35.71
18-24,Male,Southwest,Vegetarian,34.29,4.09,56.79
55+,Female,Southeast,Vegan,24.55,9.13,68.16
55+,Female,Midwest,Keto,22.56,4.31,32.48
55+,Female,Southeast,Vegetarian,36.07,4.11,75.66
45-54,Male,Southeast,Vegetarian,36.67,9.46,67.91
25-34,Female,West,Keto,35.21,5.49,57.26
45-54,Female,Northeast,Omnivore,21.68,7.31,30.7
18-24,Male,West,Keto,36.99,5.08,51.88
25-34,Male,Southwest,Keto,40.66,8.39,57.19
35-44,Male,West,Vegetarian,34.67,6.59,92.84
35-44,Male,Northeast,Keto,17.54,7.3,52.74
55+,Male,Northeast,Omnivore,31.9,8.98,54.17
55+,Male,Southeast,Omnivore,40.49,8.1,65.46
18-24,Male,Northeast,Vegetarian,31.14,4.41,44.89
25-34,Female,Northeast,Vegetarian,16.11,7.99,70.14
25-34,Female,Midwest,Vegan,35.85,5.81,45.8
45-54,Female,Northeast,Vegetarian,19.78,9.23,64.98
25-34,Male,Northeast,Vegetarian,41.41,8.3,35.83
35-44,Female,Southwest,Vegetarian,24.49,9.82,32.64
45-54,Female,Northeast,Vegan,34.81,7.62,69.98
45-54,Female,Northeast,Vegan,19.65,9.32,44.8
55+,Male,West,Omnivore,33.7,9.43,55.7
45-54,Female,Midwest,Keto,16.03,5.77,86.92
45-54,Female,Southwest,Keto,33.97,8.73,90.06
25-34,Female,Midwest,Vegetarian,17.06,5.98,80.9
55+,Male,Southwest,Keto,39.26,8.25,52.88
55+,Female,West,Vegan,19.99,9.22,69.27
25-34,Female,West,Omnivore,25.24,9.67,69.35
55+,Female,Midwest,Vegetarian,21.7,8.13,41.45
18-24,Female,West,Vegan,36.45,6.91,73.7
45-54,Male,Southeast,Vegan,36.76,8.39,33.56
18-24,Male,West,Vegetarian,40.05,7.76,55.13
35-44,Female,Northeast,Vegetarian,32.45,9.67,35.53
35-44,Female,Southeast,Vegetarian,35.88,6.04,90.58
25-34,Male,Southeast,Vegan,36.92,7.47,58.34
45-54,Male,Southwest,Keto,19.17,5.68,61.02
55+,Male,Southwest,Omnivore,19.73,5.94,67.61
45-54,Female,West,Vegetarian,31.89,4.35,50.98
45-54,Female,West,Vegan,21.58,7.72,52.73
45-54,Male,West,Keto,22.35,8.46,53.43
25-34,Female,Southwest,Vegan,33.91,4.17,75.58
35-44,Female,West,Vegetarian,23.93,6.67,70.93
25-34,Female,Southwest,Vegan,34.92,7.6,75.31
45-54,Female,Northeast,Vegan,20.58,5.62,85.09
25-34,Female,Southwest,Omnivore,17.48,7.29,52.95
18-24,Female,West,Omnivore,26.59,7.17,37.43
25-34,Male,Northeast,Vegan,19.44,4.34,69.17
25-34,Male,Midwest,Vegetarian,19.92,5.51,94.95
25-34,Female,Southwest,Keto,24.97,6.81,79.24
18-24,Female,Southwest,Omnivore,32.57,9.36,57.03
55+,Female,Northeast,Vegetarian,39.9,7.8,30.77
18-24,Male,West,Vegetarian,38.24,6.74,96.18
35-44,Female,Southwest,Keto,17.53,6.14,93.45
55+,Male,Southwest,Vegetarian,32.54,4.57,36.47
45-54,Female,Midwest,Omnivore,25.64,5.07,59.39
25-34,Female,Northeast,Omnivore,23.16,8.3,96.51
25-34,Male,Southeast,Vegan,38.18,5.59,81.16
18-24,Female,Midwest,Vegetarian,36.72,6.68,73.63
18-24,Male,Southwest,Vegan,26.68,4.54,78.26
35-44,Male,Southwest,Omnivore,37.65,5.12,40.46
35-44,Male,West,Vegetarian,34.64,7.37,55.06
45-54,Male,Midwest,Vegan,40.65,4.2,55.23
18-24,Female,Southeast,Vegetarian,33.63,9.55,89.92
18-24,Male,Northeast,Vegetarian,18.28,7.08,90.9
35-44,Male,Southeast,Omnivore,31.36,5.87,87.34
25-34,Female,Northeast,Vegan,30.8,4.77,94.07
18-24,Female,Midwest,Omnivore,34.62,6.15,37.87
18-24,Male,Southeast,Omnivore,31.25,4.11,89.44
18-24,Male,Northeast,Keto,18.32,4.01,85.33
35-44,Male,Northeast,Vegetarian,32.11,8.32,85.76
35-44,Male,Southeast,Vegetarian,26.2,7.77,48.29
25-34,Male,Northeast,Omnivore,28.35,9.49,50.16
45-54,Female,West,Vegan,34.1,5.76,64.41
35-44,Male,Midwest,Vegetarian,25.39,6.72,67.94
45-54,Female,West,Omnivore,27.09,4.65,42.26
18-24,Male,West,Vegetarian,34.73,5.56,81.52
35-44,Male,Midwest,Vegetarian,30.22,4.32,53.69
35-44,Female,Northeast,Omnivore,40.96,7.6,79.75
55+,Female,West,Vegan,37.43,9.7,42.3
35-44,Male,Northeast,Vegan,37.27,4.18,69.99
55+,Male,West,Vegan,21.28,4.54,72.27
55+,Male,Southwest,Vegetarian,35.26,8.12,50.46
35-44,Male,Northeast,Vegetarian,31.06,4.4,51.85
55+,Male,Northeast,Omnivore,27.51,5.38,91.22
45-54,Female,Southwest,Omnivore,28.55,9.2,86.11
55+,Female,Southeast,Vegetarian,29.8,4.86,67.54
55+,Female,Southwest,Keto,17.59,5.97,82.66
45-54,Male,Southwest,Vegan,35.1,4.85,47.08
45-54,Female,Southeast,Keto,22.26,4.34,98.33
18-24,Female,Southwest,Vegetarian,20.49,9.53,80.75
25-34,Female,West,Omnivore,38.55,9.93,38.14
45-54,Female,Southwest,Keto,30.18,8.41,88.7
18-24,Male,Midwest,Omnivore,39.09,9.27,43.48
18-24,Female,Midwest,Omnivore,20.77,5.76,53.66
25-34,Male,West,Keto,20.23,7.16,44.24
25-34,Female,Southeast,Vegetarian,21.7,5.12,72.04
45-54,Male,Midwest,Omnivore,30.53,8.55,43.47
18-24,Female,West,Vegetarian,27.63,5.13,38.04
18-24,Female,Midwest,Vegetarian,28.32,9.54,46.55
25-34,Female,West,Vegan,34.59,4.87,86.9
55+,Male,Northeast,Omnivore,21.92,9.19,45.52
18-24,Male,Southwest,Omnivore,22.96,9.45,68.93
55+,Male,West,Omnivore,28.43,8.91,83.71
45-54,Male,West,Vegetarian,40.3,5.98,98.76
25-34,Male,Southeast,Vegetarian,24.88,7.24,93
25-34,Male,Southwest,Vegan,20.7,9.42,86.82
18-24,Female,Midwest,Vegan,20,6.48,98.49
45-54,Female,Midwest,Keto,19.25,4.97,49.16
35-44,Female,West,Vegetarian,17.13,4.58,49.78
35-44,Female,Midwest,Omnivore,24.25,9.23,42.92
35-44,Female,Northeast,Omnivore,16.44,5.48,46.04
55+,Male,West,Vegetarian,19.42,7.5,77.93
18-24,Female,Southeast,Keto,29.41,8.74,91.47
55+,Male,Midwest,Keto,16.56,4.89,31.08
35-44,Male,Northeast,Omnivore,17.26,6.71,67.96
18-24,Male,Southeast,Vegan,31.78,4.17,46.03
55+,Male,Southwest,Keto,25.02,6.83,48.05
18-24,Female,Northeast,Vegetarian,28.72,5.62,70.71
45-54,Male,Southwest,Vegetarian,28.68,5.1,78.42
35-44,Female,Southeast,Vegetarian,38.82,9.25,62.49
45-54,Male,West,Omnivore,21.82,7.49,87.23
18-24,Female,Northeast,Keto,27.48,7.53,44.33
35-44,Male,Southeast,Vegetarian,23.01,7.65,78.11
35-44,Female,Northeast,Vegetarian,24.57,6.68,61.51
35-44,Male,Midwest,Keto,38.18,4.39,42.52
25-34,Male,Midwest,Vegetarian,22.94,8.1,85.35
35-44,Female,West,Vegan,27.73,8.9,93.47
45-54,Female,Southwest,Omnivore,36.61,4.26,46.09
18-24,Female,Midwest,Vegan,20.7,5.37,93.47
35-44,Male,West,Keto,41.26,8.85,32.99
35-44,Male,Northeast,Omnivore,18.01,7.03,46.26
18-24,Female,Southwest,Keto,26.2,7.17,90.72
55+,Male,Northeast,Keto,18.49,7.39,75.49
35-44,Female,Northeast,Vegetarian,22.35,8.32,60.6
25-34,Female,Northeast,Omnivore,19.8,5.03,38.9
25-34,Female,Southwest,Omnivore,36.01,7.87,71.51
55+,Female,West,Omnivore,20.26,9.9,37.17
35-44,Female,Southwest,Keto,34.05,9.18,42.84
35-44,Female,Southwest,Vegetarian,21.38,7.39,66.18
35-44,Male,Midwest,Keto,17.05,6.38,39.54
18-24,Female,Northeast,Vegan,27.5,5.87,95.61
45-54,Female,Southwest,Vegetarian,21.98,5.4,54.86
45-54,Female,Southwest,Vegan,18.54,7.08,58.8
18-24,Male,Southeast,Keto,29.91,9.99,39.82
18-24,Male,Midwest,Vegan,41.56,4.59,84.93
45-54,Female,West,Omnivore,35.57,6.46,97.4
35-44,Female,Southeast,Vegan,25.16,4.31,40.64
35-44,Male,Southwest,Keto,28.51,9.3,87.7
45-54,Female,West,Vegan,40.19,7.19,46.14
55+,Female,Southeast,Vegan,40.41,9.6,84.84
55+,Male,Southeast,Keto,32.96,7.74,68.36
18-24,Female,West,Vegan,20.31,4.5,73.16
45-54,Male,West,Omnivore,30.58,6.59,44.88
55+,Female,Northeast,Vegetarian,40.69,7.54,83.39
45-54,Male,Southeast,Keto,33.89,7.61,79.49
45-54,Female,Northeast,Vegan,34.87,4.32,55.77
45-54,Male,West,Vegan,16.48,7.51,33.81
25-34,Male,Northeast,Vegetarian,26.35,5.46,85.86
35-44,Female,Midwest,Omnivore,35.96,9.12,88.88
25-34,Male,Northeast,Vegan,36.26,6.16,70.87
55+,Female,Southeast,Vegan,16.79,9.07,68.13
25-34,Male,Southeast,Vegetarian,39.76,9.07,53.94
18-24,Female,Northeast,Keto,41.75,8.02,74.71
55+,Male,Northeast,Omnivore,29.8,6.75,75.43
55+,Male,Midwest,Vegan,36.56,9.48,84.33
18-24,Female,Southeast,Omnivore,16.53,9.44,68.98
25-34,Female,West,Keto,40.47,6.52,59.75
35-44,Female,Southeast,Vegetarian,23.44,9.26,76.83
25-34,Male,Southwest,Vegan,24.46,7.68,60.93
45-54,Female,Midwest,Vegan,41.13,4.33,88.42
45-54,Male,Midwest,Omnivore,39.99,6.51,85.9
55+,Female,Southeast,Keto,16.23,6.09,30.13
18-24,Male,Midwest,Vegetarian,22.21,9,46.25
18-24,Female,Midwest,Vegetarian,39.77,5.44,36.07
55+,Female,West,Keto,17.98,5.15,74.07
25-34,Female,Midwest,Keto,38.04,5.14,42.12
18-24,Male,West,Keto,24.69,6.52,60.66
18-24,Female,West,Vegan,34.13,6.36,67.3
25-34,Female,West,Vegan,21.67,4.87,42.1
35-44,Female,West,Vegetarian,35.97,7.85,97.37
25-34,Male,Southwest,Vegetarian,31.07,9.32,38.03
35-44,Male,Southwest,Keto,41.64,5.97,41.29
18-24,Female,Southwest,Omnivore,41.08,5.5,62.01
25-34,Female,West,Keto,34.76,7.84,72.03
55+,Female,Southeast,Vegetarian,24.24,8.75,70.15
35-44,Female,Southwest,Vegetarian,17.55,4.71,81.31
45-54,Female,Midwest,Keto,24.49,8.62,31.24
55+,Female,Midwest,Vegan,31.45,5.17,65.8
18-24,Male,Southeast,Keto,22.17,5.21,70.92
18-24,Female,West,Vegetarian,23.07,7.42,50.33
55+,Male,West,Keto,19.44,9.78,33.69
55+,Male,Southwest,Vegetarian,23.82,4.04,73.27
25-34,Male,West,Vegan,35.02,9.77,37.18
55+,Female,Northeast,Keto,31.92,8.02,94.22
35-44,Male,Midwest,Vegan,22.79,4.53,82.78
45-54,Male,Southeast,Vegetarian,19.61,5.59,74.68
35-44,Female,Midwest,Omnivore,19.9,7.15,54.97
35-44,Female,Southeast,Omnivore,36.62,6.86,51.09
55+,Male,Northeast,Omnivore,26.76,7.94,72.47
35-44,Male,West,Vegan,18.48,9.45,74.9
55+,Female,Northeast,Vegan,18.56,7.76,41.71
45-54,Male,West,Omnivore,22.1,4.32,59.17
35-44,Female,Midwest,Vegan,20.79,7.13,37.55
35-44,Female,Southwest,Vegetarian,27.99,6.6,64.46
25-34,Female,West,Omnivore,37.27,5.19,39.94
18-24,Female,Southwest,Omnivore,29.77,9.32,71.38
45-54,Male,Midwest,Keto,30.68,9.77,40.32
35-44,Female,West,Vegan,20.26,6.51,41.1
55+,Male,Northeast,Vegan,30.6,7.84,35
35-44,Male,Southeast,Vegan,29.76,4.95,91.41
55+,Female,Southwest,Vegan,36.32,6.59,61.72
55+,Female,Southwest,Omnivore,41.75,8.33,88.52
25-34,Male,Northeast,Vegan,41.94,9.32,78.69
18-24,Female,West,Vegan,24.91,6.7,88.48
25-34,Female,Northeast,Vegan,25.03,8.42,91.19
35-44,Female,Midwest,Vegan,30.51,5.66,82.71
25-34,Male,West,Omnivore,32.71,6.38,52.77
45-54,Female,West,Vegetarian,22.52,5.63,89.21
35-44,Male,Southeast,Omnivore,32.35,5.48,88.43
35-44,Female,Southwest,Keto,37.3,4.12,30.4
45-54,Female,West,Keto,23.29,5.86,90.03
35-44,Female,Southwest,Vegetarian,33.66,4.27,69.24
18-24,Female,Northeast,Keto,26.52,5.54,63.2
25-34,Female,Southwest,Keto,41.62,8.14,32.44
35-44,Male,West,Vegan,18.98,9.71,50.55
35-44,Male,Midwest,Vegetarian,33.18,5.53,52.32
55+,Male,Southeast,Keto,26.95,5.11,55.61
55+,Male,Southwest,Vegetarian,35.95,6.41,90.72
18-24,Female,Southwest,Keto,38.35,7.03,77.39
35-44,Female,Midwest,Vegan,33.14,7.32,53.48
35-44,Female,Midwest,Vegan,28.34,6.61,93.29
35-44,Male,Southwest,Omnivore,18.44,8.1,31.8
25-34,Female,Midwest,Omnivore,32.91,4.14,65.27
45-54,Male,Midwest,Keto,35.96,9.01,92.23
55+,Female,Southeast,Vegetarian,27.98,6.49,73.32
25-34,Female,Midwest,Keto,19.48,4.89,55.35
25-34,Female,Southwest,Vegan,33.31,4.47,57.68
35-44,Male,Southeast,Keto,35.41,7.16,54.72
18-24,Male,Northeast,Vegetarian,27.92,6.02,90.35
18-24,Female,Midwest,Keto,32.02,4.48,93.71
35-44,Male,Midwest,Keto,30.89,7.49,64.97
25-34,Female,Midwest,Omnivore,25.87,9.16,59.14
25-34,Female,Southeast,Vegan,23.71,4.36,87.75
45-54,Female,West,Omnivore,27.98,6.02,90.28
35-44,Male,West,Omnivore,16.26,9.01,97.74
18-24,Male,West,Omnivore,20.37,8.5,89.94
45-54,Female,Southeast,Vegan,24.38,8.14,60.09
25-34,Male,Midwest,Omnivore,25.32,9.8,56.6
35-44,Female,West,Vegetarian,33.97,7.74,42.6
45-54,Male,Northeast,Vegan,16.97,6.46,73.88
25-34,Female,West,Vegan,36.75,4.02,75.58
35-44,Female,Southeast,Vegetarian,28.08,7.73,37.43
55+,Male,Northeast,Omnivore,38.41,8.95,98.51
55+,Male,Northeast,Vegan,21.82,5.02,55.49
18-24,Female,Northeast,Omnivore,36.95,6.71,86.17
25-34,Male,Southeast,Vegetarian,22.25,7.3,69.49
18-24,Female,Southwest,Vegan,30.69,9.45,93.96
45-54,Male,West,Keto,22.8,4.84,38.47
18-24,Male,Midwest,Keto,28.88,5.94,96.83
45-54,Male,Midwest,Vegan,41.34,9,45.4
25-34,Female,Midwest,Keto,25.96,4.69,84.98
35-44,Male,West,Vegan,40.82,5.85,44.79
55+,Male,Midwest,Vegetarian,31.57,6.57,97.11
18-24,Male,Southwest,Keto,22.89,6.86,96.03
55+,Male,Northeast,Vegan,41.07,9.06,35.55
18-24,Female,Midwest,Omnivore,18.8,9.95,31.92
18-24,Female,West,Vegan,33.19,7.49,85.9
45-54,Female,Southwest,Keto,33.65,4.55,90.87
45-54,Female,Northeast,Vegan,41.07,8.79,75.75
25-34,Female,Southwest,Vegan,24.09,8.66,35.35
35-44,Female,Southwest,Vegetarian,26.29,8.92,68.17
55+,Female,Midwest,Vegetarian,39.58,6.46,40.93
18-24,Female,Midwest,Keto,27.45,4.17,82.72
45-54,Male,Southwest,Keto,18.57,8.93,73.46
45-54,Female,Midwest,Vegetarian,21.55,6.7,59.16
35-44,Male,Southeast,Vegetarian,28.31,4.49,70.49
25-34,Male,West,Keto,19.05,5.75,58.75
45-54,Male,Northeast,Vegetarian,17.7,7.44,74.61
45-54,Female,Southwest,Vegetarian,36.27,5.44,91.23
35-44,Male,Southwest,Keto,30.73,5.33,76.17
45-54,Female,Northeast,Keto,21.18,8.37,76.88
45-54,Female,Southeast,Omnivore,20.02,8.24,69.31
45-54,Male,Southwest,Keto,26.57,4.11,61.71
18-24,Female,Northeast,Keto,34.94,6.05,95.76
45-54,Female,Southwest,Omnivore,40.82,8.86,79.72
25-34,Female,Southeast,Vegan,25.83,8.7,44.34
45-54,Male,Midwest,Vegan,41.15,4.09,55.87
45-54,Male,Southeast,Keto,24.76,7.79,83.46
18-24,Female,West,Keto,16.71,4.36,39.97
45-54,Male,West,Omnivore,24.01,4.74,56.98
25-34,Female,Northeast,Keto,22.09,4.09,75.04
55+,Male,Southwest,Omnivore,17.94,8.8,75.23
18-24,Female,Southwest,Vegan,18.2,9.33,36.32
35-44,Female,West,Omnivore,29.27,6.11,80.94
55+,Female,Northeast,Vegan,22.79,9.61,60.7
55+,Female,Southwest,Vegan,23.78,5.13,90.18
35-44,Male,Southwest,Vegetarian,24.57,7.38,36.04
45-54,Male,Northeast,Omnivore,19.58,7.64,65.09
45-54,Male,West,Vegan,38.17,7.53,92.72
45-54,Male,Southwest,Omnivore,35.34,6.5,52.44
45-54,Female,Midwest,Vegan,34.17,7.74,62.13
55+,Male,Northeast,Keto,32.68,7.17,73.01
25-34,Female,Northeast,Vegan,39.6,8.13,82.17
45-54,Female,West,Vegetarian,40.41,5.22,70.17
18-24,Male,Midwest,Omnivore,30.71,6.27,38.53
45-54,Male,Southwest,Omnivore,25.56,5.03,99.27
18-24,Male,Midwest,Omnivore,28.73,4.14,76.1
18-24,Female,Southeast,Omnivore,17.6,6.03,50.16
55+,Female,Southwest,Keto,33.5,6.93,51.76
35-44,Male,West,Vegan,18.28,8.21,77.78
35-44,Male,Southeast,Keto,25.35,5.02,85.13
25-34,Female,Southeast,Vegetarian,32.49,9.4,79.92
25-34,Female,Midwest,Keto,26.73,8.2,35.46
35-44,Female,Southwest,Vegan,20.35,7.24,47.65
25-34,Female,Midwest,Vegetarian,21.3,8.11,74.61
45-54,Male,Southwest,Keto,16.15,9.71,97.01
25-34,Male,Southwest,Vegetarian,17.88,7.96,31.45
35-44,Male,Midwest,Vegetarian,29.34,9.77,63.39
25-34,Male,Northeast,Vegetarian,25.34,6.37,53.35
25-34,Male,Northeast,Vegetarian,26.72,9.74,85.58
25-34,Female,Southeast,Vegan,20.99,9.17,72.28
18-24,Male,Southeast,Keto,19.21,8.24,81.84
55+,Male,Southwest,Omnivore,22.56,9.55,77.52
35-44,Female,Northeast,Vegetarian,26.21,7.79,70.42
18-24,Female,Northeast,Vegan,40.19,6.17,67.71
35-44,Male,Midwest,Omnivore,22.5,7.24,87.19
35-44,Female,Southwest,Omnivore,28.58,4.89,51.36
18-24,Female,West,Vegetarian,25.28,6.63,86.32
18-24,Female,Midwest,Vegan,29.79,8.72,41.48
35-44,Female,Midwest,Keto,21.33,9.51,99.12
25-34,Female,Midwest,Omnivore,32.78,5.83,46.97
35-44,Male,Midwest,Omnivore,29.8,5.87,97.71
55+,Female,West,Vegan,16.02,8.29,44.04
18-24,Female,Northeast,Vegan,21.56,6.07,35.27
35-44,Male,Northeast,Keto,19.5,4.78,91.51
35-44,Male,Southeast,Keto,26.29,5.44,65.79
55+,Female,Southeast,Keto,41.11,5.07,89.86
45-54,Male,Southwest,Vegetarian,41.3,7.18,77.18
45-54,Male,Midwest,Vegetarian,29.48,4.06,97.99
18-24,Male,West,Vegetarian,17.88,6.93,73.35
35-44,Male,Midwest,Omnivore,33.06,7.43,64.85
18-24,Male,Midwest,Omnivore,29,7.58,99.46
18-24,Female,Southeast,Omnivore,26.83,9.02,64.2
55+,Male,Midwest,Keto,34.09,9.52,39.31
55+,Male,Southwest,Omnivore,39.5,9.78,85.39
25-34,Male,Southwest,Vegetarian,28.58,6.96,95.85
35-44,Male,Midwest,Omnivore,31.19,7.44,59.43
55+,Male,West,Vegetarian,24.19,5.33,45.02
18-24,Female,West,Vegan,17.07,8.82,91.52
45-54,Female,Midwest,Vegetarian,24.21,4.18,80.16
25-34,Male,Southeast,Keto,26.02,6.2,33.63
45-54,Female,Northeast,Keto,33.15,9.46,43.49
18-24,Male,Midwest,Keto,32.7,5.29,99.72
55+,Male,Northeast,Vegan,32.76,6.28,46.23
25-34,Female,Northeast,Vegetarian,41.63,4.54,31.61
18-24,Female,Northeast,Vegan,37.58,7.55,46.35
45-54,Male,Midwest,Vegan,28.18,5.17,67.3
35-44,Female,Southeast,Keto,22.19,9.11,57.54
25-34,Male,Midwest,Vegan,38.83,6.7,77.86
55+,Female,Northeast,Vegetarian,25.95,8.81,61.15
45-54,Female,Midwest,Vegan,31.01,8.74,93.71
45-54,Male,Southwest,Keto,33.81,7.56,40.72
18-24,Female,West,Keto,38.86,7.03,50.55
18-24,Female,Midwest,Keto,28,8.31,46.37
18-24,Male,West,Vegetarian,36.67,4.88,58.35
55+,Male,Southeast,Omnivore,27.39,9.98,34.53
55+,Female,Northeast,Vegan,37.47,8.31,97.26
45-54,Female,Midwest,Vegan,26.52,6.17,37.7
45-54,Female,Midwest,Vegetarian,33.94,7.79,30.82
35-44,Male,West,Keto,35.53,7.6,87.04
18-24,Male,Southwest,Vegan,23.96,9.42,37.44
35-44,Male,West,Omnivore,19.12,4.92,44.68
45-54,Male,Southeast,Vegan,32.56,9.19,69.47
25-34,Female,Midwest,Vegan,30.02,5.57,79.2
45-54,Male,West,Vegetarian,33.48,6.53,59.16
18-24,Female,Southwest,Vegan,28.82,4.7,70.53
18-24,Male,Midwest,Omnivore,29.11,4.81,59.47
18-24,Female,Northeast,Vegan,37.98,9.34,39.97
35-44,Female,Northeast,Omnivore,20.71,5.21,63.16
25-34,Male,Southwest,Omnivore,29.57,8.81,73.75
25-34,Male,Southeast,Omnivore,21.5,6.32,93.68
45-54,Female,Northeast,Vegetarian,33.07,6.23,42.79
18-24,Male,Midwest,Vegetarian,25.09,6.56,39.36
35-44,Female,Midwest,Keto,16.16,4.08,96.93
45-54,Female,Southwest,Keto,37.83,7.2,87.36
55+,Male,Northeast,Keto,27.51,5.36,61
25-34,Female,Northeast,Keto,22.7,4.23,37.56
55+,Female,Southwest,Keto,21.18,4.51,48.84
25-34,Male,West,Omnivore,38.42,5.87,63.86
45-54,Female,Southeast,Keto,24.57,9.62,44.8
25-34,Male,Southwest,Omnivore,31.24,8.98,97.48
55+,Female,West,Vegetarian,19.68,4.79,55.33
45-54,Female,Southeast,Vegetarian,20.95,7,77.89
25-34,Female,Southeast,Vegan,37.58,7.11,79.57
18-24,Male,Midwest,Vegan,36.96,9.62,47.44
25-34,Male,Midwest,Vegetarian,39.02,8.66,84.58
18-24,Female,Southeast,Vegan,40.38,7.65,88.15
45-54,Male,West,Omnivore,33.18,5.66,64.54
35-44,Male,Northeast,Vegetarian,34.76,7.66,37.38
35-44,Male,Southwest,Keto,20.86,9.49,49.94
35-44,Male,Southwest,Vegetarian,35.95,7.54,91.86
45-54,Male,West,Vegan,30.82,4.85,80.63
25-34,Male,Northeast,Vegan,20.91,6.18,55.45
55+,Female,Southeast,Vegetarian,18.61,6,94.59
55+,Male,West,Vegetarian,38.24,9.48,67.2
55+,Male,Northeast,Keto,23.41,7.08,78.7
18-24,Female,Southwest,Vegetarian,36.87,4.76,43.95
55+,Female,Southeast,Vegan,41.11,7.87,88.79
35-44,Male,Southeast,Vegan,18.42,6.08,97.8
18-24,Female,Midwest,Keto,22.12,9.98,84.3
35-44,Female,Southwest,Vegan,33.31,7.04,89.21
45-54,Male,Southwest,Keto,33.61,5.52,80.65
35-44,Female,Midwest,Vegetarian,18.27,8.25,81.47
25-34,Female,Midwest,Vegan,39.38,6.95,44.84
18-24,Female,Southwest,Omnivore,17.14,4.04,91.9
45-54,Male,Southwest,Keto,34.74,8.81,53.59
45-54,Female,West,Vegan,32.72,4.3,49.62
35-44,Female,West,Keto,29.23,4.45,93.64
25-34,Male,Southeast,Vegan,21.98,4.42,79.48
18-24,Female,Southwest,Keto,38.66,4.05,64.76
18-24,Male,Southeast,Omnivore,36.93,9.08,51.42
35-44,Male,Southwest,Omnivore,37.16,4.5,75.66
45-54,Female,West,Vegetarian,31.55,6.51,62.06
45-54,Male,Northeast,Keto,24.55,4.38,59.56
25-34,Female,Southwest,Vegetarian,25.79,5.96,46.39
18-24,Male,Southeast,Vegetarian,16.16,7.55,89.49
55+,Male,West,Omnivore,29.47,4.01,72.85
25-34,Male,Southwest,Keto,29.62,4.26,53.69
18-24,Female,Southeast,Omnivore,17.13,5.59,34.65
25-34,Male,Northeast,Vegetarian,21.34,5.4,36.62
45-54,Female,Southwest,Vegan,40.09,4.33,81.17
18-24,Female,Southwest,Vegan,39.23,6.48,48.91
55+,Male,Midwest,Vegan,24.8,9.71,39.69
55+,Female,Northeast,Omnivore,21.29,6.33,95.1
45-54,Male,West,Keto,16.17,6.37,70.08
55+,Female,Midwest,Omnivore,38.57,8.88,66.94
25-34,Female,Northeast,Vegan,33.01,7.33,49.86
25-34,Female,West,Keto,37.9,4.87,46.03
45-54,Male,Southeast,Keto,38.55,7.42,96.73
55+,Male,Southwest,Omnivore,35.85,5.81,82.57
45-54,Male,West,Vegetarian,17.6,8.64,97.77
55+,Female,Northeast,Keto,36.35,9.51,67.82
45-54,Female,Southeast,Vegetarian,27.14,4.39,31.62
55+,Female,Southwest,Keto,39.11,7.52,85.29
45-54,Female,Midwest,Vegetarian,27.07,6.46,95.02
55+,Male,Midwest,Vegan,17.71,6.35,51.93
45-54,Male,Southeast,Omnivore,21.01,7.08,81.01
18-24,Female,Midwest,Omnivore,35.96,5.97,59.1
35-44,Female,Northeast,Omnivore,33.47,6.1,51.57
45-54,Male,Northeast,Vegan,36.5,4.62,64.3
35-44,Male,Southeast,Vegan,39.79,5.44,43.78
55+,Male,West,Vegan,40.62,9.63,95.91
55+,Female,West,Omnivore,28.7,9.64,35.26
55+,Male,Southeast,Omnivore,34.47,5.06,50.83
35-44,Male,Midwest,Vegetarian,33.19,5.43,75.33
18-24,Female,Southeast,Vegetarian,38.6,8.04,69.06
18-24,Female,Midwest,Vegan,26.09,8.9,60.71
25-34,Male,Northeast,Vegan,35.37,7.59,59.95
35-44,Female,Southwest,Keto,22.91,8.71,50.84
55+,Male,Midwest,Omnivore,28.46,7.79,84.89
25-34,Female,Southeast,Vegetarian,40.32,7.37,96.64
25-34,Female,West,Omnivore,23.88,8.69,49.83
45-54,Female,Northeast,Keto,31.28,6.11,74.58
55+,Male,West,Vegan,26.76,6.1,94.52
18-24,Female,Southwest,Vegetarian,17.95,8.14,55
25-34,Male,West,Keto,27.07,9.03,86.18
25-34,Female,Midwest,Vegetarian,26.46,4.37,90.88
55+,Female,Southeast,Vegetarian,22.38,9.65,31.48
18-24,Female,Midwest,Omnivore,35.5,6.37,37.64
55+,Female,West,Vegan,24.61,5.19,62.6
25-34,Male,Midwest,Keto,35.28,5.6,71.35
18-24,Female,West,Omnivore,17.72,8.03,41.71
55+,Male,Northeast,Vegetarian,39.83,9.18,92.47
55+,Female,Midwest,Keto,37.72,7.35,89.75
35-44,Female,Southwest,Vegan,18.06,5.77,79.99
45-54,Female,Northeast,Keto,26.22,9.62,56.47
55+,Female,Midwest,Vegan,39.12,5.27,77.11
35-44,Male,Midwest,Vegetarian,40.62,8.5,31.82
55+,Male,West,Keto,29.51,7.48,81.75
25-34,Male,Southeast,Vegetarian,23.55,8.13,80.91
18-24,Male,Northeast,Vegan,27.47,6.56,85.64
45-54,Male,West,Vegan,20.42,6.88,35.96
45-54,Male,West,Vegetarian,35.46,7.03,40.45
55+,Male,Northeast,Vegan,40.03,9.23,68.77
45-54,Male,Southeast,Omnivore,38.83,4.92,88.96
45-54,Male,Northeast,Keto,35.37,9.73,50.74
25-34,Female,Southeast,Keto,19.63,4.36,74.26
25-34,Female,Midwest,Vegan,25.31,9.25,82.41
45-54,Female,West,Keto,40.66,4.8,50.4
18-24,Male,Southwest,Vegetarian,39.59,7.71,98.28
45-54,Female,Midwest,Keto,37.2,9.69,64.39
35-44,Male,Southwest,Keto,20.8,7.68,77.95
25-34,Female,Southwest,Vegan,37.94,5.55,55.68
45-54,Female,Southwest,Omnivore,37.47,9.05,95.94
55+,Female,West,Keto,17.21,8.53,79.57
18-24,Male,Midwest,Omnivore,32.82,5.19,46.69
25-34,Female,West,Keto,21.55,9.12,34.07
25-34,Female,Southwest,Vegetarian,24.69,4.01,62.89
35-44,Female,Midwest,Keto,39.6,9.82,48.93
35-44,Male,Southwest,Vegan,21.25,4.99,74.23
25-34,Male,West,Keto,41.87,7.64,40.15
35-44,Male,Midwest,Vegetarian,21.01,9.09,96.6
18-24,Female,Southwest,Vegetarian,24.88,8.54,31.64
55+,Male,Southeast,Vegan,27.34,8.47,61
55+,Female,Southeast,Vegetarian,32.28,8.57,36.11
55+,Female,Midwest,Vegan,34.65,5.75,37.21
25-34,Male,Southwest,Omnivore,31.53,4.4,45.27
25-34,Female,Midwest,Keto,18.89,4.35,46.9
45-54,Male,West,Keto,20.56,6.15,95.11
18-24,Male,Northeast,Vegetarian,32.68,4.03,68.9
45-54,Female,West,Keto,39.46,7.52,40.4
18-24,Female,Northeast,Vegan,29.61,6.5,63.19
18-24,Female,Southwest,Vegetarian,25.98,9.77,41.4
35-44,Male,West,Vegetarian,34.09,8.94,72.47
55+,Male,Midwest,Omnivore,16.73,4.54,54.82
25-34,Male,Midwest,Vegan,28.98,7.3,70.87
18-24,Female,Midwest,Omnivore,22.93,7.22,40.58
18-24,Female,West,Vegetarian,38.03,8.22,81.16
25-34,Male,Southeast,Keto,21.72,4.79,82.61
18-24,Female,West,Keto,32.79,6.41,42.41
25-34,Male,Southwest,Omnivore,37.72,4.33,91.18
55+,Female,Northeast,Vegan,22.5,5.24,85.56
25-34,Female,Midwest,Vegetarian,38.11,8.26,62.43
55+,Female,Southwest,Keto,36.35,8.29,61.91
55+,Female,West,Vegan,30.1,4.95,85.39
18-24,Female,Southeast,Vegan,40.25,8.38,36.76
35-44,Female,Southwest,Vegetarian,40.55,7.99,63.29
55+,Male,Southwest,Vegetarian,35.74,4.51,68.84
35-44,Female,Southwest,Vegetarian,24.02,7.34,66.26
55+,Male,Southeast,Vegetarian,18.99,4.17,61.11
25-34,Male,Southeast,Vegetarian,29.12,7.86,32.68
35-44,Female,Northeast,Vegan,30.25,9.57,71.83
25-34,Male,Midwest,Vegan,30.3,6.49,66.18
18-24,Female,Midwest,Vegan,26.13,4.65,67.35
35-44,Female,Southwest,Vegetarian,30.76,9.79,59.99
25-34,Female,Southeast,Vegetarian,33.91,8.31,48.78
45-54,Male,Northeast,Vegan,22.56,9.96,41.77
35-44,Male,West,Omnivore,21.49,8.2,80.56
35-44,Male,Northeast,Vegetarian,25.55,7.55,30.5
25-34,Male,Northeast,Vegetarian,39.69,8.82,56.37
18-24,Female,Southeast,Omnivore,24.6,9.27,77.04
18-24,Male,Northeast,Vegetarian,18.9,5.9,32.39
25-34,Male,Northeast,Vegan,29.78,6.5,78.47
35-44,Female,Northeast,Omnivore,34.21,4.14,78.35
18-24,Male,West,Omnivore,35.11,9.47,64.81
55+,Female,Midwest,Keto,33.97,8.98,75.84
45-54,Female,Midwest,Vegan,22.86,8.25,31.94
25-34,Female,Midwest,Vegan,35.89,7.31,99.62
35-44,Male,West,Omnivore,22.48,6.31,81.47
18-24,Female,West,Vegan,35.27,6.51,70.03
18-24,Male,West,Vegan,24.35,5.45,91.62
55+,Female,West,Vegan,22.41,5.33,43.17
45-54,Female,Midwest,Vegetarian,31.84,7.75,52.47
18-24,Male,Southwest,Vegetarian,19.12,4.91,66.52
25-34,Male,Midwest,Omnivore,27.28,8.57,38.97
55+,Female,Northeast,Keto,31.26,4.62,52.17
25-34,Male,Northeast,Omnivore,16.87,9.17,37.39
18-24,Male,Southeast,Omnivore,16.54,8.64,67.03
18-24,Male,Southeast,Keto,30.07,8.52,33.21
25-34,Female,Southwest,Vegan,37.99,9.55,91.09
35-44,Male,West,Keto,36.44,8.9,82.65
18-24,Female,West,Vegan,37.67,9.99,94.23
45-54,Male,Southwest,Vegetarian,22.62,4.34,53.85
18-24,Female,Southeast,Omnivore,36.05,8.21,77.45
18-24,Male,Southwest,Keto,18.77,9.75,35.22
18-24,Male,Northeast,Vegetarian,41.8,9.91,86.85
35-44,Female,Northeast,Keto,18.74,5.9,96.81
35-44,Female,Midwest,Vegetarian,22.18,9.06,52.89
45-54,Female,Midwest,Vegetarian,30.1,7.54,94.35
18-24,Female,Midwest,Keto,38.26,6.7,37.18
25-34,Male,Southeast,Vegetarian,38.58,9.49,84.6
18-24,Female,West,Omnivore,34.99,4.05,71.66
55+,Female,Southeast,Keto,25.3,4.53,75.19
45-54,Male,Southeast,Omnivore,24.77,4.48,35.06
55+,Female,Midwest,Keto,23.65,7.23,92.17
25-34,Male,Southwest,Vegetarian,32.84,4.13,83.05
55+,Male,West,Vegan,23.14,7.98,57.05
55+,Female,Northeast,Vegan,39.56,8.8,51.03
35-44,Female,West,Omnivore,16.2,9.78,96.87
45-54,Male,Southwest,Vegetarian,25.67,9.61,73.62
25-34,Female,Northeast,Keto,38.47,9.31,94.49
18-24,Male,Northeast,Omnivore,33.71,8.69,83.57
18-24,Male,Northeast,Vegetarian,31.78,5.55,87.53
35-44,Male,Midwest,Keto,33.97,9.68,91.09
25-34,Male,West,Omnivore,23.92,8.72,61.62
18-24,Male,Southwest,Keto,38.51,7.72,52.5
55+,Female,West,Omnivore,35.7,5.51,79.31
45-54,Female,Northeast,Omnivore,36.84,8.97,85.37
55+,Female,Southwest,Keto,31.54,5.9,60.92
18-24,Female,Midwest,Vegetarian,16.43,4.69,32
18-24,Female,Northeast,Vegetarian,40.19,7.95,61.07
45-54,Male,Southeast,Vegetarian,18.25,7.89,33.76
35-44,Female,West,Vegetarian,32.98,7.91,93.48
55+,Male,Southwest,Keto,40.5,6.65,65.8
55+,Male,Southwest,Keto,18.57,5.89,86.79
45-54,Female,Southeast,Vegetarian,32.8,9.34,75.28
45-54,Female,Southwest,Omnivore,20.14,6.82,89.54
25-34,Female,Southeast,Omnivore,34.71,5.02,49.05
45-54,Female,Southwest,Vegetarian,26.42,7.93,50.08
45-54,Female,Southwest,Vegetarian,22.5,7.76,36.89
55+,Male,Southwest,Vegan,24.83,6.81,43.43
18-24,Female,Midwest,Omnivore,29.2,6.46,78.79
35-44,Female,Northeast,Vegan,32.92,6.64,97.64
35-44,Female,Southeast,Vegan,36.92,6.13,42.89
18-24,Male,West,Omnivore,35.24,4.96,74.11
35-44,Male,Southeast,Keto,39.3,5.36,77.23
25-34,Male,Northeast,Vegetarian,22.85,5.48,74.82
55+,Male,Northeast,Omnivore,23.97,6.72,88.61
35-44,Female,West,Keto,25.51,9.57,81.67
55+,Male,West,Vegan,19.53,5.1,91.63
35-44,Female,Midwest,Keto,40.59,7.62,94.69
55+,Female,Northeast,Omnivore,27.94,8.11,47.52
35-44,Male,Southwest,Vegan,24.01,4.35,58.45
18-24,Female,Midwest,Keto,33.37,8.73,41.6
55+,Female,West,Vegetarian,33.98,9.4,93.28
45-54,Female,Southeast,Omnivore,29.21,9.64,83.12
18-24,Female,Northeast,Vegetarian,36.8,5.55,87.26
25-34,Male,Northeast,Vegan,17.65,7.96,91.97
35-44,Male,Southeast,Omnivore,20.63,8.15,73.7
55+,Female,Southwest,Vegetarian,26.48,8.29,82.07
45-54,Male,Southeast,Omnivore,37.55,5.63,40.08
18-24,Male,Northeast,Keto,19.69,5.67,49.37
35-44,Male,Midwest,Vegan,37.12,5.87,81.48
55+,Male,Midwest,Keto,25.8,9.74,83.6
45-54,Male,West,Omnivore,20.82,6.04,80.43
25-34,Female,Southeast,Omnivore,32.83,5.5,72.1
35-44,Male,Midwest,Keto,34.07,7.19,86.24
55+,Female,West,Vegetarian,25.99,5.3,84.86
25-34,Male,Southeast,Keto,18.71,4.42,44.44
18-24,Male,Northeast,Omnivore,28.71,5.27,67.8
25-34,Male,Southwest,Keto,32.36,8.66,65.49
25-34,Male,West,Keto,36.44,7.29,79.04
45-54,Female,West,Keto,26.75,4.26,62.94
18-24,Male,Southwest,Keto,17.35,5.54,54.25
35-44,Male,Southeast,Omnivore,28.84,5.39,30.25
25-34,Female,West,Keto,23.51,9.56,35.09
18-24,Female,Midwest,Omnivore,26.71,8.68,45.61
55+,Female,West,Keto,38.66,7.06,61.74
55+,Male,Northeast,Omnivore,40.98,7.28,49.13
18-24,Male,West,Vegetarian,29.82,8,88.32
25-34,Female,Midwest,Keto,33.33,7.64,46.42
25-34,Female,Southeast,Keto,33.69,4.17,78.76
45-54,Female,Midwest,Vegetarian,24.43,7.23,75.94
25-34,Male,Midwest,Vegetarian,21.04,5.65,39.77
45-54,Female,Southwest,Keto,30.1,6.55,79.71
35-44,Male,Northeast,Vegetarian,27.1,8.31,55.14
35-44,Female,Midwest,Vegetarian,25.68,8.76,90.39
18-24,Female,West,Vegan,31.86,8.01,32.11
55+,Female,Southwest,Vegetarian,30.44,4.95,49.15
45-54,Female,Northeast,Vegetarian,29.64,7.77,72.18
25-34,Female,Northeast,Keto,19.76,5.72,79.17
25-34,Male,Southwest,Vegan,23.33,8.53,91.54
35-44,Male,Midwest,Vegetarian,18.69,8.97,70.2
25-34,Female,Midwest,Keto,24.16,5.93,85.9
55+,Female,Northeast,Keto,33.33,9.06,83.58
45-54,Female,West,Vegan,20.41,5.73,87.86
55+,Male,Southwest,Keto,18.52,9.55,30.29
45-54,Female,Southwest,Omnivore,34.97,8.77,77.44
35-44,Female,Southwest,Vegetarian,23.56,5.82,69.48
25-34,Male,Southeast,Keto,40.07,7.18,36.26
35-44,Female,Southeast,Vegetarian,20.78,8.09,71.11
55+,Male,Southeast,Vegan,32.38,8.12,47.78
45-54,Male,Southeast,Vegan,26.25,8.97,99.75
55+,Male,West,Vegan,39.67,9.66,69.29
25-34,Female,Southwest,Keto,34.08,8.74,78.51
45-54,Female,Southeast,Omnivore,32.42,7.55,75.39
25-34,Male,Southeast,Keto,39.89,9.94,70.7
55+,Male,West,Keto,17.5,5.58,47.42
18-24,Male,Northeast,Keto,26.77,5.29,98.34
35-44,Male,Southwest,Keto,22.3,5.88,66.53
18-24,Female,Northeast,Vegetarian,40.25,5.61,32.09
18-24,Male,Northeast,Keto,22.63,5.3,43.94
18-24,Female,Midwest,Vegan,36.64,5.53,85.07
55+,Female,Midwest,Vegetarian,20.54,6.33,42.45
35-44,Male,Southeast,Vegan,23.78,9.96,63.25
18-24,Female,Midwest,Omnivore,29.95,5.78,49.87
25-34,Female,Southeast,Vegan,35.62,4.83,32.05
25-34,Female,West,Omnivore,30.23,8.06,80.92
35-44,Male,Midwest,Keto,21.94,8.34,90.13
25-34,Male,Northeast,Keto,29.88,5.31,54.09
55+,Male,West,Keto,21.29,8.22,32.2
45-54,Female,Northeast,Vegetarian,24.73,9.2,85.66
35-44,Female,Midwest,Keto,24.65,5.43,92.1
45-54,Male,Northeast,Vegan,21.51,9.03,77.68
55+,Male,Midwest,Vegan,37.07,5.06,78.96
55+,Male,West,Omnivore,38.94,9.25,76.04
35-44,Male,Southwest,Vegan,40.38,9.9,75.65
18-24,Male,Northeast,Vegan,33.09,4.79,31.53
55+,Male,Midwest,Vegetarian,23.76,5.9,32.04
18-24,Female,Southeast,Vegan,17.81,7.8,67.75
35-44,Female,West,Vegan,22.14,7.34,53.23
35-44,Male,Southeast,Vegetarian,27.77,9.03,69.29
45-54,Male,Southwest,Vegetarian,34.61,7,47.81
55+,Female,Northeast,Omnivore,18.77,7.89,43.42
18-24,Female,Southwest,Omnivore,16.26,4.6,46.8
55+,Female,West,Vegan,38.86,6.7,68.04
55+,Male,Southeast,Vegan,37.16,7.77,71.3
35-44,Male,Southwest,Omnivore,21.18,8.82,43.55
55+,Male,Northeast,Omnivore,26.77,5.91,51.35
55+,Female,Southwest,Vegan,38.94,4.98,59.53
45-54,Male,West,Omnivore,36.37,4.09,89.91
45-54,Male,Midwest,Omnivore,37.86,9.29,58.61
55+,Female,Northeast,Vegan,23.13,5.92,99.68
55+,Male,Midwest,Keto,28.04,7.02,58.12
25-34,Male,Midwest,Vegetarian,25.7,8.99,79.18
35-44,Male,Midwest,Vegan,26.46,5.47,98
55+,Male,West,Omnivore,39.85,8.72,69.17
18-24,Male,Midwest,Vegan,18.18,5.76,47.35
35-44,Male,Northeast,Keto,33.57,8.1,38.89
25-34,Female,West,Keto,34.47,7.31,97.32
55+,Female,Midwest,Vegetarian,25.99,8.62,34.65
35-44,Female,Northeast,Keto,31.34,7.93,42.53
25-34,Female,Southeast,Keto,22.49,6.99,31.65
45-54,Male,Northeast,Keto,16.31,9.71,55.28
18-24,Male,Midwest,Vegetarian,24.28,6.33,94.74
18-24,Female,Southwest,Omnivore,31.2,5.5,43.56
45-54,Male,Midwest,Vegetarian,19.64,4.41,94.65
35-44,Male,West,Vegan,40.3,7.4,61.29
45-54,Male,Southeast,Vegetarian,35.1,7.83,58.66
18-24,Male,Midwest,Vegetarian,22.38,6.81,82.89
18-24,Male,Southeast,Keto,23.93,9.88,35.56
35-44,Male,Midwest,Keto,25.44,4.21,48.43
18-24,Male,West,Keto,30.56,8.52,67.3
18-24,Female,Southeast,Omnivore,19.47,6.86,88.57
35-44,Male,West,Vegan,20.81,9.5,75.76
55+,Male,West,Vegan,20.21,9.72,73.74
35-44,Female,Southwest,Vegan,16.43,6.73,53.27
35-44,Female,Northeast,Vegetarian,33.62,9.67,85.71
35-44,Female,West,Omnivore,17.79,9.94,84.73
25-34,Male,Midwest,Keto,35.93,6.11,68.93
55+,Female,Southwest,Vegetarian,20.37,4.84,39.66
25-34,Female,Southwest,Vegan,33.98,5.07,64.66
18-24,Male,Northeast,Keto,29.02,8.9,42.49
35-44,Female,Southeast,Vegetarian,32.65,6.36,98.18
45-54,Male,Northeast,Omnivore,22.47,7.07,67.23
25-34,Male,West,Omnivore,22.37,6.39,88.74
55+,Male,West,Vegan,30.6,9.85,91.44
55+,Male,West,Vegan,24.34,7.65,74.97
35-44,Male,West,Keto,24.37,4.57,53.02
25-34,Female,Southwest,Omnivore,38.11,7.14,68.91
35-44,Male,Midwest,Vegan,19.41,7.73,48.8
18-24,Male,Southwest,Vegan,28.92,7.33,85.75
45-54,Male,Southwest,Keto,17.99,4.41,47.96
25-34,Male,Midwest,Vegan,36.66,5.64,58.27
25-34,Female,West,Vegan,35.65,4.02,36.04
45-54,Male,Northeast,Vegan,41.14,5.3,83.85
45-54,Male,Midwest,Vegetarian,23.8,5.23,51.68
55+,Male,Southwest,Vegan,19.77,9.03,30.89
45-54,Male,West,Keto,20.62,9.81,90.6
35-44,Female,Southwest,Vegan,37.47,5.32,57.83
55+,Male,Northeast,Keto,16.05,6.6,95.23
25-34,Female,Northeast,Vegetarian,30.29,7.17,87.77
55+,Male,Northeast,Keto,21.63,7.44,75.18
25-34,Female,Southwest,Omnivore,32.6,5.03,69.89
25-34,Female,Midwest,Omnivore,32.49,5.06,62.9
45-54,Male,Southwest,Vegan,21.79,8.12,69.6
55+,Female,Southwest,Vegan,31.53,4.67,67.87
25-34,Male,Southwest,Vegan,21.47,6.66,43.88
45-54,Male,Midwest,Omnivore,17.48,5.91,50.84
45-54,Male,Northeast,Vegetarian,31.88,6.32,95.67
35-44,Female,West,Keto,39.14,5.03,76.32
35-44,Male,Southeast,Vegetarian,28.2,7.89,79.03
55+,Female,West,Omnivore,35.29,5.9,94.19
18-24,Female,Midwest,Keto,23.83,6.45,99.89
55+,Female,Southwest,Vegan,29.55,5.21,39.12
55+,Male,Midwest,Keto,19.55,8.51,83.63
18-24,Male,Northeast,Keto,41.45,9.93,84.53
18-24,Female,Southeast,Omnivore,40.57,6.05,85.41
35-44,Female,Midwest,Keto,20.54,4.82,37.47
55+,Female,Northeast,Vegetarian,33.5,8.17,92.74
35-44,Female,Midwest,Vegan,26.6,8.57,80.95
55+,Female,Southwest,Keto,28.94,7.98,87.06
45-54,Male,Midwest,Keto,37.35,4.27,61.86
55+,Female,Southeast,Omnivore,32.73,9.72,49.22
18-24,Male,Northeast,Vegetarian,31.68,8.98,90.22
35-44,Male,Northeast,Keto,22.47,5.44,33.77
45-54,Female,West,Keto,31.5,9.42,93.14
55+,Male,Southeast,Keto,18.88,4.98,38.72
18-24,Male,Southeast,Keto,20.45,7.84,52.66
45-54,Female,Southeast,Keto,26.9,5.62,78.11
18-24,Male,Northeast,Vegan,32.6,4.71,33.84
25-34,Female,Midwest,Vegan,21.02,4.05,47.96
45-54,Female,Southwest,Vegan,29.36,5.87,74.78
35-44,Male,Southeast,Vegan,22.58,7.6,41.99
25-34,Female,Southwest,Omnivore,32.43,6.65,71.85
35-44,Female,Midwest,Keto,38.14,4.56,57.74
25-34,Male,Midwest,Keto,17.27,4.43,92.57
45-54,Female,Southeast,Omnivore,26.78,5.5,66.37
18-24,Male,Midwest,Vegetarian,31.29,4.83,54.64
55+,Female,Northeast,Keto,16.02,7.86,42.22
45-54,Female,Northeast,Omnivore,26.12,9.2,58.92
55+,Female,Southwest,Vegan,21.48,9.95,96.46
18-24,Female,Southeast,Omnivore,28.39,5.09,30.81
18-24,Male,Midwest,Vegan,36.33,5.17,90.78
35-44,Male,Southeast,Keto,30.72,6.47,57.52
35-44,Female,Southwest,Vegetarian,21.36,9.39,66.45
45-54,Female,Midwest,Vegan,28.85,4.84,55.54
55+,Male,Southwest,Vegan,25.35,9.96,38.58
35-44,Male,Northeast,Vegetarian,30.41,4.87,72.14
45-54,Female,Southeast,Keto,21.92,5.51,94.57
18-24,Female,Southeast,Omnivore,16.38,8.21,43.2
18-24,Female,Midwest,Vegetarian,32.77,4.64,58.47
45-54,Female,Southeast,Vegan,38.13,8.84,90.12
55+,Male,Northeast,Keto,38.6,8.42,50.9
35-44,Male,Midwest,Keto,31.27,5.15,45.72
25-34,Male,Midwest,Keto,33.74,5.63,41.45
55+,Female,Southeast,Vegan,22.56,4.38,86.48
45-54,Male,Southeast,Keto,26.41,4.39,63.32
18-24,Female,Midwest,Vegan,20.29,7,53.21
25-34,Male,West,Keto,37.91,4.78,79.33
45-54,Female,Northeast,Vegan,20.27,5.42,96.45
18-24,Female,West,Omnivore,25.28,4.78,91.65
18-24,Female,Midwest,Keto,30.72,9.69,45.53
25-34,Female,Southwest,Vegan,36.17,4.71,56.49
45-54,Female,West,Vegetarian,31.58,7.85,93.87
45-54,Female,Midwest,Vegetarian,17.21,8,62.35
25-34,Female,West,Keto,30.78,6.54,91.48
25-34,Female,Midwest,Keto,16.84,4.6,84.35
35-44,Male,Southeast,Omnivore,20.31,5,48.6
18-24,Female,Northeast,Vegetarian,26.65,4.41,30.93
25-34,Male,West,Vegetarian,29.1,4.85,77.19
35-44,Male,Northeast,Vegan,22.76,4.4,66.79
18-24,Female,Southeast,Keto,39.56,5.67,60.46
55+,Male,Midwest,Vegan,26.95,4.3,60.88
25-34,Female,West,Vegetarian,24.22,5.89,74.81
25-34,Male,Southeast,Vegan,30.48,6.06,90.41
18-24,Male,Southeast,Vegetarian,21.03,8.97,55.19
18-24,Male,West,Keto,25.31,7.6,34.76
18-24,Male,West,Keto,22.36,6.91,68.43
45-54,Female,Midwest,Keto,39.21,6.61,78.04
25-34,Female,Southwest,Keto,38.79,9.1,58.07
25-34,Male,Midwest,Vegetarian,31.83,5.29,46.3
35-44,Male,Southeast,Omnivore,31.37,8.08,65.36
35-44,Male,Southwest,Vegetarian,26.68,9.48,87.7
45-54,Female,Midwest,Omnivore,31.31,7.32,62.43
35-44,Male,Southeast,Vegetarian,35.75,7.17,85.74
55+,Male,Southeast,Omnivore,38.2,9.66,35.22
25-34,Male,Northeast,Omnivore,18.81,4.96,67.28
18-24,Male,Northeast,Vegetarian,35.45,8.16,73.06
35-44,Male,Southwest,Keto,34.49,8.23,92.61
45-54,Male,Midwest,Vegetarian,35.51,7.87,50.99
25-34,Male,Midwest,Keto,24.11,7.42,47.3
35-44,Male,Southeast,Keto,41.26,9.43,93.71
25-34,Male,Northeast,Keto,21.67,4.59,69.33
25-34,Male,Northeast,Omnivore,33.77,4.69,87.68
18-24,Male,Southwest,Vegetarian,32.01,6.19,87.17
18-24,Female,Northeast,Keto,18.83,8.96,78.62
45-54,Female,Southeast,Vegan,20.74,9.85,61.43
35-44,Male,West,Keto,24.18,8.72,98.61
45-54,Male,Midwest,Omnivore,37.58,4.39,67.48
35-44,Male,Southwest,Omnivore,35,5.9,75.27
18-24,Female,Southeast,Keto,16.49,9.41,66.31
55+,Female,Southwest,Vegan,41.37,8.97,35.54
35-44,Male,Northeast,Omnivore,17.39,6.32,56.19
25-34,Male,Midwest,Vegetarian,16.01,9.15,91.82
25-34,Male,Southeast,Omnivore,24.99,5.67,34.51
18-24,Female,Northeast,Vegetarian,27.55,5.48,92.45
25-34,Male,Northeast,Vegan,39.17,4.46,89.21
18-24,Female,Northeast,Vegetarian,28.52,7.73,75.6
45-54,Male,Southeast,Omnivore,40.72,4.24,43.35
55+,Female,Southeast,Omnivore,31.13,4.14,88.49
25-34,Male,Southeast,Omnivore,38.74,6.24,72.59
18-24,Female,Southwest,Keto,24.21,5.69,82.88
45-54,Male,Midwest,Vegetarian,24.72,6.42,56.25
45-54,Female,West,Vegetarian,27.59,9.82,73.55
25-34,Female,Northeast,Vegetarian,17.75,5.77,41.33
35-44,Female,Midwest,Omnivore,23.29,4.64,46.49
55+,Male,Southwest,Vegan,35.48,6.9,87.25
35-44,Male,West,Vegetarian,36.16,6.37,37.17
25-34,Female,Southwest,Keto,25.82,7.1,30.07
18-24,Male,Southeast,Vegetarian,40.81,4.02,53.2
18-24,Female,Northeast,Keto,28.04,9.13,35.44
55+,Male,Southwest,Vegan,17.73,9.46,72.97
55+,Male,Midwest,Vegetarian,35.6,8.33,90.29
45-54,Male,West,Keto,30.46,4.61,93.23
45-54,Female,Midwest,Keto,19.59,4.9,38.6
35-44,Male,Southwest,Vegan,36.67,5.8,90.99
35-44,Male,Southwest,Vegan,22.2,9.18,33.64
45-54,Female,Southwest,Vegetarian,22.73,9.96,31.81
55+,Female,Northeast,Keto,38.16,9.35,86.4
25-34,Male,West,Keto,31.08,4.99,65.04
35-44,Female,Midwest,Vegetarian,20.45,4.17,73.64
18-24,Female,Southeast,Vegan,25.81,9.2,55.45
55+,Female,Southwest,Vegetarian,31.98,6.26,83.88
35-44,Male,Northeast,Keto,38.97,8.44,36.08
25-34,Male,Southeast,Vegan,22.93,4.26,77.9
55+,Male,Northeast,Vegetarian,34.1,5.36,59.66
35-44,Male,Southwest,Omnivore,30.57,9.72,39.7
45-54,Male,Midwest,Vegetarian,41.84,9.34,75.81
35-44,Male,West,Keto,23.7,5.73,80.63
25-34,Female,Northeast,Keto,25.59,5.86,56.57
18-24,Female,Midwest,Omnivore,33.97,8.54,68.19
35-44,Male,Southwest,Omnivore,35.78,5.64,44.35
18-24,Male,Southwest,Vegetarian,19.25,7.98,31
35-44,Male,Northeast,Vegetarian,32.01,8.89,54.55
55+,Male,Southeast,Vegan,24.45,4.11,99.18
45-54,Female,Midwest,Keto,33.51,7.83,91.73
45-54,Female,Southeast,Vegetarian,18.35,4.72,92.96
18-24,Female,Southeast,Vegan,34.37,5.29,79.04
35-44,Female,Midwest,Vegan,27.63,7.3,39.27
35-44,Male,Southwest,Omnivore,31.27,4.32,89.92
35-44,Female,West,Keto,18.65,6.88,38.74
45-54,Female,Northeast,Keto,19.43,5.72,97.65
35-44,Female,West,Keto,25.2,8.99,84.71
35-44,Male,Southeast,Vegan,41.84,4,85.97
55+,Male,Southwest,Omnivore,20.27,9.91,52.73
25-34,Female,Southwest,Vegetarian,18.82,7.64,94.87
35-44,Female,West,Vegetarian,34.19,6,62.48
35-44,Male,Southwest,Vegan,23.17,7.69,42.08
55+,Male,Northeast,Keto,41.38,7.95,78.3
25-34,Female,Southwest,Keto,40.35,9.35,37.88
35-44,Male,Midwest,Vegan,41.85,9.8,48.36
18-24,Female,Northeast,Keto,33.69,5.78,41.11
55+,Female,Southeast,Vegan,34.88,9.33,41.58
55+,Male,West,Omnivore,20.4,8.11,99.85
45-54,Male,Southeast,Vegan,39.87,8.88,82.77
25-34,Female,Northeast,Keto,40.27,5.11,89.31
35-44,Female,West,Omnivore,30.46,4.91,32.96
35-44,Female,Southwest,Keto,28.5,7.37,46.69
18-24,Female,West,Omnivore,27.23,9.48,88.95
25-34,Female,Northeast,Keto,23.81,9.78,40.15
45-54,Female,West,Vegetarian,17.3,7.73,77.33
55+,Male,Southeast,Keto,38.36,4.72,41.66
35-44,Female,Midwest,Vegan,37.08,9.94,31.9
55+,Male,Midwest,Omnivore,22.3,4.14,44.79
45-54,Male,Southeast,Vegan,26.25,6.29,51.21
45-54,Male,Northeast,Vegetarian,16.18,5.72,96.05
45-54,Male,Southwest,Omnivore,16.75,4.85,78.18
55+,Male,Northeast,Keto,35.64,8.22,57.75
18-24,Female,Southeast,Vegan,35.62,7.43,70.54
45-54,Male,Southeast,Vegetarian,28.86,9.3,81.94
18-24,Female,Southeast,Vegetarian,25.78,9.83,76.92
35-44,Male,Northeast,Vegan,19.34,8.02,79.36
18-24,Female,Northeast,Keto,27.25,6.98,89.55
18-24,Female,West,Keto,19.07,6.73,80.33
25-34,Male,West,Vegan,16.89,4.29,83.02
45-54,Male,Southwest,Vegetarian,37.2,6.93,85.96
18-24,Male,West,Keto,37.95,6.41,52.77
35-44,Male,Southwest,Keto,41.82,9.06,84.17
55+,Male,Southwest,Vegan,31.38,5.36,78.54
45-54,Female,Midwest,Vegetarian,17.74,5.54,54.08
35-44,Female,Southwest,Keto,36.8,4.88,64.41
35-44,Male,West,Vegetarian,20.99,9.24,84.89
25-34,Female,Northeast,Omnivore,30.16,9.62,66.39
55+,Female,West,Keto,23.53,4.27,61.41
35-44,Female,West,Vegetarian,18.92,10,72.96
35-44,Female,Southeast,Vegan,27.48,7.55,37.2
55+,Male,Northeast,Vegan,32.42,6.83,78.36
18-24,Male,Southwest,Vegetarian,37.9,8.68,55.06
45-54,Female,Southeast,Vegan,24.27,6.26,99.31
35-44,Female,West,Keto,20.76,7.26,87.76
45-54,Female,Midwest,Omnivore,27.04,6.02,81.12
18-24,Female,Southwest,Vegetarian,26.93,8.83,72.2
25-34,Male,Northeast,Omnivore,38.73,6.64,38.38
25-34,Female,Southwest,Vegetarian,36.42,5.94,85.71
25-34,Female,West,Vegetarian,38.23,7.44,85.26
55+,Male,Southeast,Keto,34.04,9.6,70.18
35-44,Female,Southeast,Vegetarian,39.79,6.23,58.01
55+,Male,Southeast,Keto,28.92,9.66,69.4
18-24,Female,Northeast,Keto,29.67,4.56,49.84
25-34,Male,West,Omnivore,17.76,7.14,36.12
45-54,Male,Southeast,Vegetarian,19.86,6.29,49.93
35-44,Male,Northeast,Omnivore,36.42,9.36,80.56
25-34,Female,West,Vegetarian,39.05,8.95,51.14
45-54,Male,West,Omnivore,32.55,6.78,71.97
45-54,Female,Southeast,Vegan,18.43,8.68,78.09
45-54,Male,Midwest,Keto,21.82,4.61,84.17
25-34,Female,Northeast,Omnivore,30.36,5.26,90.66
55+,Male,Southwest,Keto,20.78,4.14,46.02
35-44,Female,Southwest,Keto,32.09,7.32,50.43
25-34,Female,Northeast,Omnivore,29.53,4.44,49.41
25-34,Male,Southeast,Vegetarian,30.76,7.48,62.05
18-24,Male,Southeast,Vegetarian,34.81,7.88,65.44
25-34,Male,Southwest,Vegetarian,40.08,7.07,38.62
45-54,Male,Southeast,Omnivore,39.01,9.67,64.56
55+,Male,Southeast,Vegetarian,28.47,7.04,33.8
25-34,Male,Midwest,Vegan,34.11,4.9,47.42
35-44,Female,Northeast,Vegan,37.76,8,85.8
45-54,Female,Northeast,Vegan,38.85,4.7,48.42
25-34,Male,Southeast,Keto,37.67,4.49,41.99
25-34,Female,Northeast,Keto,27.99,9.51,76.08
55+,Female,Southeast,Omnivore,41.04,9.28,53.75
55+,Male,Northeast,Keto,22.38,4.58,68.1
55+,Male,Southeast,Omnivore,17,9.62,45.48
25-34,Female,Southwest,Keto,32.66,5.23,67.82
18-24,Male,Southeast,Vegan,27.65,5.05,49.37
18-24,Male,West,Keto,36.8,4.07,38.81
55+,Male,Northeast,Vegan,16.09,8.87,38.42
35-44,Male,West,Omnivore,16.56,9.98,83.89
35-44,Female,Southwest,Vegan,28.72,5.51,90.94
55+,Female,Northeast,Vegetarian,34.3,4.84,55.69
55+,Female,Southeast,Vegetarian,23.79,4.09,40.11
18-24,Female,Southeast,Omnivore,23.47,7.45,92.5
18-24,Male,West,Omnivore,26.17,7.78,47.36
35-44,Male,West,Vegan,30.6,6.64,30.09
35-44,Male,West,Vegan,29.15,5.65,52.63
35-44,Female,Midwest,Keto,41.7,4.85,63.31
18-24,Male,Southwest,Keto,27.31,5.2,59.93
18-24,Female,Southwest,Vegetarian,24.28,9.79,35.14
35-44,Male,Southwest,Omnivore,35.93,8.82,78.84
45-54,Female,Midwest,Omnivore,31.2,7.79,98.14
55+,Female,West,Vegetarian,38.76,4.63,71.54
45-54,Female,Southeast,Vegan,16.25,9.25,58.65
25-34,Male,Southwest,Vegetarian,31.65,9.56,59.06
35-44,Male,West,Vegetarian,18.98,6.93,73.06
35-44,Female,West,Vegan,23.63,8.84,74.32
55+,Female,Southwest,Vegetarian,24.36,4.65,51.17
35-44,Male,West,Vegan,39.01,7.89,78.39
35-44,Female,West,Vegan,24.45,4.62,35.85
35-44,Male,Northeast,Omnivore,18.38,6.22,75.53
55+,Male,Midwest,Vegan,38.58,6.02,57.79
55+,Female,Northeast,Vegetarian,17.1,8.63,81.07
55+,Male,Northeast,Keto,22.66,9.82,63.43
35-44,Male,Southwest,Vegetarian,20.52,7.33,56.84
25-34,Female,Northeast,Vegan,17.81,9.26,60.77
18-24,Male,Northeast,Omnivore,25.03,7.42,98.25
18-24,Male,West,Omnivore,28.89,4.97,51.39
35-44,Female,Southeast,Vegan,34.42,5.26,55.6
45-54,Female,Midwest,Vegan,19.98,8.85,79.92
18-24,Male,Southwest,Keto,28.63,7.47,90.5
55+,Male,West,Vegetarian,38.06,7.35,69.74
18-24,Male,Northeast,Keto,39.47,7.42,90.96
55+,Female,Midwest,Omnivore,40.62,8.89,72.09
18-24,Female,Southeast,Omnivore,19.84,8.63,93.62
18-24,Male,Midwest,Keto,26.02,6.19,83.88
25-34,Female,Southeast,Omnivore,39.28,5.13,71.81
18-24,Male,Northeast,Vegan,21.57,6.27,58.41
45-54,Female,Northeast,Vegan,25.74,9.05,35.88
45-54,Male,Southeast,Omnivore,23.6,9.66,55.89
55+,Female,Southwest,Omnivore,39.48,6.38,63.91
55+,Male,Southeast,Keto,29.41,9.84,71.52
45-54,Male,Southwest,Keto,34.29,4.36,68.67
45-54,Female,Northeast,Omnivore,27.39,4.07,51.62
45-54,Male,Southeast,Vegan,24.77,6.95,56.82
25-34,Male,Midwest,Vegetarian,41.19,8.2,79.34
18-24,Female,Southwest,Omnivore,38.98,8.68,35.01
18-24,Female,Midwest,Vegetarian,24.67,5.02,54.71
55+,Female,Northeast,Vegan,17.01,8.71,93.28
55+,Female,Northeast,Vegetarian,18.98,8.85,44.07
55+,Female,Southeast,Vegan,36.17,8.63,81.75
55+,Male,Northeast,Keto,20.64,9.51,74.85
45-54,Male,Southeast,Vegan,22.01,8.79,98.95
18-24,Female,Southeast,Vegan,26.05,4.44,36.03
25-34,Male,West,Omnivore,40.93,6.77,73.97
18-24,Female,West,Omnivore,40.12,4.79,86.04
25-34,Female,Southeast,Omnivore,28.98,8.27,57.14
25-34,Male,Northeast,Vegan,37.64,7.96,76.14
55+,Female,West,Keto,39.41,7.53,87.47
45-54,Male,Northeast,Vegan,18.95,7.28,47.11
45-54,Female,Northeast,Vegan,27.32,6.89,90.11
35-44,Female,Midwest,Vegan,23.97,6.18,45.4
45-54,Female,Northeast,Vegetarian,37.41,8.68,83.06
45-54,Male,West,Keto,25.39,7.72,87.57
35-44,Female,Southeast,Vegan,29.08,7.8,43.87
35-44,Male,Southwest,Keto,23.01,7.6,38.07
55+,Female,Northeast,Vegan,29.66,7.04,73.48
18-24,Female,West,Vegetarian,23.2,9.9,91.23
35-44,Female,West,Vegan,18.28,5.27,46.59
25-34,Female,West,Vegan,31.17,7.42,30.26
45-54,Male,Northeast,Vegetarian,31.94,6.93,79.73
45-54,Male,Midwest,Vegan,17.53,8.19,83.64
18-24,Female,West,Omnivore,28.2,6.48,85.48
18-24,Male,Southeast,Omnivore,28.04,7.67,54.32
35-44,Female,Southeast,Vegetarian,35.55,4.67,66.96
18-24,Female,Northeast,Keto,40.81,7.16,89.84
35-44,Female,Northeast,Keto,34.61,5.2,38.84
18-24,Female,Midwest,Keto,22.96,4.51,93.49
45-54,Male,Northeast,Omnivore,19.02,6.28,54.85
55+,Female,Northeast,Keto,29.75,7.28,48.91
55+,Female,Southwest,Vegetarian,21.75,5.43,34.01
35-44,Male,Northeast,Vegetarian,17.03,8.69,78.85
18-24,Female,Southeast,Keto,23.44,6.06,30.75
25-34,Female,Northeast,Vegetarian,21.65,7.29,83.97
35-44,Female,Midwest,Vegetarian,24.18,9.8,74.46
35-44,Male,Southwest,Keto,26.88,7.41,64.45
55+,Female,Northeast,Keto,31.15,6.9,34.2
55+,Female,Southeast,Vegan,32.24,5.28,40.42
25-34,Female,Southwest,Omnivore,28.94,9.18,81.69
55+,Female,Southeast,Vegan,32.82,5.97,40.57
55+,Female,Northeast,Omnivore,39.9,6.29,65.99
45-54,Female,Southwest,Omnivore,27.18,7.16,69.37
35-44,Female,West,Keto,29.95,4.99,35.97
18-24,Female,Southeast,Vegetarian,28.46,8.97,37.64
55+,Male,Southeast,Omnivore,20.66,5.45,50.28
35-44,Female,Midwest,Keto,27.57,8.41,85.23
45-54,Male,Midwest,Keto,35.4,4.95,83.34
35-44,Female,Northeast,Omnivore,22.44,7.85,58.96
55+,Male,Southwest,Vegetarian,37.2,7.96,71.41
45-54,Female,Midwest,Vegetarian,24.49,8.49,48.79
18-24,Male,Midwest,Vegetarian,37.56,5.41,50.48
25-34,Female,Southeast,Vegan,18.27,8.42,86.06
25-34,Male,Midwest,Vegetarian,20.17,7.25,37.09
45-54,Male,Midwest,Keto,35.5,7.9,68.65
35-44,Male,Southwest,Vegetarian,31.98,9.82,88.82
25-34,Female,Northeast,Vegan,36.05,9.59,38.22
55+,Female,Southeast,Vegan,39.75,6.8,92.1
45-54,Male,Midwest,Vegetarian,39.11,4.5,98.88
55+,Female,Southeast,Vegan,34.11,7.12,79.36
35-44,Female,Southeast,Keto,36.47,4.63,47.94
55+,Female,Northeast,Keto,24.51,5.27,54.72
45-54,Female,West,Vegetarian,30.08,7.34,70.69
55+,Female,West,Keto,19.63,6.47,59
45-54,Female,Midwest,Vegan,40.92,8.23,62.73
18-24,Female,Southeast,Vegan,20.8,5.63,42.09
18-24,Male,Northeast,Omnivore,20.27,4.67,90.92
35-44,Female,Southeast,Keto,17.07,5.97,73.37
55+,Male,Midwest,Vegan,26.32,7.14,42.55
18-24,Male,Midwest,Keto,38.78,4.06,46.34
18-24,Female,Southeast,Vegetarian,23.75,7.56,53.72
45-54,Male,Southeast,Vegan,22.03,4.73,42.2
55+,Female,Southwest,Keto,33.74,5.98,31.32
45-54,Male,Southwest,Vegan,26.9,6.71,30.67
45-54,Male,Southwest,Vegan,31.14,6.54,35.03
18-24,Male,Northeast,Omnivore,21.26,7.74,50.38
55+,Female,Midwest,Vegan,23.01,8.18,55.11
55+,Female,Southeast,Omnivore,28.67,6.37,59.44
35-44,Female,Southwest,Omnivore,40.2,7.18,54.69
45-54,Male,West,Keto,37.81,4.13,37.15
45-54,Female,West,Vegetarian,17.05,4.8,75.79
18-24,Male,Southeast,Vegan,35.06,7.43,69.74
25-34,Female,Southwest,Vegetarian,19.7,7.76,87.17
35-44,Female,West,Vegetarian,30.48,4.35,75.01
35-44,Male,Northeast,Vegan,31.87,8.9,33.02
45-54,Male,Southeast,Vegetarian,37.44,4.71,60.81
45-54,Female,Southeast,Vegan,23.33,7.98,76.84
25-34,Female,Southeast,Vegan,25.13,6.22,46.15
45-54,Male,Midwest,Omnivore,36.82,9.7,53.3
55+,Male,West,Omnivore,34.89,7.89,55.86
35-44,Female,Northeast,Omnivore,19.05,5.48,42.3
55+,Male,Southwest,Omnivore,39.31,7.58,66.14
18-24,Female,Southwest,Vegan,25.66,4.03,77.73
55+,Female,West,Vegetarian,38.22,8.73,50.2
35-44,Male,Midwest,Omnivore,21.02,4.66,57.42
18-24,Male,Midwest,Vegetarian,24.96,4.48,76.52
18-24,Male,Southwest,Vegetarian,40.01,6.05,64.1
45-54,Female,Midwest,Vegetarian,37.33,9.03,51.46
55+,Male,Southwest,Vegetarian,21.63,7.81,53.63
25-34,Male,Southwest,Vegetarian,31.95,4.5,97.72
35-44,Male,Southeast,Omnivore,22.81,6.2,59.43
25-34,Female,Southwest,Keto,22.77,7.43,70.94
18-24,Male,West,Vegetarian,29.15,7.74,80.36
55+,Male,West,Vegetarian,16.13,9.5,86.68
25-34,Male,Southwest,Omnivore,34.44,9.7,56.82
25-34,Male,West,Vegan,40.72,9.5,95.82
55+,Male,Midwest,Vegetarian,36.69,9.58,58.74
35-44,Female,Midwest,Vegan,18.19,9.71,41.02
35-44,Female,Northeast,Omnivore,31.08,5.02,95.95
25-34,Male,Southwest,Vegan,23.24,7.96,32.85
25-34,Male,Midwest,Omnivore,31.25,5.79,71.71
35-44,Female,Midwest,Vegetarian,32.76,6.46,54.85
45-54,Male,West,Keto,17.21,7.42,31.27
55+,Female,West,Vegan,36.07,9.59,65.34
45-54,Female,Northeast,Omnivore,39.83,5.77,97.22
25-34,Male,Southwest,Vegetarian,37.64,9.09,49.96
25-34,Female,West,Vegetarian,19.23,7.23,66.49
45-54,Female,Southeast,Vegan,35.67,9.07,34.25
45-54,Female,Southeast,Keto,23.74,5.61,67.64
55+,Female,Midwest,Vegan,32.9,8.88,58.35
45-54,Male,West,Vegetarian,36.04,8.35,57.16
18-24,Male,West,Vegetarian,25.03,9.42,94.63
45-54,Male,Midwest,Keto,27.09,4.47,81.77
45-54,Female,Southwest,Vegetarian,35.06,8.48,77.27
45-54,Male,Northeast,Vegetarian,32.15,7.39,65.3
18-24,Male,Northeast,Vegan,30.08,6.35,92.08
45-54,Male,Midwest,Omnivore,40.56,9.42,32.1
35-44,Female,Southeast,Vegan,20.14,4.04,72.24
18-24,Female,Southeast,Vegan,41.78,9.2,51.55
18-24,Male,Southwest,Omnivore,25.39,4.48,64.15
18-24,Female,Southeast,Vegetarian,27.64,7.87,90.84
55+,Female,Southeast,Omnivore,30.35,5.53,90.65
45-54,Female,Southwest,Omnivore,24.88,6.32,59.79
45-54,Male,Southwest,Omnivore,31.48,6.8,32.11
45-54,Female,West,Omnivore,17.17,4.57,73.98
55+,Female,Northeast,Vegetarian,41.29,5.3,39.71
25-34,Male,Southeast,Vegetarian,40.45,4.01,83.77
45-54,Female,West,Keto,30.29,9.41,73.23
45-54,Male,Midwest,Keto,17.59,4.15,60.69
25-34,Female,Southwest,Omnivore,31.28,7.26,70.71
25-34,Male,Northeast,Keto,35.65,5.43,67.87
55+,Male,Southeast,Vegetarian,24.41,4.45,32.6
18-24,Female,Northeast,Keto,38.59,8.34,96.12
45-54,Male,West,Keto,28.54,4.04,93.5
35-44,Female,Southeast,Omnivore,20.98,8.58,60.46
35-44,Male,West,Keto,30.05,9.21,31.02
18-24,Female,West,Omnivore,18.2,7.17,43.35
55+,Male,Southwest,Vegetarian,35.98,8.76,86.24
55+,Female,Midwest,Omnivore,37.69,4.8,61.56
18-24,Male,Southeast,Omnivore,20.21,4.82,30.46
25-34,Female,Southwest,Vegetarian,37.46,7.3,34.78
35-44,Female,West,Vegan,29.54,9.78,78.06
45-54,Female,Southwest,Omnivore,29.59,9.42,83.57
25-34,Male,West,Vegetarian,21.17,5.35,53.17
18-24,Male,Northeast,Vegetarian,16.22,4.88,73.65
18-24,Female,Northeast,Keto,23.55,6.82,67.25
35-44,Male,Southeast,Keto,17.18,4.33,76.08
35-44,Male,West,Keto,34.92,7.72,93.58
45-54,Female,Southwest,Omnivore,33.45,9.1,92.33
45-54,Male,West,Vegetarian,20.22,5.58,80.3
25-34,Female,Northeast,Vegan,27.82,7.35,79.19
55+,Female,Northeast,Omnivore,41.01,4.6,31.06
18-24,Male,Midwest,Keto,27.84,7.45,35.07
55+,Female,West,Omnivore,30.22,9.93,62.58
25-34,Male,Southwest,Omnivore,20.46,9.28,67.59
18-24,Male,West,Keto,40.3,7.77,58.57
35-44,Male,Southeast,Vegetarian,36.47,7.59,66.42
45-54,Female,Southwest,Omnivore,35.87,7.18,30.68
25-34,Female,West,Omnivore,35.31,4.99,78.04
45-54,Female,Northeast,Vegetarian,40.88,6.65,93.3
45-54,Female,Southwest,Vegan,25.57,4.63,46.86
55+,Female,West,Omnivore,23.64,5.2,49.02
18-24,Male,Midwest,Omnivore,21.99,5.67,59.81
45-54,Female,Northeast,Omnivore,21,8.29,89.19
45-54,Male,Southwest,Vegan,20.65,9.68,86.73
55+,Male,Southwest,Omnivore,19.29,7.14,66.38
25-34,Female,Southwest,Omnivore,30.66,9.38,81.83
25-34,Female,Midwest,Omnivore,30.34,6.66,74.27
25-34,Female,Midwest,Keto,24.06,9.98,53.04
45-54,Male,Northeast,Vegan,38.28,4.61,71.13
55+,Female,Midwest,Vegan,38.24,7.52,85.3
18-24,Female,Northeast,Vegan,22.27,6.54,92.73
55+,Female,Southeast,Vegan,26.51,9.27,57.7
18-24,Female,Northeast,Vegetarian,35.02,6.03,94.78
45-54,Male,West,Vegetarian,24.47,8.49,40.85
18-24,Female,Southeast,Keto,26.38,5.52,71.73
55+,Female,Northeast,Omnivore,32.51,8.72,96.22
18-24,Female,Northeast,Omnivore,39.96,4.93,63.36
45-54,Male,Southeast,Omnivore,36.98,8.21,33.25
18-24,Male,West,Omnivore,16.99,8.42,33.93
55+,Female,Southeast,Omnivore,17.21,7.79,73.19
18-24,Female,Southwest,Vegetarian,19.1,4.95,73.75
35-44,Female,Midwest,Omnivore,19.63,8.75,45.04
55+,Male,West,Keto,25.12,8.71,43.13
18-24,Male,Southwest,Omnivore,26.57,4.96,42.17
55+,Female,Midwest,Keto,31.69,8.49,53.71
18-24,Female,Northeast,Vegan,26.86,7.44,89.21
18-24,Male,West,Vegetarian,38.22,5.79,67.2
55+,Male,West,Vegetarian,28.35,4.07,61.61
25-34,Male,Southwest,Omnivore,35.36,9.7,52.15
25-34,Male,Southwest,Keto,38.26,7.13,59.09
35-44,Female,West,Omnivore,21.47,6.39,34.64
18-24,Male,Southwest,Vegetarian,25.84,4.27,87.26
45-54,Female,Southeast,Keto,35.21,8.92,54.55
18-24,Male,Northeast,Vegetarian,17.34,8.67,36.76
45-54,Female,Southeast,Keto,17.99,9.55,93.63
25-34,Female,Southwest,Keto,19.87,9.28,54.35
55+,Male,Southwest,Omnivore,34.99,6.5,60.77
25-34,Male,Northeast,Omnivore,21.34,5.15,71.43
55+,Male,Southeast,Keto,20.7,9.71,76.99
35-44,Female,Southwest,Omnivore,16.68,7.75,57.25
45-54,Male,Southwest,Vegan,38.31,7.62,61.71
18-24,Female,Northeast,Vegetarian,39.98,4.84,77.73
55+,Male,West,Vegetarian,31.39,8.59,93.66
18-24,Male,Southwest,Vegan,35.5,4.34,78.03
35-44,Female,Northeast,Omnivore,30.58,5.96,66.49
25-34,Male,Northeast,Vegan,27.83,8.53,89.73
35-44,Male,Southeast,Omnivore,20.94,9.93,62.99
35-44,Male,Northeast,Omnivore,39.08,5.17,97.99
35-44,Male,Midwest,Vegetarian,30.28,6.31,86.99
18-24,Male,Southeast,Vegan,25.85,5.17,55.84
18-24,Female,West,Omnivore,37.01,4.17,74.21
45-54,Female,Southwest,Vegan,21.04,4.06,75.28
18-24,Female,Southeast,Vegetarian,36.03,5.2,72.66
35-44,Male,Southwest,Keto,29.39,9.09,33.82
55+,Female,Midwest,Keto,30.95,9.85,83.37
45-54,Female,Southeast,Vegetarian,40.54,6.18,31.76
25-34,Female,Northeast,Vegetarian,40.14,6.74,89.97
25-34,Male,Southwest,Vegetarian,37.46,9.32,98.31
55+,Female,Northeast,Keto,41.39,9.51,67.23
45-54,Female,Southwest,Vegetarian,21.5,4.35,77.25
55+,Male,Southwest,Vegetarian,37.88,6.4,77.77
45-54,Male,West,Omnivore,20.25,7.78,35.97
35-44,Female,Southwest,Vegan,36.95,4.91,47.41
18-24,Male,Southwest,Omnivore,33.26,7.57,97.7
35-44,Female,Southwest,Vegetarian,30.16,7.25,74.64
45-54,Female,Southwest,Vegan,29.07,9.02,56.32
25-34,Male,Southeast,Keto,37.9,9.5,67.17
55+,Female,Northeast,Keto,30.99,8.87,64.62
35-44,Female,Southwest,Vegan,19.51,4.72,81.03
45-54,Female,Southwest,Keto,31.34,4.88,50.91
35-44,Male,West,Vegan,23.86,9.85,76.44
45-54,Female,West,Vegetarian,35.19,8.43,83.27
18-24,Female,Southeast,Keto,29.13,6.85,83.05
45-54,Male,Northeast,Vegan,23.46,8.26,97.52
55+,Male,Northeast,Keto,21.69,8.71,52.3
55+,Female,Southwest,Omnivore,18.55,7.67,33.78
55+,Male,Southeast,Omnivore,25.63,5.39,97.93
45-54,Male,Southwest,Keto,21.34,8.83,92.11
45-54,Male,Southeast,Keto,26.71,8.92,50.75
55+,Female,Northeast,Vegetarian,16.91,4.15,61.14
18-24,Male,Southwest,Keto,39.08,5.95,61.09
35-44,Male,Southeast,Vegetarian,29.3,6.13,75.68
25-34,Female,Southwest,Vegetarian,40.58,5.79,97.79
18-24,Male,Southwest,Keto,17.2,9.25,83.4
55+,Female,Southeast,Keto,31.64,6.51,32.88
45-54,Female,Northeast,Keto,35.03,6.91,47.36
35-44,Female,West,Vegetarian,20.28,7.23,39.7
25-34,Female,Southeast,Omnivore,16.07,4.11,76.92
55+,Female,Southeast,Vegan,22.13,6.21,97.64
35-44,Male,Midwest,Keto,31.09,9.43,87.04
25-34,Male,Southeast,Vegan,39.04,5.99,50.54
18-24,Male,Southwest,Vegetarian,27.89,7.35,39.72
55+,Male,Southwest,Vegetarian,25.24,9.8,35.51
35-44,Male,Northeast,Keto,30.49,6.34,86.73
25-34,Female,Northeast,Keto,34.91,8.08,84.49
45-54,Male,Southeast,Vegetarian,27.66,5.64,32.16
35-44,Male,Southwest,Keto,41.17,7.31,78.18
55+,Female,Southeast,Vegan,30.8,4.67,66.01
18-24,Male,Northeast,Keto,17.47,7.72,41.54
45-54,Female,Northeast,Vegetarian,37.88,7.38,68.07
25-34,Female,Northeast,Omnivore,40.31,7.78,58.73
25-34,Female,Southwest,Vegetarian,24.55,9.12,74.74
18-24,Female,Midwest,Vegan,17.04,9.38,65.15
18-24,Male,West,Vegetarian,35.31,7.74,39.71
35-44,Male,West,Vegetarian,39.49,6.15,75.61
25-34,Female,Midwest,Vegan,34.38,5.3,56.84
35-44,Male,Southwest,Omnivore,19.83,8.71,82.79
35-44,Female,Midwest,Keto,41.35,7.76,52.93
55+,Male,West,Vegan,28.59,8.89,37.08
45-54,Female,West,Vegetarian,26.72,6.78,81.21
18-24,Female,Southwest,Vegan,18.94,4.74,40.27
45-54,Male,West,Keto,38.15,4.28,59.98
25-34,Female,Southwest,Vegetarian,19.95,4.87,78.1
35-44,Male,Southeast,Vegan,34.52,9.18,77.28
55+,Male,Southwest,Vegetarian,40.61,4.89,79.17
35-44,Female,Midwest,Omnivore,31.5,6.76,72.14
45-54,Female,Midwest,Vegan,37.44,7.6,32.36
45-54,Male,Midwest,Omnivore,35.72,5.47,31.63
35-44,Female,Northeast,Omnivore,28.23,9.2,53.58
18-24,Female,Southeast,Vegetarian,32.46,9.85,92.68
18-24,Female,West,Omnivore,22.52,4.36,58.84
25-34,Female,Northeast,Keto,20.52,4.99,62.73
35-44,Female,Southwest,Keto,25.56,7.93,37.29
45-54,Male,Southeast,Vegetarian,41.57,5.52,63.91
25-34,Female,Southwest,Vegetarian,32.89,5.8,46.48
18-24,Female,West,Omnivore,29.04,9.21,59.31
55+,Female,Southeast,Vegan,28.36,7.72,80.76
35-44,Male,Southeast,Omnivore,19.8,4.93,89.81
25-34,Female,Southwest,Omnivore,27.86,7.78,45.71
35-44,Female,Southwest,Omnivore,34.29,8.21,73.55
55+,Male,Northeast,Vegan,38.86,4.98,66.99
55+,Male,Southeast,Keto,29.94,4.81,99.23
35-44,Female,Northeast,Keto,36.64,4.07,30.38
45-54,Male,Southwest,Omnivore,33.29,5.02,56.83
45-54,Male,Northeast,Vegan,21.58,9.52,49.41
45-54,Male,West,Vegetarian,32.48,8.53,74.07
18-24,Female,Southeast,Vegan,19.16,6.77,84.25
18-24,Male,West,Vegetarian,37.68,6.85,38.48
45-54,Female,Southwest,Keto,27.13,8.96,42.35
45-54,Female,Northeast,Keto,24.3,7.45,80.97
35-44,Female,Northeast,Vegetarian,30,8.47,94.73
45-54,Female,Southeast,Vegan,31.27,6.64,42.12
55+,Female,Midwest,Keto,30.16,9.79,36.68
45-54,Female,Southwest,Keto,31.63,5.89,33.81
18-24,Female,Northeast,Omnivore,32.76,5.48,62.23
55+,Male,Southeast,Vegetarian,37.3,7.74,86.37
35-44,Female,Midwest,Omnivore,17.34,8.4,86.86
25-34,Male,Northeast,Omnivore,19.47,9.61,54.03
25-34,Female,Southeast,Vegan,32.13,9.26,73.05
55+,Female,Southeast,Keto,28.74,5.61,73.9
25-34,Male,Southeast,Vegetarian,27.2,5.56,85.54
25-34,Male,Southwest,Vegan,22.82,9.55,41.48
55+,Female,Northeast,Vegan,16.49,4.63,48.42
55+,Male,Southeast,Vegetarian,22.37,9.59,46.11
35-44,Male,Southwest,Omnivore,24.01,7.45,89.53
45-54,Male,Midwest,Keto,39.85,8.54,30.1
45-54,Male,West,Vegetarian,29.39,9.06,80.95
35-44,Female,Southeast,Omnivore,20.05,7.33,64.18
55+,Female,Midwest,Omnivore,17.26,7.06,31.6
35-44,Female,Midwest,Keto,33.78,7.9,56.46
55+,Male,Northeast,Keto,25.9,7.08,39.16
18-24,Female,Southeast,Vegetarian,19.43,5.58,78.24
35-44,Male,Midwest,Keto,25.33,8.59,85.36
35-44,Male,Northeast,Vegan,23.83,4.72,43.56
25-34,Female,Midwest,Keto,34.25,8.3,72.12
25-34,Female,Midwest,Vegetarian,34.07,9.58,31.59
45-54,Male,Northeast,Omnivore,29.2,7.5,39.52
25-34,Female,West,Omnivore,38.12,4.43,44.29
25-34,Male,West,Vegan,25.01,6.9,64.75
45-54,Female,Southwest,Keto,26.66,6.32,34.12
35-44,Female,West,Vegan,21.43,4.54,93.53
55+,Male,Southwest,Vegan,26.18,6.79,79.5
25-34,Male,Northeast,Vegan,39.15,7.66,79.47
35-44,Female,Southeast,Omnivore,31.73,6.22,91.48
55+,Female,Southeast,Omnivore,39.47,9.74,43.6
18-24,Male,West,Keto,29.6,6.43,30.67
25-34,Male,Southwest,Vegan,26.58,9.05,92.45
18-24,Female,Northeast,Vegetarian,17.35,8.15,88.18
35-44,Male,Southeast,Vegan,29.09,9.29,34.88
18-24,Male,Midwest,Omnivore,23.75,8.59,81.07
35-44,Female,Southwest,Omnivore,36.72,7.89,82.4
45-54,Female,Southeast,Vegan,30.42,8.29,46.78
35-44,Male,Northeast,Omnivore,21.56,9.96,64.73
45-54,Female,Southeast,Omnivore,32.57,8.65,49.87
35-44,Female,Southeast,Vegan,35.32,5.77,75.98
55+,Male,Northeast,Keto,20.57,4.82,69.15
18-24,Female,Northeast,Vegan,32.85,6.34,70.76
55+,Female,Southeast,Vegetarian,21.83,6.17,79.21
35-44,Female,Southeast,Omnivore,17.89,4.13,93.99
25-34,Female,West,Vegan,25.89,6.02,37.21
55+,Male,Southwest,Vegan,39.02,8.62,31.22
55+,Female,Southwest,Keto,34.16,9.35,69.38
35-44,Female,Midwest,Keto,33.44,8.99,94.31
55+,Male,Midwest,Keto,26.9,4.19,83.59
45-54,Male,Southwest,Vegetarian,33.02,5.65,54.76
55+,Female,West,Keto,37.07,7.11,36.17
45-54,Female,Southeast,Omnivore,30.13,7.39,67.41
18-24,Male,Southwest,Keto,27.23,5.64,61.04
45-54,Male,Southwest,Keto,24.71,8.86,70.38
45-54,Female,Southeast,Vegan,40.02,7.6,63.89
35-44,Female,Northeast,Vegetarian,31.21,4.17,72.48
45-54,Female,Midwest,Keto,31.1,9.49,47.35
45-54,Male,Northeast,Keto,17.32,6.81,66.01
45-54,Female,Southwest,Omnivore,41.95,5.73,94.42
55+,Female,Northeast,Keto,29.46,5.47,79.06
45-54,Male,Southwest,Omnivore,35.02,9.04,72.29
55+,Female,Southwest,Omnivore,28.39,7.93,57.13
45-54,Female,Southwest,Vegan,30.17,5.37,30.51
25-34,Female,West,Vegetarian,29.37,7.09,60.99
18-24,Female,West,Keto,35.48,7.58,75.9
25-34,Male,West,Vegan,17.87,4.8,65.45
55+,Male,Midwest,Keto,17.12,5.42,58.99
45-54,Male,Midwest,Keto,25.5,9.73,55.69
18-24,Male,Midwest,Omnivore,38.44,4.33,57.13
25-34,Female,Southwest,Keto,22.48,5.35,64.45
35-44,Female,Southwest,Keto,29.42,8.49,80.16
18-24,Female,West,Vegetarian,27.18,8.62,41.63
35-44,Male,Northeast,Vegetarian,22.12,5.18,41.19
35-44,Male,Southwest,Keto,18.86,6.4,74.91
25-34,Female,West,Omnivore,37.03,8.45,83.86
25-34,Female,Midwest,Keto,20.15,9.65,81.25
35-44,Female,West,Vegan,29.77,6.25,36.95
45-54,Female,Northeast,Vegan,17.64,8.53,66.29
35-44,Male,Southwest,Vegetarian,34,7.84,68.45
55+,Female,Southwest,Vegan,16.53,5.66,64.53
35-44,Female,Midwest,Omnivore,30.39,4.92,94.2
55+,Female,Southeast,Omnivore,24.12,9.05,94.14
55+,Female,Midwest,Vegetarian,32.29,7.75,64.92
18-24,Male,Southeast,Vegetarian,41.34,5.3,58.09
55+,Male,Southwest,Vegetarian,27.13,8,83.48
45-54,Male,Midwest,Keto,38.57,6.26,85.52
45-54,Male,Southwest,Vegan,21.92,9.97,81.7
35-44,Male,Southeast,Omnivore,30.95,8.55,73.4
18-24,Male,Southwest,Vegetarian,17.13,7.05,82.68
25-34,Male,West,Omnivore,41.83,4.06,48.99
45-54,Female,Southeast,Vegan,35.77,5.43,35.38
35-44,Female,Southwest,Vegetarian,34.31,5.62,89.39
55+,Male,West,Vegan,17.74,6.58,97.23
18-24,Female,Southwest,Vegetarian,30.4,7.31,37.37
18-24,Female,Northeast,Vegan,17.88,4.99,84.12
35-44,Female,Southeast,Keto,38.45,7.07,33.03
45-54,Female,Northeast,Keto,34.41,8,64.32
25-34,Female,Southeast,Omnivore,41.54,4.33,98.51
18-24,Female,Northeast,Vegan,19.72,5.69,48.32
18-24,Male,Midwest,Keto,18.01,8.45,63.95
45-54,Male,Midwest,Keto,32.69,7.7,79.15
45-54,Male,Southwest,Vegetarian,29.73,8.14,39.13
18-24,Female,Southwest,Vegetarian,33.54,5.94,67.64
45-54,Female,Northeast,Vegan,39.2,4.4,62.46
55+,Male,West,Vegan,40.46,4.02,34.67
18-24,Male,Southwest,Keto,35.25,7.4,54.87
35-44,Male,West,Omnivore,40.59,9.95,45.46
18-24,Female,Southeast,Vegan,22.73,7.26,47.43
45-54,Female,Southeast,Keto,30.01,6.06,92.61
45-54,Male,Midwest,Keto,24.58,7.7,95.2
55+,Female,Southeast,Keto,31.15,7.33,90.4
35-44,Female,Northeast,Keto,26.17,4.83,81.26
25-34,Female,Northeast,Keto,34.65,8.68,44.45
35-44,Male,West,Vegan,21.18,7.28,93.49
45-54,Female,West,Omnivore,35.29,7.08,39.98
25-34,Male,Southeast,Omnivore,21.97,8.86,84.62
55+,Female,West,Vegan,40.2,6.09,87.26
55+,Female,Southeast,Keto,29.08,7.46,92.25
55+,Female,Northeast,Vegan,33.08,7.66,80.21
55+,Female,Southeast,Vegan,36.77,9.53,75.93
18-24,Female,West,Keto,19.24,5.32,52.08
55+,Female,Midwest,Keto,31.24,5.53,68.89
25-34,Female,Southwest,Vegetarian,40.52,8.31,44.89
55+,Male,Northeast,Vegetarian,23.65,4.85,49.05
25-34,Female,Northeast,Keto,16.5,9.62,80.92
25-34,Female,Southwest,Keto,22.31,7.01,65.27
35-44,Male,Southwest,Omnivore,21.83,9.56,70.48
35-44,Male,Southeast,Vegan,40.3,6.68,48.87
45-54,Male,West,Vegetarian,38.4,6.16,47.66
45-54,Female,Southeast,Vegan,37.2,5.89,85.12
25-34,Female,West,Keto,28.14,8.31,45.44
18-24,Male,Southwest,Keto,29.04,7.06,87.29
45-54,Female,Midwest,Omnivore,39.3,7.32,58.2
55+,Female,Midwest,Keto,20.21,9.84,35.8
45-54,Male,Southwest,Vegan,34.94,9.21,99.78
25-34,Female,West,Vegetarian,34.75,4.88,78.69
35-44,Male,Southeast,Vegetarian,24.68,6.5,34.83
55+,Female,Southwest,Vegetarian,19.28,5.67,41.15
35-44,Female,Northeast,Vegan,20.25,6.34,85.03
55+,Male,Southeast,Omnivore,20.82,9.14,83.84
18-24,Female,Northeast,Keto,30.05,6.73,68.77
35-44,Female,Midwest,Keto,35.54,6.14,88.72
45-54,Male,Midwest,Keto,23.83,9.33,56.05
25-34,Male,Northeast,Keto,17.27,4.3,39.95
35-44,Male,Southeast,Vegan,30.75,9.45,57.67
55+,Male,Northeast,Omnivore,37.14,5.31,95.71
18-24,Female,West,Vegan,36.67,4.38,44.22
35-44,Male,West,Keto,38.98,6.72,90.83
35-44,Male,Southeast,Omnivore,32.91,8.22,66.44
35-44,Female,Southwest,Vegetarian,30.47,4.73,32.71
18-24,Female,Northeast,Vegetarian,33.63,8.35,96.28
18-24,Female,Southeast,Omnivore,29.83,7.26,82.5
35-44,Male,Southwest,Vegetarian,26.99,4.88,67.25
35-44,Male,Southeast,Keto,39.46,4.46,42.57
35-44,Male,Northeast,Keto,36.72,7.28,61.68
45-54,Male,Midwest,Vegetarian,36.95,8.62,35.09
45-54,Male,Midwest,Omnivore,21.76,6.99,88.7
55+,Male,West,Vegetarian,22.72,6.07,45.47
25-34,Female,Northeast,Omnivore,36.27,9.88,92.35
35-44,Female,Southeast,Vegan,21.2,7.92,69.76
18-24,Male,West,Vegetarian,30.96,5.27,53.44
35-44,Female,Southeast,Keto,37.09,8.3,68.17
18-24,Male,West,Keto,25.13,7.55,68.72
25-34,Male,Southwest,Omnivore,21.39,6.63,57.57
25-34,Female,Southwest,Vegetarian,33.14,7.6,57.41
55+,Female,Midwest,Omnivore,35.72,5.95,57.18
45-54,Male,Northeast,Keto,17.35,6.75,72.6
35-44,Male,Southeast,Vegetarian,16.53,4.37,81.16
45-54,Female,Midwest,Omnivore,18.77,8.43,66.52
45-54,Male,West,Vegan,18.05,7.86,47.38
55+,Female,Northeast,Vegan,32.54,6.6,42.6
35-44,Female,West,Vegetarian,21.67,6.23,48.24
45-54,Male,Midwest,Vegan,32.5,5.04,93.92
45-54,Female,Southwest,Omnivore,36.57,8.9,58.95
18-24,Female,Southwest,Vegetarian,39.77,6.06,53.23
18-24,Male,Southwest,Keto,38.63,4.19,38.22
25-34,Female,Southeast,Vegetarian,32.51,4.35,70.21
25-34,Male,Northeast,Keto,41.58,4.67,89.77
25-34,Male,Southwest,Omnivore,38.64,9.71,76.27
25-34,Female,Southeast,Keto,38.89,9.94,63.21
25-34,Male,Northeast,Keto,22.72,7.2,96.4
55+,Female,Northeast,Vegetarian,29.39,6.57,75.32
35-44,Male,Southwest,Vegan,29.81,7.35,99.26
25-34,Female,Midwest,Omnivore,30.95,9.54,94.67
45-54,Male,West,Vegetarian,29.64,6.22,30.01
18-24,Male,Southeast,Vegan,18.62,7.02,94.01
45-54,Female,Southwest,Vegetarian,27.74,7.66,39.76
45-54,Female,Midwest,Vegetarian,31.88,6.84,48.84
18-24,Female,Midwest,Vegetarian,34.94,7.22,56.34
25-34,Female,Southeast,Omnivore,35.72,9.46,38.36
25-34,Female,Midwest,Vegan,31.59,9.95,52.38
55+,Male,Northeast,Omnivore,22.12,6.13,78.22
55+,Male,Southeast,Vegan,37.8,4.37,33.36
35-44,Male,West,Vegetarian,21.75,4.28,34.9
55+,Male,Southwest,Vegetarian,37.72,7.99,82.34
18-24,Male,Southwest,Vegan,17.66,5.15,32.7
18-24,Male,West,Vegetarian,40.83,9.74,82.72
25-34,Female,Southeast,Vegetarian,24.19,9.48,44.02
18-24,Male,Midwest,Vegan,30.64,5.62,53.08
18-24,Male,West,Omnivore,33.79,9.97,99.99
35-44,Male,Midwest,Keto,26.36,4.69,67.52
18-24,Female,Northeast,Omnivore,20.02,9.48,93.48
45-54,Male,Northeast,Vegetarian,26.71,9.33,36.13
35-44,Female,Midwest,Omnivore,18.68,6.88,40.81
18-24,Female,West,Vegetarian,36.76,7.83,62.09
18-24,Female,Southwest,Vegan,19.99,6.69,39.36
55+,Female,Northeast,Keto,20.21,8.67,72.69
35-44,Male,Southwest,Vegan,22.41,6.22,39.19
35-44,Male,Northeast,Omnivore,24.33,7.93,79.39
35-44,Female,Midwest,Keto,34.66,4,54.67
25-34,Female,Midwest,Keto,30.18,7.08,53.32
25-34,Female,Southwest,Vegan,36.49,9.74,38.14
45-54,Female,Midwest,Vegan,21.84,9.94,86.31
18-24,Female,Midwest,Vegetarian,32.11,8.84,79.93
35-44,Male,Northeast,Vegetarian,32.57,5.77,32.22
35-44,Male,Southwest,Vegan,21.92,6.26,49.81
18-24,Female,West,Omnivore,16.7,8.58,78.9
25-34,Male,Northeast,Vegan,32.05,8.75,36.11
55+,Male,West,Omnivore,19.82,6.64,82.7
35-44,Female,Northeast,Vegetarian,29.67,8.7,62.1
45-54,Male,West,Omnivore,25.7,8.95,43.41
25-34,Male,Northeast,Keto,41.03,5.69,38.13
45-54,Female,West,Vegetarian,26.96,8.66,42.64
18-24,Female,West,Keto,34.41,7.26,41.72
25-34,Male,Midwest,Omnivore,32.96,5.21,38.15
45-54,Female,Southeast,Vegan,19.85,6.77,85.16
55+,Male,Southwest,Vegan,32.84,5.42,48.37
25-34,Female,Northeast,Omnivore,23.99,4.8,82.21
25-34,Male,Southeast,Vegetarian,41.68,4.85,40.64
45-54,Male,Northeast,Vegan,36.58,4.78,57.86
55+,Male,Southwest,Keto,34.76,6.46,92.96
25-34,Male,Midwest,Keto,39.58,8.26,35.33
18-24,Male,Midwest,Omnivore,32.33,5.81,90.4
35-44,Male,Midwest,Vegan,29.63,5.62,79.93
25-34,Male,West,Vegetarian,21.17,9.97,91.75
55+,Female,Southeast,Vegetarian,29.74,7.1,66.9
25-34,Female,Midwest,Omnivore,17.55,7.86,97.65
55+,Female,Southeast,Keto,37.62,9.04,71.22
55+,Male,Midwest,Vegan,29.51,4.03,94.9
25-34,Female,West,Vegan,27.2,4.69,30.31
55+,Female,Southeast,Omnivore,23.9,7.33,90.17
55+,Male,Midwest,Keto,30.7,8.01,65.96
35-44,Female,Northeast,Keto,16.02,9.42,66.35
18-24,Female,West,Vegan,23.48,9.36,52.09
55+,Female,Midwest,Vegetarian,29.36,5.23,98.38
35-44,Female,Southwest,Vegan,20.57,8.22,50.7
25-34,Female,Midwest,Vegan,35.68,9.41,81.11
25-34,Male,Midwest,Vegan,17.59,4.57,37.29
18-24,Male,Midwest,Omnivore,32.92,9.9,63.68
55+,Female,Southeast,Keto,33.69,7.82,69.48
55+,Female,Southeast,Omnivore,24.32,7.3,88
25-34,Female,Midwest,Vegetarian,40.52,7.28,69.94
35-44,Male,Northeast,Keto,30.34,8.77,44.16
55+,Male,Midwest,Omnivore,28.44,4.68,59.05
55+,Male,Northeast,Keto,22.63,7.98,96.41
55+,Female,Southeast,Keto,26.87,9.05,76.36
55+,Male,West,Vegan,37.36,6.09,54.11
55+,Male,Southwest,Keto,19.74,7.98,87.4
25-34,Female,West,Omnivore,16.05,4.15,36.13
55+,Female,West,Keto,26.92,9.02,82.89
25-34,Male,Northeast,Keto,37.46,9.82,48.61
55+,Female,Northeast,Omnivore,32.78,6.66,94.74
55+,Male,Midwest,Vegan,33.43,4.38,59.54
45-54,Male,Midwest,Omnivore,19.63,6.38,65.37
45-54,Male,Southeast,Vegan,25.25,5.93,49.36
45-54,Female,Northeast,Vegan,18.59,7.01,79.81
45-54,Female,Midwest,Vegetarian,29.38,8.85,72.31
55+,Male,Southwest,Vegan,28.12,6.93,93.85
55+,Male,Southwest,Vegetarian,34.96,9.98,99.22
45-54,Male,Southeast,Omnivore,19.31,8.57,39.65
35-44,Female,West,Vegan,33.16,4.82,83.21
18-24,Male,West,Omnivore,27.04,7.23,90.85
35-44,Female,Midwest,Vegan,34.82,8.45,65.53
55+,Female,Northeast,Vegan,21.52,5.59,87.16
55+,Male,West,Keto,36.98,7.44,48.29
45-54,Female,Midwest,Keto,35.15,7.71,71.9
25-34,Male,Northeast,Keto,40.5,4.03,41.36
35-44,Female,West,Keto,21.87,7.37,85.76
55+,Male,West,Omnivore,32.1,8.66,87.52
55+,Female,West,Omnivore,27.2,8.63,40.91
55+,Male,Northeast,Omnivore,31.21,8.62,70.26
55+,Female,Southeast,Vegan,18.45,8.01,41.5
25-34,Male,Midwest,Vegetarian,25.98,4.63,86.93
45-54,Female,Midwest,Vegan,24.5,7.67,96.7
55+,Male,West,Vegetarian,18.14,4.94,95.63
18-24,Female,Midwest,Keto,20.9,7.68,78.41
25-34,Female,Northeast,Vegetarian,27.04,7.95,70.31
25-34,Female,Southwest,Keto,34.88,5.51,53.83
25-34,Female,Southwest,Omnivore,40.21,6.49,99.97
18-24,Female,West,Vegetarian,19.53,9.42,52.46
55+,Male,Southwest,Vegan,22.92,9.52,65.02
25-34,Male,Northeast,Omnivore,37.8,8.49,32.21
35-44,Male,Northeast,Omnivore,21.25,8.33,45.43
25-34,Male,Southeast,Vegan,34.84,9.17,91.06
45-54,Male,Southwest,Keto,35.63,8.84,87.52
18-24,Male,Northeast,Vegetarian,39.15,9.85,36.11
55+,Female,West,Vegetarian,36.64,7.59,59.68
45-54,Female,Midwest,Vegan,33.96,7.18,72.73
55+,Male,Southwest,Vegetarian,38.63,9.67,31.27
25-34,Female,Midwest,Vegan,39.78,6.31,96.11
45-54,Male,West,Keto,30.72,5.54,87.01
35-44,Female,Southwest,Keto,35.6,8.72,81.6
25-34,Female,Northeast,Vegan,27.84,8.66,55.01
25-34,Female,West,Vegan,34.77,6.75,79.38
35-44,Female,Northeast,Keto,31.98,6.63,34.71
45-54,Female,Southeast,Vegetarian,28.54,5.77,89.29
45-54,Male,West,Vegetarian,37.58,4.44,74.15
25-34,Male,Southwest,Vegan,35.16,6.83,30.97
35-44,Female,Southwest,Keto,36.66,4.79,57.11
45-54,Male,Southwest,Vegetarian,37.95,9.28,63.55
18-24,Male,Southwest,Vegan,25.99,9.86,65.74
55+,Female,Southeast,Vegan,28.92,7.06,31.9
45-54,Male,Southwest,Keto,23.22,8.81,80.21
18-24,Male,Northeast,Omnivore,19.7,6.8,50.32
18-24,Male,Southeast,Keto,41.56,4.95,52.31
35-44,Male,Midwest,Keto,24.71,7.74,55.12
18-24,Male,Midwest,Keto,25.86,5.62,48.73
55+,Male,Northeast,Omnivore,36.66,9.88,59.26
45-54,Female,Northeast,Omnivore,27.23,6.52,40.91
45-54,Female,Southwest,Vegetarian,20.12,7.72,93.94
25-34,Female,Southwest,Keto,27.61,6.38,62.67
45-54,Female,Midwest,Vegan,23.42,10,87.49
55+,Male,Midwest,Keto,27.88,6.68,77.45
35-44,Male,Midwest,Keto,16.56,8.76,99.27
35-44,Male,Southeast,Keto,25.53,4.05,51.24
25-34,Male,Midwest,Vegetarian,41.9,6.32,89.88
55+,Male,Northeast,Keto,33.35,5.82,36.13
35-44,Female,Southwest,Omnivore,16.77,5.49,75.7
45-54,Male,Southwest,Vegetarian,18.08,5.22,50.66
55+,Male,Midwest,Vegetarian,38.55,4.1,94.11
25-34,Male,Southeast,Vegetarian,28.15,8.03,62.84
35-44,Male,Southeast,Vegan,34.15,8.5,42.46
25-34,Female,Midwest,Vegan,19.96,9.42,72.57
45-54,Female,Southwest,Omnivore,41.06,5.47,70.61
55+,Male,Southeast,Vegetarian,38.6,8.25,87.28
35-44,Male,Southeast,Vegan,35.97,7.75,99.37
45-54,Female,Northeast,Vegetarian,41.28,5.8,41.07
35-44,Male,West,Vegan,30.55,4.07,38.6
25-34,Male,Northeast,Vegetarian,21.22,5.64,59.65
45-54,Male,Southwest,Keto,32.63,8.96,97.24
45-54,Male,West,Omnivore,20.18,7.55,52.08
18-24,Female,Midwest,Vegetarian,34.85,8.29,68.14
45-54,Male,Midwest,Vegan,27.21,4.8,31.41
35-44,Male,West,Omnivore,20.93,7.61,89.49
45-54,Female,Southwest,Keto,27.79,6.13,54.14
55+,Female,Northeast,Vegan,33.05,6,71.97
35-44,Female,Northeast,Omnivore,29.75,7.28,41.15
45-54,Male,Midwest,Vegetarian,35.86,5.56,91.68
35-44,Male,Northeast,Omnivore,38.39,9.59,61.78
18-24,Male,West,Vegetarian,27.73,4.37,30.64
55+,Male,Southeast,Keto,38.03,5.51,59.11
35-44,Female,Southeast,Vegetarian,38.89,9.93,43.85
25-34,Male,Midwest,Keto,22.02,9.98,78.99
45-54,Male,Northeast,Keto,19,4.4,82.51
35-44,Female,Southeast,Omnivore,28.6,9.61,93.88
45-54,Female,West,Vegetarian,35.92,9.33,77.27
18-24,Male,West,Keto,32,5.53,46.69
25-34,Female,Southwest,Vegetarian,24.33,7.82,51.82
45-54,Male,Midwest,Vegetarian,32.95,7.42,34.99
25-34,Female,Midwest,Vegetarian,25.16,6.02,51.9
35-44,Female,Midwest,Vegetarian,35.95,8.44,37.86
18-24,Male,Southwest,Vegetarian,22.91,4.5,42.3
25-34,Female,West,Omnivore,18.85,9.83,60.18
45-54,Female,Northeast,Vegetarian,31.75,6.79,54.26
18-24,Male,Northeast,Keto,36.21,6.64,55.02
18-24,Male,West,Omnivore,27.61,4.75,75.26
35-44,Female,Southeast,Vegan,23.5,8.76,70.31
25-34,Male,Northeast,Vegan,34.61,8.88,32.82
35-44,Male,Southeast,Vegetarian,41.02,5.31,54.48
55+,Female,Southwest,Vegetarian,31.97,4.48,89
55+,Male,Southwest,Keto,31.89,4.66,79.09
45-54,Male,Midwest,Omnivore,17.63,4.58,51.07
18-24,Female,West,Keto,41.3,7.15,45.76
35-44,Male,Southeast,Vegan,39.73,5.18,99.25
18-24,Male,Midwest,Vegetarian,31.55,6.27,91.19
18-24,Female,Northeast,Omnivore,33.81,8,61.84
25-34,Female,West,Vegetarian,20.97,8.38,53.45
25-34,Female,Midwest,Keto,18.63,5.94,48.47
35-44,Female,Southwest,Keto,33.58,7.28,87.03
35-44,Female,Southwest,Keto,20.72,8.19,77.87
35-44,Female,West,Vegan,39.42,6.33,83.63
35-44,Male,Southeast,Omnivore,33.28,8.87,35.35
18-24,Male,Northeast,Vegetarian,26.18,5.63,80.61
55+,Female,Northeast,Vegetarian,23.24,6.33,51.74
25-34,Female,Southwest,Keto,16.8,6.37,65.81
55+,Female,Northeast,Vegetarian,35.92,5.01,54.24
25-34,Male,West,Omnivore,32.4,5.13,72.98
25-34,Male,Southeast,Omnivore,25.24,4.73,69.49
35-44,Male,Southwest,Omnivore,19.84,7.01,34.83
45-54,Female,Southwest,Vegan,37.87,5.4,70.31
45-54,Female,Southeast,Keto,21.01,7.76,67.17
45-54,Male,Northeast,Omnivore,19.9,7.85,58.89
45-54,Male,Midwest,Keto,40.28,7.72,67.95
25-34,Female,Southwest,Omnivore,22.67,7.74,73.71
25-34,Female,Southwest,Keto,16,6.55,43.79
35-44,Female,Southwest,Vegan,31.97,4.37,33.24
25-34,Male,Northeast,Vegan,20.27,7.88,48.1
45-54,Female,Midwest,Vegetarian,16.18,6.83,48.58
25-34,Female,Southwest,Keto,22.7,5.21,96.11
55+,Female,West,Omnivore,26.53,6.9,77.39
35-44,Female,Southwest,Vegetarian,41.43,5.78,77.8
45-54,Female,Southeast,Keto,17.06,9.29,91.38
25-34,Male,West,Vegan,40.3,4.39,60.58
45-54,Male,Midwest,Vegetarian,26.09,9.52,74.18
55+,Male,Southwest,Omnivore,41.51,9.86,50.51
18-24,Male,West,Vegan,36.59,5.68,46.18
18-24,Male,Northeast,Vegan,32.58,6.14,32.58
25-34,Male,Midwest,Vegetarian,21.55,5.47,93.93
35-44,Male,Southwest,Keto,26.34,5.51,58.37
18-24,Male,Northeast,Omnivore,30.75,7.73,98.15
35-44,Male,Northeast,Vegan,31.48,6.16,46.56
35-44,Male,Southeast,Omnivore,25.81,7.55,80.89
55+,Male,West,Keto,41.98,8.99,88.69
25-34,Male,West,Vegan,33.92,8.65,96.57
18-24,Male,Midwest,Omnivore,16.13,5.07,67.91
45-54,Female,Southwest,Keto,27.24,9.34,52.76
45-54,Female,Midwest,Vegan,29.31,7.09,77.69
25-34,Male,Midwest,Vegan,34.44,5.16,63.3
55+,Female,Northeast,Omnivore,23.43,5.81,33.92
45-54,Female,Midwest,Keto,38.49,5.85,38.25
18-24,Male,Southeast,Vegetarian,26.66,8.98,93.69
18-24,Female,Midwest,Keto,37.44,4.41,38.4
25-34,Male,West,Vegetarian,37.34,7.73,81.38
25-34,Female,Southeast,Omnivore,25.09,6.34,47.46
25-34,Male,Northeast,Omnivore,38.31,9.2,65.67
25-34,Male,Northeast,Omnivore,27.3,7.84,80.59
45-54,Male,Northeast,Omnivore,37.69,6.09,98.12
55+,Male,Southeast,Vegetarian,25.87,4.18,77.68
18-24,Male,Northeast,Omnivore,19.16,5.39,34.06
45-54,Male,Southeast,Omnivore,19.66,9.75,70.16
55+,Male,Northeast,Vegetarian,38.14,9.17,56.94
55+,Male,Southwest,Keto,37.99,7.76,75.16
35-44,Female,Northeast,Vegan,30.38,9.38,55.34
35-44,Male,Southeast,Vegetarian,40.77,4.72,97.37
25-34,Female,Southeast,Omnivore,41.61,6.94,34.84
45-54,Male,Northeast,Omnivore,24.22,7.27,75.16
35-44,Male,Southeast,Omnivore,26.95,4.67,85.85
25-34,Male,Midwest,Vegetarian,31.13,9.15,43.33
45-54,Male,Northeast,Vegan,17.86,8.83,64.86
18-24,Male,Southwest,Vegetarian,34.66,8.04,44.44
35-44,Female,Northeast,Keto,36.72,9.13,76.16
45-54,Female,West,Keto,39.97,9.51,67.22
45-54,Male,Southwest,Vegetarian,31.74,5.25,62.23
55+,Male,Southeast,Vegetarian,21.72,7.93,99.51
55+,Female,West,Vegetarian,38.71,7.37,88.71
25-34,Male,Southwest,Keto,24.07,8.81,46.37
55+,Female,West,Omnivore,40.05,6.49,61.73
45-54,Male,Southeast,Omnivore,32.55,7.4,92.79
45-54,Female,Southeast,Omnivore,25.68,8.52,38.05
35-44,Male,Southwest,Omnivore,31.73,4.61,35.68
35-44,Male,Northeast,Omnivore,32.09,6.86,66.72
25-34,Male,Midwest,Keto,32.56,4.27,42.35
35-44,Female,Northeast,Omnivore,31.75,9.99,90.15
45-54,Female,Midwest,Vegetarian,25.38,6.43,56.41
35-44,Male,Northeast,Omnivore,30.71,6.11,43.56
18-24,Male,West,Vegetarian,41.95,9.17,45.36
25-34,Female,West,Vegan,33.72,5.9,30.83
18-24,Female,Southwest,Vegetarian,41.07,7.47,67.19
35-44,Male,West,Keto,27.73,9.5,65.02
18-24,Male,Northeast,Omnivore,38.29,6.92,77.07
55+,Male,Midwest,Keto,17.84,4.28,69.64
35-44,Male,Southwest,Vegan,36.61,8.81,61.91
18-24,Male,West,Omnivore,28.8,7.1,60.67
35-44,Female,Southeast,Vegan,21.75,7.96,44.22
25-34,Male,Midwest,Omnivore,27.58,5.67,39.26
45-54,Female,West,Omnivore,39.59,4.29,69.32
45-54,Male,Southwest,Vegetarian,27.88,5.01,64.31
45-54,Male,Southwest,Vegetarian,38.77,6.22,72.49
35-44,Female,Southeast,Keto,36.48,7.85,92.59
25-34,Male,Southwest,Omnivore,35.22,4.8,80.32
25-34,Female,West,Omnivore,27.4,9.04,90.45
55+,Male,West,Keto,26.29,5.38,99.62
45-54,Female,Northeast,Keto,17.97,8.22,38.44
45-54,Male,Northeast,Vegetarian,21.29,4.6,90.41
55+,Male,Southeast,Vegetarian,34.38,6.28,49.24
35-44,Male,Southeast,Vegetarian,16.58,7.1,49.76
55+,Male,Southwest,Vegetarian,21.46,4.57,62.65
45-54,Female,Northeast,Keto,26.66,4.54,85.67
55+,Male,Southwest,Vegetarian,31.21,9.48,73.38
45-54,Male,Southeast,Vegan,35.41,9.37,89.7
35-44,Female,Southwest,Omnivore,32.13,6.38,66.24
18-24,Female,Midwest,Vegetarian,22.05,5.73,98.89
35-44,Male,Northeast,Keto,16.23,8.72,80.75
35-44,Male,Southwest,Vegetarian,31.72,4.62,53.81
18-24,Male,Southeast,Vegetarian,24.38,7.82,36.8
55+,Male,Southeast,Vegan,34.18,9.85,59.41
18-24,Male,Midwest,Vegan,36.35,7.99,96.04
25-34,Male,Northeast,Omnivore,39.3,7.99,37.19
18-24,Male,West,Keto,39.59,4.5,61.58
45-54,Female,Midwest,Vegan,17.43,7.35,82.6
35-44,Male,West,Keto,25.39,4.82,70.49
45-54,Male,Southeast,Keto,22.49,9.5,91.7
35-44,Female,Northeast,Omnivore,32.81,4.13,73.5
45-54,Female,Southwest,Keto,29.09,5.18,76.82
18-24,Male,Northeast,Vegetarian,20.07,4.51,66.25
55+,Male,Southeast,Keto,39.94,8.13,89.64
35-44,Female,Southwest,Omnivore,27.79,6.66,55.62
55+,Female,Southwest,Vegan,21.37,7.85,92.76
45-54,Male,Southeast,Vegetarian,21.64,7.52,65.76
55+,Female,Northeast,Keto,20.3,5.78,39.91
55+,Male,West,Vegan,37.37,6.79,40.78
55+,Female,Midwest,Vegan,22.39,8.73,76.2
18-24,Female,West,Keto,32.18,7.78,70.13
18-24,Male,Southeast,Vegan,36.8,9.79,52.29
18-24,Female,Midwest,Vegetarian,21.33,9.51,97.58
55+,Female,West,Vegetarian,30.09,7.06,51.14
25-34,Male,Midwest,Keto,35.61,7.42,68.32
55+,Female,West,Vegetarian,41.11,6.66,76.89
25-34,Female,Southeast,Vegetarian,25.15,5.42,88.8
18-24,Male,Northeast,Keto,35.43,7.15,47.25
25-34,Male,Midwest,Omnivore,36.37,9.84,98.14
45-54,Female,West,Omnivore,21.63,6.95,72.18
35-44,Male,Midwest,Omnivore,29.82,7.01,40.17
55+,Female,Northeast,Omnivore,33.99,5.44,55.02
18-24,Female,Southeast,Omnivore,19.35,9.91,96.12
25-34,Female,Northeast,Vegan,30.13,5.19,30.54
55+,Male,Midwest,Vegetarian,20.83,4.15,94.79
45-54,Female,West,Vegan,34.3,4.78,80.25
55+,Female,Southeast,Keto,26.46,7.82,79.28
45-54,Male,Southeast,Omnivore,23.82,8.93,93.93
18-24,Male,West,Omnivore,30.07,4.59,38.67
55+,Female,Southeast,Omnivore,29.35,5.91,46.51
35-44,Female,Southwest,Keto,30.84,5.77,75.68
35-44,Female,Northeast,Vegan,38.47,8.35,48.39
18-24,Male,Southeast,Omnivore,35.69,4.57,51.04
18-24,Male,West,Vegetarian,17.56,9.25,68.94
25-34,Female,Southeast,Keto,36.98,7.26,71.59
25-34,Male,Northeast,Omnivore,33.14,4.08,46.19
35-44,Male,West,Vegan,21.26,8.54,84.94
45-54,Male,West,Keto,25.18,6.75,98.95
18-24,Female,Southwest,Vegan,34.11,9.5,45.87
35-44,Male,Midwest,Keto,35.19,8.82,71.08
35-44,Female,Northeast,Omnivore,24.53,8.09,51.31
45-54,Female,Midwest,Keto,18.43,4.16,77.06
45-54,Male,Southwest,Vegetarian,34.89,6.31,89.81
45-54,Male,Southeast,Vegetarian,17.56,6.79,96.79
55+,Female,West,Keto,33.83,7.27,70.94
18-24,Male,Midwest,Vegan,17.8,6.51,69.6
55+,Male,Midwest,Keto,35.46,6.72,37.99
55+,Male,West,Keto,35.66,9.59,64.44
35-44,Male,Southwest,Omnivore,19.91,5.2,85.12
55+,Male,West,Vegetarian,18.6,7.26,90.06
25-34,Male,West,Vegan,27.03,5.71,88.05
25-34,Female,Southwest,Omnivore,38.81,9.5,67.31
25-34,Female,Northeast,Vegetarian,26.34,8.41,56.21
55+,Male,West,Omnivore,40.51,8.21,89.81
35-44,Male,Southwest,Keto,36.12,9.92,47.11
45-54,Male,Southwest,Keto,30.87,6.72,98.7
25-34,Female,Northeast,Vegetarian,24.58,7.05,93.68
55+,Male,Midwest,Vegan,22.9,8.07,90.76
55+,Male,West,Vegetarian,24.68,7.89,89.42
45-54,Male,Southwest,Keto,36.86,9.12,92.74
18-24,Female,Midwest,Vegan,16.35,8.99,45.84
55+,Male,Southwest,Vegetarian,20.12,8.23,31.48
45-54,Female,Southeast,Vegetarian,30.37,7.45,99.7
18-24,Female,Southeast,Vegan,22.53,7.72,46.41
18-24,Male,Southwest,Omnivore,17.13,8.13,83.93
45-54,Male,Northeast,Keto,19.05,6.22,87.78
55+,Female,Southwest,Vegan,16.24,9.29,61.04
55+,Female,Southeast,Vegan,31.15,8.32,56.28
55+,Female,Midwest,Vegetarian,39.74,6.11,41.25
55+,Female,Northeast,Keto,28.37,6.05,44.55
45-54,Female,Southwest,Vegetarian,35.71,9.2,51.48
55+,Female,Midwest,Omnivore,24.11,9.66,53.08
25-34,Male,Northeast,Omnivore,26.32,4.02,34.37
45-54,Female,Southeast,Keto,20.78,6.41,31.4
35-44,Female,West,Vegetarian,30.53,9.31,40.76
18-24,Male,Southeast,Omnivore,19.58,7.27,54.56
35-44,Female,Southeast,Omnivore,18.7,4.72,95.62
18-24,Female,Southeast,Vegan,41.68,5.8,30.09
35-44,Female,Midwest,Omnivore,21.16,9.88,35.86
55+,Male,Northeast,Vegetarian,31.99,4.77,47.25
45-54,Female,West,Keto,25.22,6.27,33.53
18-24,Male,Midwest,Vegan,32.25,8.16,44.84
18-24,Female,Northeast,Omnivore,34.04,7.25,96.24
25-34,Female,West,Vegetarian,17.39,7.49,41.84
35-44,Female,West,Keto,28.71,7.97,39.67
55+,Male,Southwest,Vegetarian,35.94,9.37,39.54
45-54,Male,Midwest,Vegan,31.84,8.75,53.99
35-44,Female,Southeast,Omnivore,33.95,8.63,79.05
25-34,Male,Northeast,Vegan,41.77,6.44,59.36
18-24,Male,West,Vegan,16.62,9.36,89.34
18-24,Female,Northeast,Keto,16.64,4.83,99.09
18-24,Male,Northeast,Vegetarian,23.19,4.76,54.94
18-24,Male,Southwest,Vegan,27.5,7.55,95.58
45-54,Female,Midwest,Vegetarian,32.09,6.85,66.43
25-34,Female,West,Vegan,23.81,6.65,98.44
25-34,Male,Northeast,Keto,26,5.32,83.46
35-44,Male,Midwest,Omnivore,35.16,6.75,52.97
45-54,Male,Midwest,Vegan,33.82,6.29,31.92
35-44,Female,Southwest,Omnivore,32.3,8.24,44.38
35-44,Female,Southwest,Omnivore,28.38,4.81,88.19
18-24,Female,Southwest,Omnivore,38.49,5.96,97.3
25-34,Male,West,Vegan,17.39,5.37,78.64
18-24,Male,Southeast,Vegan,25.97,7.46,74.71
18-24,Female,Midwest,Keto,19.64,6.83,85.81
35-44,Male,Southwest,Omnivore,31.43,4.86,84.34
35-44,Male,Southwest,Vegetarian,27.02,7.96,34.2
35-44,Male,Northeast,Keto,35.58,9.35,58.95
35-44,Male,Southwest,Omnivore,20.29,9.69,43.32
45-54,Female,Midwest,Vegan,18.87,6.56,44.91
18-24,Male,West,Vegan,30.01,7.67,50.31
45-54,Male,Southwest,Omnivore,24.29,8.77,72
25-34,Male,Northeast,Keto,24.14,5.01,88.55
18-24,Male,Southeast,Vegan,27.52,9.21,78.54
35-44,Female,Northeast,Keto,41.92,6.54,45.3
18-24,Male,West,Omnivore,35.56,7.5,50.49
25-34,Male,Northeast,Omnivore,16.34,6.11,45.5
35-44,Female,Midwest,Keto,36.5,8.27,33.16
45-54,Female,Northeast,Vegan,30.47,5.51,89.28
45-54,Female,Midwest,Keto,32.16,7.59,66.52
25-34,Female,Southwest,Omnivore,41.62,8.25,66.86
45-54,Male,Southeast,Vegan,30.12,7.59,69.17
55+,Male,Northeast,Vegetarian,23.18,9.08,70.6
45-54,Female,Southwest,Vegetarian,36.81,4.32,56.44
35-44,Male,Southwest,Vegetarian,35.55,8.27,68.3
18-24,Female,Southeast,Omnivore,39.3,6.12,59.07
25-34,Female,Southwest,Vegan,41.34,9.06,65.95
45-54,Male,West,Omnivore,22.13,8.06,48.08
45-54,Male,Midwest,Keto,36.38,6.52,74.53
18-24,Male,Northeast,Keto,18.68,4.17,39.55
35-44,Female,Southwest,Omnivore,32.07,9.73,68.65
18-24,Male,Midwest,Vegan,18.94,7.01,79.44
35-44,Male,West,Keto,32.39,4.4,47.56
25-34,Female,Southwest,Keto,19.75,6.13,35.56
55+,Female,Northeast,Vegetarian,33.12,7.19,80.22
25-34,Male,Southwest,Omnivore,18.3,6.76,90.3
55+,Female,Midwest,Vegetarian,30.42,7.23,55.67
45-54,Male,Northeast,Vegetarian,29.52,8.52,40.01
18-24,Male,Northeast,Vegan,20.31,4.56,46.28
35-44,Female,Southeast,Keto,16.36,6.72,37.08
35-44,Female,Midwest,Omnivore,34.72,9.88,41.91
18-24,Male,Midwest,Keto,18.99,6.19,91.99
18-24,Male,Southeast,Keto,29.11,5.56,45.72
18-24,Male,Midwest,Vegetarian,26.23,6.69,96.53
25-34,Male,Southeast,Vegetarian,21.93,7.66,87.46
55+,Male,Southwest,Keto,24.06,8.55,92.53
25-34,Male,Northeast,Omnivore,19.43,8.42,59.39
55+,Female,Southeast,Vegan,21.24,9.83,74.39
18-24,Female,Midwest,Vegetarian,38.79,4.86,56.79
18-24,Female,Midwest,Keto,39.34,9.26,78.68
35-44,Male,Northeast,Vegan,32.25,9.28,72.97
45-54,Male,West,Vegan,22.88,9.11,83.37
55+,Male,Midwest,Omnivore,22.53,9.81,34.91
18-24,Female,Northeast,Omnivore,39.69,8.95,46.82
18-24,Male,Southwest,Vegan,23.03,9.23,58.26
55+,Female,Southwest,Omnivore,34.87,6.75,71
45-54,Female,Southwest,Keto,23.38,8.86,83.84
25-34,Male,West,Omnivore,21.35,4.87,96.22
18-24,Female,Southeast,Vegan,38.21,9.26,68.63
45-54,Male,Northeast,Omnivore,35.03,8.76,86.91
45-54,Female,Midwest,Keto,16.87,8.85,51.02
55+,Male,Southwest,Vegan,38.94,6.22,83.32
45-54,Female,Southeast,Vegan,16.53,4.44,72.3
45-54,Male,Midwest,Vegan,39.37,4.74,74.23
25-34,Female,Southwest,Vegetarian,19.23,7.26,36.77
18-24,Female,Southeast,Vegan,32.65,6.54,34.32
45-54,Male,Southwest,Vegan,28.99,5.1,64.53
18-24,Male,Northeast,Vegan,35.17,4.78,42.04
35-44,Male,Midwest,Vegetarian,17.14,4.81,63.2
45-54,Female,Southwest,Vegetarian,29.09,6.19,68.23
35-44,Male,Southwest,Vegan,22.69,6.92,66.16
35-44,Male,Midwest,Omnivore,36.51,7.49,90.29
25-34,Male,West,Omnivore,16.65,5.78,49.33
45-54,Female,Southeast,Omnivore,28.36,8.18,61.56
18-24,Male,Midwest,Keto,37.99,4.57,83.61
45-54,Female,West,Vegetarian,40.09,9.17,47.53
18-24,Male,Southwest,Vegetarian,21.13,8.5,62.29
35-44,Male,Northeast,Vegetarian,25.66,5.76,77.24
25-34,Female,Northeast,Keto,19.01,5.17,51.54
45-54,Male,Midwest,Omnivore,36.39,5.82,82.79
25-34,Male,Southwest,Vegan,16.99,6.29,95.31
18-24,Female,Northeast,Omnivore,16.86,7.62,58.22
18-24,Male,Northeast,Omnivore,39.16,5.47,40.28
45-54,Male,Southwest,Keto,17.13,4.43,79.36
55+,Female,West,Vegan,35.22,8.03,39.72
35-44,Female,Southeast,Vegan,35.8,9.54,82.85
35-44,Male,Northeast,Vegetarian,25.36,9.42,34.28
25-34,Male,Midwest,Omnivore,38.14,7.49,42.55
55+,Female,Northeast,Vegan,30.21,8.03,84.74
35-44,Female,Southwest,Vegan,24.09,7.23,55.32
25-34,Female,Southeast,Vegetarian,38.88,5.98,30.56
25-34,Female,West,Vegan,24.21,6.18,92.33
55+,Female,West,Omnivore,22.59,6.48,85.54
18-24,Female,Midwest,Vegetarian,31.26,5.2,94.56
55+,Female,West,Vegan,35.37,6.69,42.03
25-34,Male,Southwest,Keto,20.39,5.78,57.14
25-34,Female,West,Omnivore,16.31,7.21,92.78
18-24,Female,Midwest,Omnivore,21.48,5.3,65.39
35-44,Male,Northeast,Omnivore,32.98,7.74,37.11
45-54,Male,Southwest,Keto,26.48,7.75,81.3
55+,Female,West,Vegetarian,39.21,7.77,97.51
35-44,Female,Southeast,Vegan,27.63,6.65,36.44
45-54,Female,Southwest,Keto,32.88,4.47,85.4
25-34,Female,Midwest,Keto,18.44,9.64,84.84
25-34,Male,Southwest,Omnivore,29.29,6.76,42.32
18-24,Female,Midwest,Keto,37.25,9.68,48.79
45-54,Male,Southwest,Vegetarian,27.8,6.19,53.74
45-54,Female,Southwest,Omnivore,23.19,5.32,34.24
25-34,Male,Northeast,Omnivore,26.3,7.37,43.2
18-24,Female,West,Omnivore,20.78,8.93,76.58
45-54,Male,Midwest,Vegetarian,34.64,6.41,94.18
55+,Female,Southeast,Vegetarian,17.82,9.2,51.03
18-24,Male,West,Vegetarian,24.34,9.27,92.52
25-34,Female,Southwest,Vegan,20.71,8.68,38.05
25-34,Female,West,Vegan,27.25,9.41,54.14
45-54,Male,Southeast,Vegan,35.74,5.13,81.14
25-34,Male,Southeast,Omnivore,37.43,9.35,67.15
55+,Female,Northeast,Omnivore,18.79,4.67,93.32
55+,Female,Northeast,Omnivore,21.56,5.42,50.32
55+,Male,Southeast,Keto,19.28,6.5,99.94
45-54,Female,Southeast,Vegetarian,29.02,5.94,54.6
35-44,Female,Southwest,Vegan,18.57,7.03,43.08
18-24,Female,West,Keto,35.36,9.62,38.42
35-44,Male,West,Vegan,21.72,6.18,96.17
35-44,Female,Northeast,Omnivore,38.45,9.16,66.41
55+,Female,Southwest,Omnivore,34.16,7.23,99.54
25-34,Female,Southwest,Vegetarian,19.99,5.73,92.49
18-24,Male,Northeast,Omnivore,36.42,7.67,33.29
25-34,Male,Southeast,Vegetarian,17.25,9.3,88.4
35-44,Male,Southwest,Omnivore,24.08,8.71,44.18
18-24,Female,Southeast,Vegetarian,28.89,7.53,58.27
18-24,Female,Southwest,Omnivore,28.9,7.91,56.35
35-44,Male,Southwest,Vegan,32.19,4.2,79.64
25-34,Female,Northeast,Omnivore,28.11,9.72,95.54
35-44,Female,Southeast,Vegetarian,24.72,5.63,43.47
18-24,Female,West,Omnivore,21.68,8.81,86.86
35-44,Female,West,Omnivore,20.94,4.83,42.02
18-24,Female,Southwest,Vegetarian,28.78,7.96,32.59
18-24,Female,Northeast,Vegetarian,22.44,7.24,44.01
25-34,Male,Southwest,Keto,20.03,4.94,76.58
45-54,Female,Southwest,Vegetarian,38.69,6.94,94.13
45-54,Male,Southeast,Omnivore,32.83,4.72,83.72
18-24,Female,West,Vegetarian,39.46,6.17,57.76
35-44,Male,Northeast,Vegetarian,17.04,4.15,69.36
55+,Male,West,Vegan,35.63,6.41,76.42
18-24,Male,Midwest,Vegan,32.92,8.02,39.17
18-24,Female,Southwest,Keto,27.63,4.5,34.64
45-54,Male,Northeast,Omnivore,31.11,9.43,65.7
35-44,Male,Southeast,Omnivore,39.45,7.03,99.92
35-44,Female,Southeast,Vegan,40.99,7.3,47.63
55+,Female,Northeast,Vegan,20.7,5.94,33.37
18-24,Male,West,Omnivore,20.84,4.28,71.46
35-44,Female,Midwest,Vegetarian,32.27,4.74,54.58
55+,Male,Midwest,Vegetarian,29.13,6.34,89.05
18-24,Female,Southeast,Keto,25.25,7.41,33.42
55+,Female,Midwest,Vegetarian,16.35,6.05,63.56
45-54,Female,Southwest,Keto,16.93,7.95,31.53
18-24,Female,Southeast,Vegetarian,18.83,6.79,95.64
55+,Male,Northeast,Keto,23.38,9,36.92
18-24,Female,Midwest,Keto,37.5,5.57,69.6
55+,Male,Northeast,Vegan,39.8,7.9,88.02
55+,Female,Northeast,Omnivore,18.04,8.32,45.56
35-44,Male,Northeast,Vegan,16.91,7.65,63.28
45-54,Female,Northeast,Vegan,24.9,5.98,59.17
45-54,Female,West,Omnivore,18.73,6.15,74.71
35-44,Male,West,Vegetarian,28.63,9.19,43.41
35-44,Female,Southwest,Vegetarian,24.09,7.73,43.05
25-34,Female,Southeast,Vegan,35.87,7.32,33.39
25-34,Female,West,Keto,25.07,7.4,83.75
35-44,Female,Southwest,Vegetarian,31.79,9.97,48.64
18-24,Female,West,Vegan,20.74,8.1,91.68
25-34,Female,Northeast,Omnivore,31.65,9.38,65.74
25-34,Female,Southwest,Vegan,39.18,9.61,86.89
18-24,Male,Midwest,Vegetarian,31.7,5.99,32.1
18-24,Female,Southwest,Omnivore,20.07,9.2,71.51
45-54,Male,Southwest,Vegan,19.55,9.66,48.99
35-44,Female,Midwest,Vegetarian,21.25,6.36,91.51
25-34,Male,Midwest,Keto,17.71,5.7,77.44
25-34,Male,Northeast,Vegan,28.07,6.2,82.11
45-54,Female,Northeast,Omnivore,26.76,5.79,69.27
18-24,Female,Northeast,Keto,30.79,6.84,70.48
18-24,Female,West,Keto,25.63,9.31,47.56
18-24,Male,Southwest,Vegetarian,20.1,7.52,91.33
25-34,Female,Southwest,Vegetarian,25.09,7.33,94.9
45-54,Male,Southeast,Keto,33.64,4.29,49.39
25-34,Male,Southwest,Vegetarian,30.42,7.15,38.32
25-34,Male,Northeast,Keto,32.99,9.57,55.39
35-44,Male,West,Vegetarian,24.36,7.02,46.63
25-34,Female,Northeast,Vegetarian,36.02,6.79,70.25
25-34,Male,Midwest,Keto,32.36,5.45,83.02
25-34,Female,West,Vegan,22.69,5.79,42.69
25-34,Female,Southwest,Vegan,39.42,9.93,84.41
25-34,Male,Southwest,Omnivore,35.02,6.34,34.48
45-54,Female,West,Vegan,26.45,7.36,80.96
35-44,Male,Midwest,Keto,38.56,9.29,46.98
55+,Female,West,Vegan,28.3,6.03,51.98
25-34,Female,Midwest,Vegan,41.11,4.14,91.85
55+,Female,Southwest,Vegan,26.25,4.07,81.51
35-44,Female,West,Keto,30.96,5.05,35.79
45-54,Female,Midwest,Keto,36.81,6.44,50.4
18-24,Male,Northeast,Vegetarian,28.69,4.47,34.28
35-44,Male,Midwest,Vegetarian,27.8,4.39,85.55
45-54,Male,Southwest,Vegetarian,34.81,4.58,56.67
55+,Female,Southwest,Vegetarian,22.43,7.64,32.26
45-54,Male,Southeast,Vegetarian,39.84,8.77,37.72
18-24,Female,Southeast,Vegan,33.8,8.52,64.18
25-34,Male,Midwest,Keto,19.3,4.2,66.75
45-54,Female,Southwest,Keto,39.59,6.57,65.98
25-34,Male,Midwest,Vegetarian,26.86,9.8,59.03
25-34,Female,Northeast,Vegan,17.11,7.65,43.04
45-54,Female,Midwest,Vegetarian,24.39,4.41,89.71
18-24,Male,West,Keto,16.38,6.26,86.38
18-24,Female,Southwest,Vegan,18.7,4.72,96.5
45-54,Female,Midwest,Vegan,36.99,8.5,55.43
45-54,Female,West,Vegetarian,36.89,7.83,82.01
35-44,Female,Northeast,Vegetarian,27.02,8.12,71.49
45-54,Male,Southwest,Omnivore,24.32,8.8,76.77
45-54,Male,Midwest,Vegetarian,18.95,8.2,54.13
18-24,Female,Northeast,Vegan,16.55,7.18,62.37
18-24,Male,Southeast,Keto,20.12,9.53,91.1
45-54,Female,Midwest,Keto,24.1,6.71,60.9
18-24,Male,Southwest,Vegan,18.26,9.32,81.65
35-44,Female,Southeast,Keto,39.17,6.77,55.54
35-44,Female,Northeast,Vegan,18.79,4.2,65.13
25-34,Male,West,Vegetarian,23.94,6.36,70.13
55+,Female,Southwest,Omnivore,22.45,5.17,43.77
25-34,Male,Midwest,Vegetarian,19.75,8.02,57.64
18-24,Male,Southwest,Vegetarian,18.83,9.52,52.53
45-54,Female,Northeast,Omnivore,21.67,6.84,73.5
25-34,Female,Southwest,Vegan,32.75,9.65,77.17
55+,Female,Northeast,Vegetarian,34.51,7.3,59
25-34,Female,West,Omnivore,39.33,7.01,30.47
18-24,Female,Southwest,Keto,18.28,9.61,42.9
55+,Female,West,Keto,27.12,5.43,41.05
25-34,Male,Southeast,Vegetarian,25.59,9.48,45.47
25-34,Female,Southwest,Keto,40.45,6.52,76.64
25-34,Male,Southeast,Keto,37.6,7.17,90.5
25-34,Male,Southeast,Keto,23.19,7.87,71.51
55+,Male,Southeast,Vegetarian,26.92,4.27,81.19
35-44,Female,Southwest,Omnivore,41.31,8.06,36.72
45-54,Female,Midwest,Vegetarian,24.71,7.27,69.98
45-54,Female,Southwest,Omnivore,23.73,4.94,75.17
25-34,Male,Southeast,Vegetarian,30.25,8.43,98.11
35-44,Female,Southeast,Omnivore,31.39,7.02,32.91
55+,Female,Midwest,Keto,26.25,6.53,92.3
18-24,Male,Northeast,Vegan,37.93,6.75,83.51
18-24,Female,Southwest,Vegetarian,17.83,6.8,49.15
55+,Female,Midwest,Vegan,29.08,7.53,46.3
18-24,Female,Southeast,Vegan,32.7,9.62,54.49
35-44,Female,Southwest,Vegan,33.3,8.11,91.23
45-54,Male,Midwest,Vegan,40.7,5.6,68.32
35-44,Female,Southeast,Omnivore,22.93,6.41,72.39
25-34,Female,Southeast,Vegan,35.83,4.4,50.28
45-54,Female,West,Keto,24.41,5.15,30.62
18-24,Female,Southwest,Keto,31.59,4.76,47.85
35-44,Female,Midwest,Keto,23.66,9.18,48.15
55+,Female,Midwest,Vegetarian,28.27,6.66,93.89
25-34,Female,Southeast,Vegetarian,25.58,6.85,94.65
45-54,Female,Northeast,Keto,17.63,8.32,37.69
18-24,Male,Southeast,Vegetarian,40.27,7.01,97.47
35-44,Female,Northeast,Vegetarian,18.86,9.08,36.99
18-24,Male,West,Vegetarian,38.01,4.87,76.96
45-54,Male,Southwest,Vegetarian,22.25,6.05,56.69
55+,Female,Midwest,Vegan,37.53,8.21,35.92
18-24,Male,Southeast,Vegan,33.24,7.77,34.46
35-44,Male,Southeast,Omnivore,40.56,5.56,81.81
45-54,Female,West,Keto,31.97,7.03,91.19
45-54,Female,Northeast,Keto,30.47,9.98,79.19
55+,Female,Southeast,Vegan,28.34,5.23,80.79
35-44,Male,West,Omnivore,31.07,6.37,42.23
25-34,Female,Northeast,Vegan,26.47,9.8,93.21
35-44,Female,Midwest,Omnivore,19.86,9.2,72.26
45-54,Female,West,Vegan,35.38,5.47,40.83
18-24,Female,Southwest,Keto,36.39,4.12,78.77
45-54,Female,Southwest,Vegetarian,27.9,9.86,79.7
25-34,Female,Southwest,Omnivore,16.37,7.39,84.52
55+,Female,Midwest,Omnivore,28.41,8.1,34.79
25-34,Female,Midwest,Keto,21.75,8.12,92.77
35-44,Female,Southeast,Omnivore,26.71,7.05,64.7
25-34,Female,Southeast,Omnivore,20.93,4.32,98.33
35-44,Male,Southeast,Vegetarian,33.55,7.21,70.28
25-34,Female,Southeast,Vegetarian,29.49,4.11,30.18
35-44,Female,West,Vegetarian,25.65,6.94,81.74
18-24,Male,Southeast,Vegan,17.88,9.68,37.55
25-34,Female,West,Vegan,27.85,6.05,61.46
45-54,Female,Midwest,Keto,41.33,7.36,73.15
18-24,Female,Southwest,Omnivore,33.89,7.74,61.98
25-34,Female,West,Vegetarian,39.52,4.05,96.31
55+,Male,Southwest,Omnivore,35.61,8.31,81.92
18-24,Male,Southeast,Vegetarian,25.95,7.21,42.9
55+,Female,Southwest,Vegetarian,18.34,4.38,69.82
55+,Female,West,Keto,31.91,5.53,35.62
55+,Male,Southeast,Vegetarian,27.85,4.6,74.9
45-54,Female,Northeast,Vegetarian,24.63,6.17,48.78
25-34,Male,West,Keto,26.6,8.09,31.09
55+,Male,Northeast,Keto,23.44,4.14,62.99
25-34,Male,Southwest,Keto,39.49,6.03,47.86
25-34,Female,Southwest,Vegetarian,41.78,6.82,76.86
55+,Female,West,Vegetarian,31.39,6.27,30.78
45-54,Female,Northeast,Vegan,35.94,6.8,94.2
55+,Female,Southeast,Omnivore,18.37,9.7,98.11
55+,Male,West,Keto,17.66,7.97,40.97
18-24,Female,Southeast,Keto,23.24,9.52,76.47
55+,Male,Southwest,Vegan,35.1,4.49,60.28
25-34,Male,Northeast,Vegan,35.59,9.49,94.67
25-34,Female,West,Omnivore,28.79,5.59,52.08
35-44,Female,Midwest,Keto,36.53,9.8,75.51
45-54,Male,Southeast,Vegetarian,34.07,7.02,56.04
35-44,Female,Southwest,Vegetarian,16.25,5.3,59.52
45-54,Male,Southwest,Vegetarian,39.59,8.13,60.66
18-24,Female,West,Vegan,17.99,9.47,31.98
18-24,Female,Midwest,Vegan,25.45,6.82,31.81
35-44,Female,Northeast,Vegetarian,35.93,7.98,53.33
35-44,Male,Southeast,Keto,38.61,7.31,38.77
45-54,Male,Midwest,Vegetarian,26.38,5.59,40.08
35-44,Male,West,Vegan,17.04,8.1,51.02
25-34,Male,West,Keto,29.32,7.45,91.62
35-44,Female,Southwest,Vegan,19.06,6.56,33.96
45-54,Male,West,Vegetarian,39.05,5.67,61.71
45-54,Female,Midwest,Omnivore,36.21,5.46,62.98
25-34,Female,Midwest,Omnivore,34.64,9.58,79.72
25-34,Male,Midwest,Omnivore,34.38,7.85,52.54
45-54,Male,Southwest,Keto,31.11,4.37,40.77
18-24,Male,West,Vegetarian,41.48,8.75,78.31
35-44,Female,Midwest,Vegetarian,38.96,5.19,45.79
45-54,Male,Midwest,Vegan,25.35,9.21,31.31
18-24,Female,Southwest,Keto,21.99,9.67,68.6
25-34,Male,Northeast,Keto,37.25,9.91,50.95
45-54,Female,Southeast,Vegan,20.19,9.34,57.29
18-24,Male,Northeast,Vegetarian,29.09,5.76,78.18
45-54,Male,Southwest,Keto,38.61,4.78,86.3
35-44,Male,Northeast,Keto,37.34,9.12,74.31
55+,Male,West,Omnivore,41.2,9.21,81.95
55+,Male,West,Vegan,27.46,7.25,36.04
18-24,Male,Southwest,Vegetarian,21.53,8.58,56.2
35-44,Male,Southwest,Omnivore,29.14,9.28,40.29
18-24,Female,West,Omnivore,22.1,5.28,83.09
25-34,Male,Midwest,Vegetarian,29.41,8.52,99.93
45-54,Female,West,Vegetarian,40.33,7.69,57.62
25-34,Female,West,Vegetarian,40.5,9.4,47.55
55+,Male,Northeast,Vegan,33.81,5.13,55.04
18-24,Female,Midwest,Omnivore,38.14,6.49,57.92
45-54,Male,Northeast,Vegetarian,31.14,7.41,72.06
25-34,Male,Southwest,Vegan,33.11,4.04,46.91
35-44,Female,Northeast,Vegan,34.72,6.16,98.35
55+,Female,Northeast,Vegan,20.59,4.58,34.86
45-54,Male,Southwest,Vegan,36.74,4.75,47.72
45-54,Female,Northeast,Keto,35.66,4.71,66.76
45-54,Female,Midwest,Keto,20,7.36,62.12
25-34,Male,Southwest,Omnivore,24.18,4.51,52.73
45-54,Female,West,Vegetarian,23.42,4.39,54.89
45-54,Female,Northeast,Keto,18.78,9.62,82.22
55+,Male,Southeast,Vegan,32.81,7.32,64.06
18-24,Female,Northeast,Vegetarian,31.09,5.61,96.63
35-44,Male,Southeast,Keto,24.83,7.52,38.6
45-54,Female,Southeast,Vegetarian,32.04,9.11,32.65
35-44,Male,Midwest,Vegan,37.52,5.29,88.26
45-54,Male,Midwest,Vegan,22.97,4.88,73.29
18-24,Female,Northeast,Omnivore,27.85,7.09,31.46
25-34,Male,Southeast,Omnivore,36.21,7.2,46.9
35-44,Female,Southwest,Vegan,25.35,8.94,72.27
25-34,Female,Southwest,Omnivore,16.81,8.98,33.72
25-34,Female,Southeast,Vegan,26.58,7.96,60.68
18-24,Female,Southeast,Vegan,32.38,7,85.42
18-24,Female,Northeast,Vegan,28.43,9.89,79.97
35-44,Female,West,Keto,32.7,6.07,64.55
55+,Female,Southwest,Keto,32.39,9.28,77.29
35-44,Female,Northeast,Vegan,22.4,9.41,37.75
18-24,Female,Southeast,Omnivore,38.64,4.28,35.67
45-54,Female,Midwest,Keto,34.66,8.62,92.68
45-54,Female,Southwest,Omnivore,24.38,7.01,73.03
25-34,Male,Midwest,Vegetarian,40.44,8.45,63.27
55+,Male,Midwest,Omnivore,16.51,7.19,53.69
55+,Female,Southwest,Vegetarian,35.31,4.13,99.25
45-54,Female,Southwest,Omnivore,37.54,4.12,64.81
55+,Male,Midwest,Vegetarian,21.65,7.52,61.79
25-34,Male,Southwest,Omnivore,18.33,9.92,66.46
18-24,Female,Southwest,Keto,36.54,4.57,58.6
35-44,Female,West,Vegan,33.27,8.98,89.34
35-44,Male,Midwest,Omnivore,39.84,5.29,56.57
25-34,Male,Midwest,Vegetarian,41.44,6.64,55.05
55+,Male,Southeast,Keto,41.72,6.72,99.96
25-34,Male,West,Omnivore,32.65,4.12,53.84
25-34,Male,Southwest,Vegetarian,21.45,5.69,59.53
45-54,Male,Southwest,Omnivore,33.32,9.09,55.55
35-44,Male,Southeast,Keto,39.4,7.92,88.18
35-44,Female,Southwest,Vegetarian,31.67,7.27,78.63
45-54,Male,Northeast,Omnivore,32.76,9.75,80.41
35-44,Male,West,Keto,26.61,9.72,42
55+,Female,West,Keto,32.25,5.48,92.48
55+,Female,Midwest,Omnivore,36.7,5.88,90.73
25-34,Male,West,Keto,22.5,8.08,95.28
18-24,Female,Southeast,Vegan,34.83,5.33,86.48
25-34,Male,Southeast,Vegan,17.69,6.77,81.86
55+,Male,Northeast,Keto,39.95,7.45,65.16
25-34,Female,Southwest,Vegetarian,17.38,6.93,99.59
45-54,Female,Southwest,Vegetarian,25.76,4.22,67.36
25-34,Male,Northeast,Vegetarian,38.47,5.38,38.92
55+,Male,Southwest,Vegetarian,33.82,7.89,68.88
35-44,Female,Southwest,Vegetarian,21.86,5.93,75.91
35-44,Male,Southwest,Omnivore,17.45,7.25,75.13
45-54,Male,West,Vegan,29.86,6.87,46.65
18-24,Male,Northeast,Vegetarian,33.01,6.6,98.78
35-44,Male,Midwest,Keto,33.19,6.23,30.66
55+,Male,Northeast,Keto,35.18,8.46,84.76
55+,Female,Southwest,Vegetarian,23.01,7.62,78.59
45-54,Female,Midwest,Keto,30.26,9.71,95.83
35-44,Male,Southwest,Omnivore,21.06,4.07,42.72
25-34,Female,Northeast,Omnivore,39.48,4.73,71.71
35-44,Male,Southeast,Vegan,21.34,5.83,41.26
35-44,Female,Southwest,Vegetarian,21.89,5.26,80.21
55+,Female,Northeast,Omnivore,16.41,4.78,81.06
55+,Male,Northeast,Vegetarian,33.07,7.75,63.35
25-34,Male,Northeast,Omnivore,30.84,6.45,83.14
25-34,Female,Northeast,Keto,24.72,7.22,53.15
25-34,Male,West,Keto,35.62,6.7,73.41
35-44,Female,Midwest,Vegan,24.23,5.54,44.57
35-44,Female,Southwest,Vegan,33.04,9.45,57.67
18-24,Female,Southwest,Vegetarian,37.95,8.09,65.33
55+,Male,West,Omnivore,26.72,9.98,67.39
25-34,Female,Southwest,Vegan,38.25,8.6,30.14
18-24,Male,Southwest,Vegetarian,23.65,7.83,46.31
18-24,Female,Southwest,Omnivore,20.88,4.05,64.14
45-54,Female,Midwest,Vegan,22.65,6.87,31.18
45-54,Female,Northeast,Keto,19.02,7.87,45.21
25-34,Female,Northeast,Vegetarian,41.87,7.39,73.09
25-34,Male,Midwest,Keto,22.46,5.34,93.17
25-34,Female,Southwest,Vegan,16.57,8.62,89.26
35-44,Male,Southwest,Keto,32.87,7,32.16
55+,Male,Southwest,Omnivore,16.19,7.12,88.26
25-34,Female,West,Keto,23.25,6.67,64.67
55+,Female,Southwest,Vegan,41.08,5.05,43.44
55+,Male,West,Vegetarian,19.79,6.98,54.47
45-54,Female,Northeast,Omnivore,37.2,7.98,91.74
18-24,Male,Midwest,Vegetarian,25.53,4.98,87.22
25-34,Female,Northeast,Keto,27.68,7.41,86.87
55+,Male,West,Omnivore,17.6,8.42,39.09
45-54,Male,West,Keto,20.48,9.26,48.26
18-24,Male,Southeast,Omnivore,40.63,5.15,83.63
55+,Female,Northeast,Keto,36.58,7.11,58.61
45-54,Female,Northeast,Vegetarian,24.76,4.77,33.78
55+,Female,Midwest,Vegan,29.56,7.42,53.89
45-54,Female,West,Vegetarian,24.67,7.15,69.08
55+,Male,West,Omnivore,36.54,4.43,89.28
18-24,Male,West,Keto,32.48,5.1,90.15
35-44,Female,West,Keto,21.12,7.96,53.59
25-34,Female,Southeast,Vegan,23.01,7.89,58.53
18-24,Female,Southwest,Omnivore,29.8,7.18,65.85
45-54,Female,Southeast,Omnivore,39.45,8.74,81.17
18-24,Male,Southeast,Keto,27.68,9.8,82.02
18-24,Male,West,Vegetarian,28.79,8.36,42.51
25-34,Female,Southwest,Keto,32.37,4.08,36.62
18-24,Male,Southwest,Vegan,18.08,5.76,84.01
18-24,Male,Southwest,Vegan,25.09,4.72,53.02
35-44,Female,Midwest,Keto,16.56,8.33,67.14
55+,Male,West,Omnivore,30.67,8.35,50.39
35-44,Female,Southwest,Vegetarian,27.38,7.06,30.79
18-24,Female,Southwest,Vegetarian,30.82,7.05,40.32
55+,Male,Northeast,Vegan,18.27,7.52,43.5
55+,Female,Southwest,Vegan,31.33,4.56,93.41
55+,Female,West,Keto,20.46,4.21,66.39
35-44,Male,Southeast,Keto,36.63,4.11,56.06
45-54,Female,Midwest,Vegan,20,9.54,32.46
35-44,Male,Northeast,Vegetarian,30.74,8.84,74.72
25-34,Male,Southwest,Vegetarian,21.53,9.11,69.04
25-34,Male,Northeast,Vegetarian,37.2,8.11,89.29
18-24,Male,Midwest,Vegetarian,33.49,6.83,45.3
35-44,Female,Northeast,Vegan,16.13,5.59,50.98
45-54,Female,Northeast,Vegan,38.79,7.96,79.08
45-54,Male,Midwest,Vegetarian,25.07,9.42,56.19
55+,Male,Southwest,Omnivore,31.66,4.64,70.3
55+,Female,Midwest,Vegan,39.33,8.25,95.87
25-34,Male,West,Vegan,16.59,5.8,59.77
18-24,Male,Midwest,Vegetarian,22.15,5.02,72.43
35-44,Female,Southwest,Vegetarian,37.15,8.6,34.4
55+,Male,Southeast,Vegetarian,17.45,7.47,64.12
55+,Male,Northeast,Keto,34.88,8.21,62.7
45-54,Female,Northeast,Vegetarian,33.71,8.07,32.29
55+,Female,West,Vegetarian,33.15,5.2,81.09
18-24,Female,West,Keto,23.16,8.1,81.64
25-34,Male,Northeast,Omnivore,33.94,8.17,76.95
25-34,Female,Midwest,Vegetarian,17.9,5.15,97.78
45-54,Male,Midwest,Omnivore,24.99,8.3,71.78
25-34,Female,West,Keto,41.78,9.91,98.89
55+,Male,Midwest,Keto,20.94,6.59,59.45
25-34,Female,Southeast,Vegetarian,19.38,5.95,92.73
25-34,Female,Southwest,Vegan,32.06,5.41,76.14
25-34,Male,Southeast,Keto,40.29,7.49,95.55
35-44,Female,Northeast,Keto,36.7,9.91,39.35
45-54,Female,Southeast,Keto,30.84,7.46,78.13
35-44,Female,Southwest,Keto,28.85,4.18,86.62
45-54,Female,Southwest,Vegetarian,20.68,6.16,42.17
45-54,Female,Southeast,Vegan,37.52,9.66,95.6
35-44,Female,Northeast,Keto,41.95,5.59,79.58
25-34,Male,Southwest,Keto,20.68,7.09,33.12
18-24,Female,Southeast,Keto,41.6,6.17,86.78
55+,Male,Northeast,Vegetarian,38.66,4.1,69.17
25-34,Female,Midwest,Vegan,40.36,8.4,92.04
45-54,Female,Southeast,Keto,26.08,5.64,30.84
18-24,Female,Northeast,Vegan,16.33,6.09,33.31
45-54,Male,West,Omnivore,34.68,4.38,45.35
35-44,Male,Southwest,Keto,35.76,4.21,52.11
25-34,Female,Northeast,Vegan,24.78,6.37,58.12
25-34,Female,Midwest,Vegan,24.76,5.85,60.93
25-34,Male,Southeast,Vegan,40.02,9.35,79.94
45-54,Male,Southeast,Vegan,28.38,9.45,46.64
45-54,Female,West,Omnivore,37.45,8.58,60.02
45-54,Female,Southeast,Vegan,19.14,5.66,88.27
45-54,Male,Midwest,Vegan,40.54,6.81,69.44
45-54,Female,Northeast,Keto,40.65,8.62,36.44
18-24,Male,West,Vegetarian,17.77,4.21,46.77
25-34,Female,Southwest,Vegan,37.76,6.21,90.89
25-34,Female,Northeast,Omnivore,21.93,9.61,81.4
25-34,Male,Southwest,Omnivore,37.83,5.54,94.5
35-44,Female,West,Omnivore,27.92,9.11,38.05
35-44,Male,West,Vegetarian,18.45,7.67,67.91
45-54,Female,West,Vegetarian,25.76,5.13,72.59
45-54,Female,Southwest,Keto,38.43,7.18,89.7
35-44,Male,West,Omnivore,38.19,6.85,88.55
55+,Male,Midwest,Vegetarian,24.59,8.53,34.67
55+,Female,West,Vegetarian,30.36,4.96,62.29
18-24,Male,Northeast,Vegan,32.12,4.21,94.46
18-24,Male,Northeast,Keto,26.14,4.38,73.6
18-24,Female,Southwest,Omnivore,23.78,4,65.53
25-34,Female,West,Keto,40.36,8.62,41.45
18-24,Female,Midwest,Omnivore,23.25,8.58,45.71
25-34,Male,Midwest,Keto,24.54,9.32,58.1
25-34,Female,Southwest,Omnivore,29.26,4.78,36.82
55+,Male,Northeast,Keto,31.23,6.92,40.26
35-44,Female,Northeast,Keto,25.24,5.26,72.39
55+,Male,Midwest,Vegan,37.55,7.97,54.82
45-54,Female,Midwest,Omnivore,40.08,7.81,34.05
55+,Female,Northeast,Omnivore,29,5.26,47.89
35-44,Female,Southwest,Vegetarian,17.02,5.41,64.97
45-54,Female,West,Vegetarian,32.75,5.83,50.67
55+,Male,Southwest,Vegetarian,30.51,5.5,74.07
35-44,Female,Southwest,Vegetarian,33.44,5.46,43.02
45-54,Male,West,Vegetarian,27.65,9.78,78.06
18-24,Female,Southwest,Omnivore,38.61,8.04,38.38
45-54,Female,West,Vegetarian,18.39,7,45.99
45-54,Male,Northeast,Keto,34.43,5.79,80.09
35-44,Male,West,Omnivore,24.12,9.22,35.04
25-34,Male,Midwest,Vegan,37.07,4,94.63
18-24,Male,Southeast,Keto,23.33,7.15,65.75
35-44,Male,Midwest,Keto,32.15,6.65,65.96
55+,Female,West,Omnivore,20.01,4.67,89.95
55+,Male,Southwest,Vegan,28.58,5.89,70.92
55+,Female,Northeast,Omnivore,31.31,8.17,34.35
35-44,Female,Southeast,Keto,24.52,8.61,75.52
18-24,Male,West,Keto,36.21,6.53,81.21
35-44,Female,Midwest,Omnivore,31.84,6.65,38.72
18-24,Female,West,Vegan,21.6,7.66,73.65
35-44,Female,West,Vegan,20.75,8.99,60.5
25-34,Male,Midwest,Omnivore,29.71,9.39,85.33
35-44,Male,Midwest,Keto,19.51,7.14,86.8
25-34,Female,Midwest,Omnivore,31.54,7.45,54.64
18-24,Female,Southwest,Keto,31.94,7.78,99.05
55+,Female,Northeast,Vegan,34.18,7.08,35.84
25-34,Female,Northeast,Keto,27.45,4.77,81.87
18-24,Female,Midwest,Vegetarian,33.49,6.55,45.01
55+,Male,Southeast,Keto,19.83,8.84,72.52
45-54,Female,Southwest,Vegetarian,22.56,6.89,59.37
45-54,Male,Southeast,Vegetarian,23.31,7.18,91.46
18-24,Male,Midwest,Keto,24.21,4.53,68.62
55+,Female,Midwest,Omnivore,27.56,9.38,92.25
45-54,Female,Midwest,Keto,32.26,4.11,64.16
25-34,Female,Northeast,Vegetarian,34.38,7.52,55.77
18-24,Female,Northeast,Omnivore,20.18,5.96,60.92
45-54,Female,West,Vegan,42,9.62,85.43
55+,Male,Southeast,Omnivore,20.7,9.34,96.83
35-44,Male,Northeast,Omnivore,32.81,6.13,78.91
18-24,Female,Southwest,Vegetarian,24.74,8.37,84.72
55+,Female,West,Vegetarian,37.71,5.74,60.36
55+,Male,Southwest,Vegan,27.02,9.87,35.16
18-24,Female,Northeast,Keto,16.55,8.18,60.13
25-34,Female,Northeast,Vegetarian,16.3,4.78,51.35
25-34,Female,West,Omnivore,38.87,6.43,69.09
18-24,Male,Southeast,Omnivore,38.33,5.8,64.23
45-54,Female,Northeast,Omnivore,16.38,7.82,47.61
18-24,Male,West,Vegetarian,39.76,7.32,51.27
55+,Female,West,Vegan,25.33,5.99,62.08
18-24,Male,Northeast,Keto,41.34,7.97,56.67
35-44,Male,West,Vegetarian,30.95,7.91,43.6
45-54,Female,West,Omnivore,26.33,6.51,63.91
45-54,Female,Midwest,Keto,17.89,5.76,53.79
55+,Female,West,Omnivore,19.73,6.85,70.36
25-34,Female,Southeast,Vegan,27.96,6.38,76.44
45-54,Female,Northeast,Vegetarian,32.17,4.25,42.04
25-34,Male,Midwest,Vegan,17.16,4.68,33.69
55+,Male,Southeast,Vegetarian,29.22,6.49,99.49
35-44,Female,West,Vegetarian,34.84,7.57,76.33
55+,Male,Northeast,Vegan,41,7.92,90.37
45-54,Female,Southwest,Omnivore,38.07,9.17,99.31
25-34,Male,West,Vegan,21.35,5.5,87.45
45-54,Male,West,Vegan,27.04,4.94,76.28
35-44,Female,Midwest,Keto,17.75,8.99,73.83
55+,Female,Northeast,Vegetarian,41.24,4.33,53.22
35-44,Male,Southeast,Omnivore,23.02,9.11,61.42
55+,Female,Northeast,Vegetarian,16.96,5.92,88.38
18-24,Male,Northeast,Keto,39.4,7.69,72.32
18-24,Male,Southwest,Vegetarian,27.83,9.48,93.15
25-34,Male,West,Vegan,26.4,6.79,59.77
18-24,Female,Southeast,Omnivore,39.4,5.8,74.78
25-34,Female,Southwest,Omnivore,26.18,9.13,39.65
45-54,Male,West,Omnivore,18.83,9.24,51.97
55+,Male,West,Vegan,18.7,4.87,52.78
18-24,Female,Southwest,Vegetarian,33.73,7.56,86.93
35-44,Female,Midwest,Vegan,24.04,6.39,68.79
45-54,Female,Southwest,Keto,31.9,8.77,35.44
35-44,Male,Midwest,Omnivore,37.91,6.25,61.35
55+,Female,Midwest,Vegan,28.61,7.63,33.73
25-34,Female,Southwest,Omnivore,34.98,4.83,64.35
18-24,Female,Northeast,Vegetarian,18.01,8.65,78.96
55+,Male,West,Keto,21.71,9.75,85.6
18-24,Female,Southwest,Omnivore,30.66,9.48,31.22
35-44,Female,West,Keto,21.76,5.9,94.67
35-44,Female,Southeast,Keto,25.82,9.6,93.49
35-44,Male,West,Vegetarian,37.39,4.5,57.35
35-44,Female,Southwest,Omnivore,26.39,6.64,79.59
25-34,Female,Northeast,Omnivore,18.98,4.99,31.15
55+,Female,West,Omnivore,23.3,6.82,47.93
35-44,Female,Southeast,Keto,32.09,8.98,84.6
25-34,Male,Midwest,Vegetarian,35.5,9.45,79.42
45-54,Female,Southeast,Vegan,31.36,9.98,58.81
25-34,Female,Southeast,Vegan,32.94,8.99,48.09
35-44,Male,Midwest,Omnivore,18.88,8.3,85.48
35-44,Female,Southeast,Vegetarian,36.39,5.82,83.6
55+,Male,Midwest,Omnivore,40.31,8.93,79.44
45-54,Male,Southwest,Keto,29.94,6.81,62.56
35-44,Female,Southeast,Vegetarian,22.52,5.66,79.44
18-24,Male,Northeast,Vegetarian,22.33,5.73,59.41
35-44,Female,Southeast,Vegetarian,33.91,4.58,68.61
25-34,Female,Midwest,Vegan,22.84,7.02,60.05
25-34,Female,Northeast,Omnivore,23.88,7.83,46.94
55+,Male,Southwest,Vegetarian,20.73,8.49,92.49
25-34,Female,Midwest,Keto,28.11,5.42,64.42
35-44,Male,Midwest,Vegan,34.22,5.24,57.42
18-24,Female,Midwest,Vegan,41.96,8.27,54.01
25-34,Female,Southwest,Vegetarian,40.25,4.08,46.39
18-24,Female,Southeast,Keto,34.43,4.11,89.92
35-44,Female,Northeast,Keto,25.45,5.23,67.12
18-24,Female,Southwest,Vegan,33.73,9.36,66.07
35-44,Male,Southwest,Vegetarian,35.41,6.7,51.07
45-54,Male,Southwest,Omnivore,23.29,8.47,46.03
18-24,Male,Southwest,Vegan,35.86,5.61,65.92
35-44,Female,Northeast,Omnivore,35.92,9.02,43.33
55+,Male,Southwest,Omnivore,19.36,8.92,44.91
18-24,Male,Midwest,Vegetarian,28.48,5.36,64.67
25-34,Female,Northeast,Vegan,20.25,5.04,90.03
35-44,Female,Midwest,Vegan,26.23,7.3,87.4
55+,Female,Southwest,Vegan,21.46,5.18,41.38
18-24,Female,West,Keto,26.69,6.45,68.64
35-44,Male,Northeast,Keto,18.6,4.79,31.31
55+,Male,Southwest,Keto,32.73,8.02,39.4
25-34,Female,Northeast,Keto,18.14,6.62,47.58
45-54,Male,West,Vegan,29.57,6.52,85.32
25-34,Male,West,Vegan,28.65,7.08,52.46
18-24,Female,Northeast,Vegetarian,18.44,6.12,66.75
18-24,Male,Southwest,Keto,27.71,5.37,53.29
55+,Male,Northeast,Keto,37.24,9,47.53
18-24,Male,Southwest,Omnivore,31.74,9.67,84.1
45-54,Female,Southeast,Keto,19.03,9.18,89.32
18-24,Male,Southeast,Keto,32.9,8.78,73.34
55+,Male,Midwest,Keto,20.08,8.19,59.06
45-54,Female,Southeast,Omnivore,22.87,5.77,64.19
55+,Male,Southwest,Vegetarian,16.47,4.9,59.43
35-44,Female,Northeast,Vegan,38.7,9.8,99.04
25-34,Female,Northeast,Vegan,30.85,6.64,87.55
45-54,Female,Midwest,Omnivore,24.06,8.21,88.06
55+,Female,Midwest,Vegan,30.4,4.45,93.97
55+,Male,Southwest,Vegetarian,25.4,7.05,94.2
55+,Female,Southeast,Omnivore,24.17,4.46,32.23
25-34,Male,West,Keto,38.72,7.55,49.06
25-34,Male,Midwest,Keto,30.68,8.81,50.37
45-54,Male,Southeast,Omnivore,37.51,7.34,54.42
55+,Male,West,Keto,19.19,4.36,47.51
55+,Female,Northeast,Vegetarian,17.68,6.36,30.78
45-54,Female,Northeast,Omnivore,16.63,8.74,65.7
18-24,Female,West,Vegan,22.94,6.1,48.6
35-44,Male,Northeast,Vegetarian,25.94,7.92,77.94
35-44,Female,Midwest,Vegetarian,36.6,4.56,30.86
35-44,Female,Northeast,Omnivore,20.68,5.28,69.75
18-24,Male,Southeast,Vegan,18.36,4.37,93.12
25-34,Female,West,Keto,19.08,8.23,42.29
45-54,Male,Southeast,Vegetarian,18.36,7.92,95.79
45-54,Male,West,Omnivore,20.27,9.72,85.47
55+,Male,Southwest,Keto,36.11,4.85,44.86
55+,Male,Midwest,Vegan,41.28,9.52,82.42
45-54,Male,West,Vegan,33.78,8.2,80.36
25-34,Male,Northeast,Vegan,34.67,6.96,32.27
25-34,Female,West,Vegan,31.87,5.36,48.85
35-44,Female,Midwest,Omnivore,23.61,8.11,75.59
45-54,Female,Southwest,Vegan,16.6,6.11,46.74
25-34,Male,Northeast,Vegetarian,40.89,4.09,73.14
45-54,Female,Southwest,Vegan,20.79,6.96,42.08
18-24,Male,West,Vegan,18.08,7.98,36.06
35-44,Female,Northeast,Keto,29.75,4.57,71.18
35-44,Male,Midwest,Keto,23.49,8.87,42.47
25-34,Female,Southeast,Keto,27.94,4.11,85.13
55+,Male,West,Vegan,19.21,5.72,75.01
55+,Female,Southwest,Vegan,17.63,8.6,81.09
18-24,Male,West,Vegetarian,16.01,6.8,58.72
18-24,Female,Southeast,Omnivore,34.95,5,40.39
35-44,Male,Midwest,Vegan,30.24,6.03,88.21
18-24,Male,West,Omnivore,16.37,4.79,89.18
18-24,Male,West,Keto,19.77,7.72,85.19
45-54,Female,Midwest,Vegan,29.63,5.18,45.29
25-34,Male,West,Keto,34.52,6.3,65.05
18-24,Female,Northeast,Keto,36.19,9.31,55.82
45-54,Male,West,Vegan,32.51,8.53,33.93
55+,Male,Southeast,Keto,36.72,9.83,30.88
35-44,Male,West,Omnivore,34.33,6.99,48.05
35-44,Male,Southeast,Omnivore,25.22,4.34,91.72
25-34,Female,Southwest,Keto,22.85,9.48,51.81
18-24,Male,West,Vegan,17.61,4.58,50.1
55+,Female,Northeast,Omnivore,20.96,7.39,73.91
55+,Male,Northeast,Keto,19.99,9.9,65.07
25-34,Female,Southwest,Keto,36.18,7.12,98.78
35-44,Female,Northeast,Vegetarian,29.88,5.29,88.98
25-34,Male,Southwest,Vegetarian,30.09,6.88,40.53
55+,Female,Midwest,Vegan,21.81,6.7,35.32
55+,Male,Southwest,Vegetarian,21.6,9.16,57.82
18-24,Female,Southwest,Vegan,20.2,6.75,98.45
18-24,Female,Midwest,Omnivore,26.05,5.89,50.23
35-44,Female,Northeast,Omnivore,22.93,9.52,76.15
55+,Female,Northeast,Vegetarian,18.12,6.6,64.37
45-54,Female,Midwest,Vegetarian,41.76,9.49,54.37
55+,Female,Northeast,Omnivore,25.09,4.16,98.33
18-24,Female,Midwest,Vegan,20.25,7.05,35.25
18-24,Male,West,Omnivore,22.26,9.47,80
35-44,Female,Northeast,Vegetarian,33.65,6,81.87
45-54,Female,Southwest,Omnivore,37.37,6.12,45.75
35-44,Male,Northeast,Vegan,26.98,8.89,79.45
55+,Male,Southwest,Vegetarian,32.95,7.47,92.63
55+,Female,Midwest,Vegan,41.2,8.02,32.39
25-34,Female,Midwest,Omnivore,25.8,4.39,82.16
18-24,Male,Southeast,Keto,34.12,7.28,37.35
18-24,Female,Northeast,Omnivore,19.73,6.65,56.17
18-24,Female,West,Omnivore,28.16,8.48,83.92
18-24,Female,Midwest,Keto,16.19,9.5,88.64
35-44,Female,Midwest,Vegan,35.28,7.19,79.95
18-24,Male,Southeast,Omnivore,31.29,9.72,64.8
55+,Female,Midwest,Vegan,24.88,6.3,59.6
18-24,Male,Southwest,Keto,30.04,6.05,39.62
25-34,Male,Southwest,Vegan,39.79,9.2,41.1
55+,Male,Southeast,Vegetarian,28.79,6.16,46.72
45-54,Female,West,Omnivore,20.84,5.28,31.02
35-44,Male,West,Omnivore,22.76,7.61,35.46
55+,Male,Southwest,Vegetarian,17.49,5.18,88.87
25-34,Female,Midwest,Omnivore,29.6,6.16,89.36
55+,Male,Southeast,Vegetarian,33.37,5.79,33.93
25-34,Male,West,Omnivore,24.38,6.66,58.93
18-24,Female,Midwest,Vegan,26.49,6.84,54.06
18-24,Male,Northeast,Keto,41.59,5.48,57.47
18-24,Female,Southeast,Omnivore,40.7,5.12,76.87
18-24,Female,West,Keto,28.01,9.1,75.02
35-44,Male,West,Vegetarian,29.88,4.65,44.78
45-54,Male,Northeast,Keto,27.26,9.25,33.61
45-54,Female,West,Omnivore,41.12,5.12,78.72
25-34,Female,Southwest,Vegetarian,28.08,8.99,96.12
45-54,Female,Midwest,Vegetarian,32.12,7.13,43.76
25-34,Male,Midwest,Keto,37.99,8.57,99.16
35-44,Male,Southwest,Vegetarian,20.23,8.97,41.08
45-54,Female,West,Omnivore,32.29,8.33,93.47
25-34,Male,Midwest,Vegan,32.4,8.11,35.99
18-24,Male,Midwest,Keto,16.08,7.6,36.01
45-54,Male,Southeast,Vegetarian,24.17,4.52,33.72
25-34,Female,Southeast,Keto,27.07,10,40.13
45-54,Female,Midwest,Keto,16.35,8.04,44.71
25-34,Female,Midwest,Omnivore,37.02,8.94,49.62
35-44,Male,West,Vegetarian,23.83,7,90.57
25-34,Male,Midwest,Vegan,32.67,5.07,32.9
18-24,Male,Southwest,Vegetarian,41.71,5.14,82.61
35-44,Male,Southwest,Keto,31.26,9.36,49.47
55+,Male,West,Omnivore,27.59,4.41,40.75
45-54,Male,Southeast,Omnivore,40.22,5.93,53.65
18-24,Female,Midwest,Vegan,18.16,8.67,41.58
35-44,Male,Northeast,Vegetarian,32.1,8.49,64.74
45-54,Female,Southwest,Omnivore,20.17,4.6,91.68
18-24,Female,Midwest,Omnivore,31.89,5.09,71.49
18-24,Female,Southwest,Omnivore,37.1,6.31,58.84
25-34,Female,Midwest,Vegan,23.12,9.19,32.24
55+,Male,Southwest,Omnivore,18.88,9.49,91.69
18-24,Female,Northeast,Keto,16.44,7,30.7
35-44,Male,Midwest,Omnivore,37.55,6.2,50.14
35-44,Male,Northeast,Omnivore,25.24,7.06,83.99
18-24,Male,Southwest,Vegetarian,35.25,8.49,82.67
25-34,Male,Southeast,Keto,27.01,9.25,90.72
18-24,Female,Midwest,Vegan,36.76,4.85,86.83
55+,Female,West,Vegan,37.55,8.04,43.75
18-24,Male,Northeast,Omnivore,35.1,7.74,85.66
18-24,Male,Midwest,Vegan,27.68,7.26,55.11
18-24,Male,West,Vegetarian,39.38,6.04,80.52
25-34,Male,Midwest,Keto,35.44,8.03,66.75
18-24,Male,Southwest,Vegetarian,36.34,6.55,37.15
18-24,Female,Northeast,Omnivore,34.49,8.95,30.71
25-34,Female,Southeast,Omnivore,41.29,5.2,57.05
45-54,Male,Northeast,Vegetarian,18.45,9.51,46.72
18-24,Female,Northeast,Omnivore,21.22,8.98,43.7
55+,Female,Southwest,Omnivore,23.3,4.98,92.59
35-44,Female,Northeast,Vegan,22.54,5.09,38.63
55+,Male,Southwest,Omnivore,18.71,5.23,49.66
25-34,Female,Midwest,Vegetarian,19.98,9.84,71.5
35-44,Male,Midwest,Vegetarian,32.3,9.91,53.89
25-34,Female,Southeast,Omnivore,18.3,9.38,97.82
35-44,Male,Midwest,Vegetarian,33.46,4.72,89.99
55+,Male,Northeast,Vegan,36.81,4.06,96.62
18-24,Male,Northeast,Omnivore,18.83,7.77,37.59
45-54,Female,West,Vegan,37.13,4.69,52.99
35-44,Male,Northeast,Vegan,25.96,5.61,48.16
35-44,Male,Southeast,Omnivore,40.78,7.68,96.95
18-24,Female,West,Vegan,38.01,8.98,32.11
35-44,Female,Southeast,Vegetarian,22.3,5.14,48.64
35-44,Male,West,Keto,36.03,8.18,75.41
45-54,Male,Northeast,Vegetarian,34.23,7.92,31.07
25-34,Male,Southwest,Vegetarian,24.98,4.46,64.36
45-54,Female,Northeast,Omnivore,19.89,4.35,48.46
55+,Male,Southeast,Keto,35.45,4.99,66.71
35-44,Male,Northeast,Omnivore,23.64,8.85,36.22
35-44,Female,Southwest,Keto,36.19,8.16,42.51
35-44,Female,Southeast,Vegetarian,31.15,5.48,74.97
25-34,Female,Midwest,Vegetarian,23.01,9.46,56.11
18-24,Female,Southeast,Vegetarian,36.1,9.2,34.92
18-24,Female,Southwest,Omnivore,29.17,5.4,87.55
18-24,Female,Midwest,Omnivore,30.76,6.09,92.88
18-24,Female,Midwest,Vegan,35.88,7.67,90.03
18-24,Female,West,Omnivore,17.59,7.24,43.96
35-44,Male,Southeast,Keto,34.96,4.02,87.08
18-24,Female,Northeast,Vegetarian,33.58,8.86,41.32
25-34,Male,Southeast,Omnivore,25.47,8.28,53.37
35-44,Female,West,Vegan,22.66,10,93.62
25-34,Male,West,Vegetarian,33.52,5.5,94.58
45-54,Male,Midwest,Vegan,39.87,4.91,60.14
25-34,Female,Northeast,Vegan,20.23,5.99,91.66
35-44,Male,Southeast,Vegetarian,25.13,4.27,96.2
55+,Female,Southeast,Keto,26.17,9.67,46.51
45-54,Male,Southwest,Keto,40.24,8.5,93.21
18-24,Male,Southeast,Keto,26.62,6.26,68.82
55+,Male,Midwest,Omnivore,41.47,6.28,88.94
45-54,Female,Southeast,Vegetarian,24.54,8.32,66.46
35-44,Female,Southwest,Keto,19.49,9.57,99.76
55+,Male,West,Vegetarian,22.58,4.38,61.76
25-34,Male,Southeast,Vegan,26.18,5.55,58.34
45-54,Male,Southwest,Vegetarian,18.24,7.18,54.63
45-54,Female,Northeast,Vegan,33.65,6.36,55.63
45-54,Female,Midwest,Keto,18.17,9.39,90.37
35-44,Female,Southwest,Omnivore,27.05,8.59,88.46
25-34,Male,Southwest,Vegan,27.04,4.78,49.45
55+,Female,Southwest,Vegetarian,24.98,9.21,33.7
45-54,Female,Midwest,Vegetarian,35.11,4.35,40.82
35-44,Male,Midwest,Omnivore,36.06,9.86,34.61
55+,Female,Midwest,Vegetarian,33.3,8.01,79.91
55+,Female,West,Vegetarian,37.46,5.91,66.04
18-24,Male,Northeast,Omnivore,26.76,7.83,86.89
25-34,Female,West,Vegetarian,29.14,7.88,81.22
18-24,Female,Southeast,Omnivore,22.02,4.43,97.9
55+,Female,Southwest,Keto,34.59,8.54,61.09
45-54,Male,West,Keto,30.96,5.12,67.43
18-24,Male,Southeast,Keto,16.12,7.7,90.93
35-44,Male,Southwest,Omnivore,20.99,6.59,43.27
55+,Male,Southeast,Vegan,23.04,5.65,98.67
35-44,Male,Midwest,Omnivore,33.4,8.59,50.36
45-54,Male,Northeast,Vegan,18.39,7.03,83.73
18-24,Female,Northeast,Vegan,35.51,4.62,31.2
18-24,Male,Midwest,Omnivore,37.35,5.04,52.08
18-24,Male,Southeast,Vegan,35.9,8.81,53.15
55+,Male,Southeast,Vegetarian,23.25,6.11,89.91
18-24,Male,Southeast,Omnivore,40.59,9.22,77.33
55+,Male,Southeast,Vegan,18.34,9.68,65.8
35-44,Female,Southwest,Omnivore,25.94,4.01,99.75
55+,Female,Northeast,Vegan,35.57,4.88,37.84
25-34,Female,Southeast,Omnivore,35.29,6.84,78.85
45-54,Female,Southeast,Vegetarian,17.89,7.59,70
55+,Female,Southwest,Vegan,18.3,8.22,76.44
25-34,Female,West,Keto,32.55,8.04,64.58
25-34,Male,Midwest,Keto,29.97,7.44,95.77
25-34,Male,Midwest,Omnivore,24.66,8.49,30.22
55+,Male,Southwest,Vegan,37.84,4.97,92.18
35-44,Male,Southeast,Omnivore,20.02,9.41,99.79
18-24,Female,Midwest,Omnivore,21.76,7.57,96.03
45-54,Female,Southeast,Vegetarian,38.89,8.3,77.69
55+,Female,Southeast,Vegetarian,29.78,7.26,33.3
18-24,Male,Southeast,Keto,38.98,7.9,75.45
45-54,Female,Southeast,Omnivore,17.51,9.06,67.02
25-34,Female,Northeast,Keto,40.1,7.69,89.68
35-44,Female,Northeast,Vegetarian,28.57,5.24,87.96
18-24,Male,West,Omnivore,29.47,5.77,72.33
18-24,Male,Southwest,Keto,41.94,9.38,84.45
55+,Female,Southeast,Vegetarian,36.35,7.23,71.74
25-34,Female,Northeast,Keto,21.84,8.66,33.64
25-34,Female,West,Vegan,23.03,5,98.64