region,category,subcategory,channel,revenue,units,profit
East,Sports,Outdoor,Online,8633.1,35,1924.19
South,Electronics,Phones,Mobile,2914,62,908.44
North,Beauty,Skincare,Online,1658.58,14,304.01
South,Electronics,Accessories,Online,20173.28,118,2915.31
South,Clothing,Kids,In-Store,48391.84,112,12436.07
South,Groceries,Bakery,Online,8218.28,196,1550.73
South,Beauty,Skincare,Online,49604.1,138,19935.79
South,Electronics,Phones,Online,66951.03,141,15199.62
West,Groceries,Bakery,In-Store,35255.9,82,9534.49
West,Sports,Gym,Mobile,27783,70,6997.41
East,Groceries,Bakery,Mobile,8310.28,101,2373.85
North,Groceries,Dairy,Online,53950.6,110,9903.29
West,Groceries,Bakery,In-Store,38644.86,114,8845.31
South,Furniture,Living Room,In-Store,1976.52,52,288.56
West,Furniture,Living Room,In-Store,5224.2,20,1358.4
East,Clothing,Men,In-Store,36551.56,148,10919.87
North,Furniture,Living Room,In-Store,16659.45,45,5708.52
East,Clothing,Women,Online,17675.86,127,4583.35
West,Sports,Team Sports,In-Store,25887.68,182,9936.28
North,Furniture,Living Room,Online,603.57,93,138.89
South,Clothing,Men,Mobile,30938.27,131,7128.14
South,Beauty,Skincare,In-Store,56180.36,172,4555.56
West,Clothing,Women,Online,32895.3,94,7987.43
East,Electronics,Phones,Mobile,60940.38,139,21286.62
North,Sports,Team Sports,In-Store,17453.92,188,3919.71
North,Sports,Outdoor,Online,58313.4,170,23333.84
West,Clothing,Women,Mobile,62147.54,182,13268.1
East,Electronics,Tablets,Mobile,39755.28,151,4121.65
North,Clothing,Kids,In-Store,7031.71,119,1333.26
North,Groceries,Produce,Mobile,24558.88,68,1762.66
South,Electronics,Accessories,Online,121,22,19
West,Groceries,Produce,In-Store,9682.35,85,1344.16
East,Groceries,Bakery,In-Store,20706.2,76,8755.67
East,Furniture,Bedroom,In-Store,36850.8,82,14952.27
South,Groceries,Produce,In-Store,9280.92,158,1942.29
North,Furniture,Office,Online,10750.96,152,1199.06
South,Groceries,Dairy,In-Store,1051.08,76,441.44
East,Groceries,Dairy,Mobile,2885.6,40,222.22
East,Furniture,Bedroom,Online,14908.4,52,5956.31
West,Clothing,Kids,Mobile,46711.95,109,20089.92
East,Furniture,Office,Online,6050.64,24,2105.99
South,Electronics,Phones,Mobile,388.28,68,32.14
East,Beauty,Makeup,Online,40644.45,115,13483.69
North,Clothing,Women,Mobile,79359.52,178,5607.11
North,Sports,Team Sports,In-Store,1860.32,112,349.88
North,Groceries,Produce,Online,13723.02,43,5288.1
South,Furniture,Living Room,In-Store,23320.58,146,2169.83
South,Furniture,Bedroom,Online,9119.46,42,3623.99
North,Groceries,Dairy,Online,8338.58,41,1431.86
East,Furniture,Office,Mobile,28412.44,94,12286.34
South,Furniture,Bedroom,In-Store,29804.74,119,2041.81
East,Clothing,Kids,Online,47331.57,143,18211.24
South,Sports,Gym,In-Store,80661.25,173,27119.73
East,Electronics,Phones,In-Store,6037.75,25,969.01
South,Clothing,Women,Online,7132.84,172,1120.53
West,Electronics,Accessories,Mobile,9357.12,162,665.43
North,Furniture,Office,Online,56179.47,159,15477.52
South,Electronics,Accessories,Online,78274.01,197,11833.92
East,Groceries,Bakery,Online,59445.36,174,10594.26
West,Beauty,Haircare,In-Store,2262.12,28,944.57
West,Electronics,Accessories,Mobile,6384.94,131,2710.45
East,Electronics,Tablets,Online,15799.86,162,1978.43
South,Sports,Team Sports,Mobile,81665.1,198,27921.07
North,Electronics,Accessories,In-Store,3013.76,136,1317.71
North,Furniture,Living Room,Mobile,27989.64,174,10581.54
East,Beauty,Skincare,In-Store,7984.86,29,2857.61
South,Sports,Outdoor,Online,14027.72,119,5249.98
North,Sports,Team Sports,Mobile,29610.88,104,1933.04
South,Beauty,Makeup,Mobile,20372.49,123,6883.69
South,Sports,Outdoor,Online,55058.88,166,11649.76
West,Beauty,Skincare,Online,10422.72,72,3860.45
South,Electronics,Laptops,In-Store,5609.7,30,1387.82
South,Beauty,Skincare,In-Store,4267.5,150,649.26
West,Furniture,Bedroom,Mobile,25805.94,58,2928.99
North,Beauty,Makeup,Online,19175.14,181,1629.16
South,Groceries,Dairy,Mobile,17992.44,159,2438.88
West,Sports,Gym,In-Store,7998.9,42,966.46
North,Beauty,Skincare,Online,12004.26,87,5340.16
West,Electronics,Accessories,Mobile,70549.49,187,9712.79
East,Electronics,Laptops,Online,5111.6,13,2225.93
North,Beauty,Skincare,Mobile,18625.33,67,5363.43
West,Furniture,Office,In-Store,35097.5,101,15477.19
West,Beauty,Haircare,Online,15668.8,35,4869.3
West,Sports,Gym,Mobile,4560.36,12,969.4
West,Furniture,Office,Mobile,3968.25,143,1572.4
West,Groceries,Produce,Mobile,15316.12,71,6093.91
South,Furniture,Bedroom,In-Store,35026.2,180,7174.33
East,Sports,Team Sports,In-Store,12232.2,174,3702.5
South,Clothing,Women,Mobile,14716.09,109,1653.32
East,Furniture,Bedroom,Online,6993.7,103,947.14
West,Sports,Team Sports,Mobile,22751.57,109,7349.1
East,Electronics,Tablets,Online,29837.6,76,10305.3
West,Groceries,Bakery,Online,54816.04,139,2970.97
North,Sports,Team Sports,In-Store,25422.97,71,7347.8
South,Groceries,Dairy,Online,10929,60,870.09
South,Groceries,Dairy,In-Store,44762.08,116,12206.55
South,Clothing,Women,Mobile,458.98,2,141.79
West,Clothing,Men,In-Store,55041,150,5372.84
South,Beauty,Haircare,Mobile,69893,185,30492.82
North,Electronics,Laptops,Online,4686.71,23,905.13
South,Electronics,Phones,Mobile,13692.16,38,3993.84
East,Sports,Team Sports,Online,12903.3,177,963.57
North,Sports,Outdoor,In-Store,21656.22,183,6484.9
North,Beauty,Skincare,In-Store,1913.12,22,605.81
East,Sports,Outdoor,Online,7163.94,111,992.63
West,Sports,Team Sports,In-Store,11000.24,152,2950.48
North,Clothing,Men,Mobile,12699.39,87,3211.45
East,Groceries,Produce,Online,42062.08,128,12134.73
East,Electronics,Tablets,In-Store,28977.3,90,11233.57
South,Beauty,Makeup,Online,5888.16,29,1442.07
South,Sports,Outdoor,In-Store,35124.8,80,6332.81
South,Groceries,Dairy,Online,3439.03,73,1223.96
West,Beauty,Haircare,In-Store,1352.98,61,544.68
East,Clothing,Kids,Online,9721.04,56,2345.73
South,Sports,Gym,In-Store,31360.83,111,7170.1
North,Sports,Gym,In-Store,18477.69,57,5496.17
South,Clothing,Women,Online,23043.63,47,1568.24
South,Groceries,Bakery,Online,48803.4,190,7427.01
West,Clothing,Men,Mobile,11609,25,1872.84
South,Sports,Outdoor,Online,40747.68,144,3938.53
South,Groceries,Dairy,Mobile,14924.12,146,1708.05
West,Clothing,Men,In-Store,17825.18,103,7947.84
East,Sports,Team Sports,In-Store,19677.6,120,7446.5
East,Clothing,Women,Online,4401.9,9,499.89
South,Beauty,Skincare,Online,820.08,68,271.8
South,Sports,Outdoor,Mobile,15577.2,36,5023.91
West,Electronics,Accessories,Mobile,67912.65,141,3428.27
South,Sports,Team Sports,Mobile,85901.42,173,19102.27
South,Beauty,Haircare,Online,21835.38,98,6543.93
South,Clothing,Women,Mobile,10348.4,41,1144.21
South,Clothing,Women,Online,25220.48,64,10101.32
West,Groceries,Bakery,Online,49845.87,153,21797.21
East,Furniture,Living Room,Mobile,32874.66,91,2960.62
South,Electronics,Accessories,Mobile,27658.2,124,9019.19
South,Electronics,Laptops,Mobile,17561,50,3890.69
South,Groceries,Dairy,In-Store,27344.1,58,7940.97
West,Electronics,Phones,Online,8705.76,24,2879.6
West,Clothing,Women,In-Store,69053.01,177,19663.75
East,Clothing,Men,Online,73177.74,171,31628.51
West,Sports,Team Sports,Mobile,25939.56,57,5706.53
South,Electronics,Accessories,Online,8869,100,2072.47
East,Beauty,Makeup,Mobile,25287.84,51,10233.64
West,Furniture,Bedroom,Online,36498.05,95,6678.95
East,Furniture,Bedroom,Online,47258.64,156,5144.95
East,Beauty,Skincare,Online,4593.06,38,1979.13
East,Furniture,Bedroom,In-Store,79266.96,178,25129.87
North,Groceries,Bakery,Mobile,51045.75,175,16461.52
West,Clothing,Men,In-Store,18715.62,66,3386.01
West,Electronics,Phones,Mobile,87087.42,189,11680.25
South,Groceries,Produce,Mobile,66834.32,184,16449.5
East,Beauty,Skincare,Mobile,7252.8,160,2158.1
West,Electronics,Tablets,Mobile,8831.76,84,3457.13
North,Electronics,Laptops,Online,30355.46,199,3928.39
West,Clothing,Men,In-Store,1342.56,48,381.76
East,Clothing,Men,In-Store,3140,10,888.67
North,Sports,Team Sports,Online,45356.96,176,10953.22
East,Sports,Gym,In-Store,44415,189,6234.88
North,Groceries,Dairy,Online,318.11,13,90.85
West,Sports,Team Sports,Mobile,13536.02,101,3752.9
South,Electronics,Accessories,Online,49085.68,161,9752.68
East,Beauty,Haircare,Online,33114.27,137,7398.98
South,Groceries,Bakery,Mobile,44331.04,104,18269.2
South,Clothing,Women,In-Store,60621.12,186,15846.05
South,Electronics,Laptops,Online,18567.4,127,7230.17
North,Beauty,Skincare,Mobile,657.4,4,287.1
East,Sports,Team Sports,Mobile,94816.8,195,42046.49
West,Clothing,Kids,Mobile,57669.43,127,25192.33
South,Clothing,Men,In-Store,39847.6,97,4930.97
East,Clothing,Women,In-Store,31381.01,103,13496.19
East,Electronics,Accessories,In-Store,2904.72,56,150.05
South,Clothing,Men,Mobile,11333.4,30,2122.48
West,Groceries,Dairy,Mobile,26335.26,126,6289.82
East,Electronics,Phones,Online,36209.28,192,14729.2
West,Sports,Gym,Online,25243.68,154,4492.89
South,Groceries,Bakery,Online,3971.4,30,672.77
North,Beauty,Haircare,Mobile,15696.4,40,6633.02
North,Sports,Team Sports,Mobile,61520.22,131,19885.61
North,Groceries,Bakery,Online,852.66,6,141.64
East,Groceries,Produce,Mobile,10443.15,45,1949.41
West,Groceries,Dairy,In-Store,4306.77,9,710.63
South,Furniture,Living Room,In-Store,8636.5,115,858.61
South,Sports,Team Sports,In-Store,60612.8,160,19639.06
South,Clothing,Women,Online,15698.65,187,3309.46
South,Furniture,Bedroom,Online,59765.64,132,17425.17
East,Groceries,Bakery,Online,28719.36,192,3032.74
East,Furniture,Living Room,Mobile,10591.5,23,2271.38
East,Furniture,Office,In-Store,18387.12,138,8199.44
West,Sports,Gym,In-Store,3259.48,28,1168.41
East,Groceries,Dairy,Mobile,2181.52,88,925.5
South,Groceries,Dairy,In-Store,5609.24,67,288.82
West,Clothing,Kids,Mobile,33430.5,95,3293
North,Beauty,Skincare,In-Store,46591.05,187,9362.33
South,Beauty,Makeup,Mobile,7653.6,40,1736.36
West,Electronics,Tablets,Mobile,599.82,2,60.81
South,Furniture,Living Room,Mobile,26753.08,116,10446.14
East,Electronics,Accessories,Online,37077.24,124,7359.13
North,Groceries,Produce,In-Store,23502.06,118,3157.3
East,Beauty,Skincare,Mobile,33687.64,161,4347.01
East,Groceries,Bakery,Mobile,23978.87,127,10368.13
West,Sports,Team Sports,In-Store,80690.76,174,9784.47
North,Furniture,Office,Online,8261.04,24,1588.43
South,Furniture,Bedroom,In-Store,1522.5,42,196.62
South,Clothing,Women,Mobile,55771.9,170,13624.57
West,Groceries,Produce,Online,21250.68,44,4084.83
West,Beauty,Haircare,Online,82572.21,189,16046.19
North,Electronics,Phones,Mobile,9620.64,108,4031.07
North,Electronics,Phones,Mobile,10409.07,97,4474.11
North,Clothing,Women,Online,8914.08,42,2175.99
South,Furniture,Living Room,Online,9071.2,29,2938.26
East,Furniture,Living Room,Online,53661.14,173,12123.82
West,Clothing,Kids,In-Store,898.92,3,249.72
South,Groceries,Bakery,Mobile,2350.94,94,473.63
North,Groceries,Dairy,In-Store,3615.1,10,1359.36
East,Clothing,Men,Online,34299.9,69,10814.47
East,Clothing,Men,Mobile,24818.36,151,1653.78
East,Furniture,Living Room,Online,24258.96,198,4318.3
South,Furniture,Living Room,Online,4999.5,75,486.79
North,Beauty,Skincare,Mobile,13738.4,80,1178.21
North,Groceries,Bakery,Online,1540.56,7,398.66
South,Beauty,Skincare,In-Store,32022.9,153,6041.76
East,Electronics,Phones,In-Store,1755.28,148,104.27
West,Furniture,Bedroom,In-Store,6483.12,42,869.36
South,Furniture,Bedroom,Mobile,7065.9,90,2317.24
South,Clothing,Kids,In-Store,834.03,27,303.63
West,Electronics,Laptops,In-Store,38731.84,112,3251.73
West,Furniture,Living Room,Mobile,62545.7,199,25366.79
South,Beauty,Haircare,Mobile,42060.06,162,16176.79
North,Groceries,Dairy,In-Store,27743.8,98,6950.85
East,Beauty,Skincare,Mobile,72548.21,161,22151.52
East,Furniture,Living Room,In-Store,30095.1,170,4090.84
South,Beauty,Makeup,In-Store,2988.62,73,861.73
West,Sports,Team Sports,In-Store,59092,170,3659.2
North,Electronics,Tablets,Online,3503.7,153,1021.34
South,Furniture,Living Room,Online,40846.08,192,15663.43
North,Beauty,Skincare,Mobile,6514.72,38,2857.59
East,Electronics,Phones,In-Store,24196.92,66,9560.3
East,Furniture,Bedroom,Online,35466.66,162,2559.3
East,Groceries,Bakery,In-Store,6290.5,46,484.04
West,Groceries,Dairy,Mobile,38377.81,109,17108.91
North,Clothing,Women,Mobile,6992.72,14,1045.09
East,Electronics,Phones,Online,15541.5,130,2506.62
East,Groceries,Dairy,In-Store,18438.83,43,3649.71
South,Furniture,Living Room,Mobile,34962.62,146,9663.52
South,Electronics,Accessories,Mobile,10356.48,124,1482.26
South,Sports,Gym,Online,52193.31,111,21895.01
North,Beauty,Makeup,In-Store,9843.48,148,2596.39
East,Beauty,Skincare,Mobile,8399.6,46,3321.49
South,Sports,Outdoor,Mobile,6594,25,614.79
North,Furniture,Office,Mobile,11715.96,178,3163.51
West,Clothing,Kids,Online,1742.13,9,151.45
West,Furniture,Office,Online,2432,5,138.83
East,Beauty,Makeup,Mobile,45099.58,103,12182.92
East,Electronics,Phones,Mobile,7048.54,17,2391.76
West,Electronics,Tablets,Online,2562.03,9,643.53
West,Furniture,Bedroom,Mobile,18166.32,184,5007.3
North,Sports,Gym,In-Store,39594.1,91,15922.61
West,Beauty,Makeup,Mobile,61904.52,172,10325.71
East,Furniture,Living Room,Mobile,19352.97,119,2101.79
West,Sports,Outdoor,Mobile,3003,14,374.24
West,Clothing,Women,Online,27.98,2,11
East,Clothing,Men,In-Store,12057.63,43,1645.73
North,Furniture,Office,Mobile,76454.56,182,8282.19
East,Sports,Gym,Online,3783,13,1098.49
East,Groceries,Bakery,Online,60089.7,139,22048.45
East,Beauty,Skincare,Online,21789.85,137,5833.47
West,Electronics,Accessories,Online,52769.66,137,8031.45
West,Clothing,Men,Online,8838.86,113,1863.86
South,Sports,Team Sports,In-Store,26110,125,10668.57
East,Groceries,Bakery,Mobile,18630.78,98,5152.26
East,Furniture,Bedroom,Mobile,27945.84,156,7706.8
North,Sports,Gym,Online,43721.64,108,14356.09
West,Beauty,Skincare,Mobile,49713.12,114,8741.95
East,Furniture,Bedroom,In-Store,3330.79,83,627.61
East,Electronics,Laptops,Mobile,14889.84,42,2347.03
North,Electronics,Laptops,Online,1653.36,12,230.31
North,Furniture,Office,Online,18127.2,56,6824.07
East,Sports,Team Sports,Online,33931.56,156,9001.66
North,Clothing,Women,Mobile,564.45,71,48.21
South,Clothing,Women,In-Store,530.42,22,187.81
East,Furniture,Bedroom,Mobile,5865,60,1061.65
West,Groceries,Produce,Online,37093.98,147,15738.71
East,Electronics,Tablets,Mobile,40912.4,115,16088.34
North,Groceries,Produce,Online,6145.75,61,1814.5
South,Groceries,Dairy,In-Store,3557.2,20,1399.05
North,Beauty,Skincare,In-Store,260.64,1,57.83
West,Sports,Outdoor,Mobile,1724.6,10,629.47
East,Clothing,Women,In-Store,54995.64,188,23284.26
East,Groceries,Dairy,In-Store,9895.08,26,1053
West,Clothing,Men,Mobile,24253.86,174,9487.27
North,Clothing,Women,In-Store,23007.66,169,1979.17
East,Sports,Outdoor,In-Store,6601.07,181,2107.37
East,Sports,Gym,In-Store,6620.55,69,2879.03
North,Sports,Gym,Mobile,12336,30,4552.94
South,Clothing,Women,Online,5809.32,108,1783.17
West,Beauty,Skincare,Online,27983.52,72,8867.43
East,Beauty,Makeup,In-Store,29922.75,99,3979.37
West,Furniture,Bedroom,Mobile,6858.5,55,771.76
South,Furniture,Bedroom,Mobile,26302.98,121,11785.23
West,Electronics,Phones,Mobile,73.24,4,13.02
West,Clothing,Men,In-Store,30337.92,138,9676.92
South,Clothing,Women,In-Store,22499.75,115,5078.8
North,Electronics,Laptops,Mobile,27796.65,115,12435.62
West,Groceries,Dairy,In-Store,7860,75,625.05
South,Clothing,Kids,In-Store,10100.76,82,1471.04
East,Clothing,Kids,Mobile,17308.74,159,7490.94
East,Furniture,Bedroom,Online,12345.25,25,5244.22
West,Sports,Team Sports,In-Store,5358.57,51,1274.23
East,Clothing,Kids,In-Store,40174.65,135,14129.67
West,Beauty,Makeup,Mobile,14494.2,116,2139.4
West,Clothing,Women,Mobile,31949.4,140,14066.8
South,Electronics,Accessories,Online,88815,186,13796.3
East,Beauty,Haircare,In-Store,15810,100,4364.51
North,Furniture,Living Room,Online,690.04,52,133.9
East,Furniture,Office,Online,1320,10,230.08
North,Furniture,Living Room,Mobile,13800.05,55,2457.14
North,Groceries,Bakery,Mobile,16859.25,127,3405.27
North,Clothing,Women,Mobile,31423.23,89,8556.27
South,Sports,Team Sports,Online,68829.08,179,19795.26
North,Beauty,Skincare,Online,1229.52,141,404.72
South,Beauty,Haircare,Mobile,31413,148,10277.23
North,Groceries,Produce,Mobile,2007.35,5,405.59
South,Clothing,Women,Online,681.84,36,179.57
East,Groceries,Produce,In-Store,28916.58,66,6455.09
South,Electronics,Accessories,In-Store,8674.28,37,3228.21
North,Furniture,Living Room,Mobile,49606.44,156,9778.08
North,Groceries,Dairy,Online,13003.26,31,4505.54
South,Groceries,Dairy,Online,72445.2,146,17364.94
East,Beauty,Haircare,Online,11122.08,24,2324.3
West,Electronics,Phones,Mobile,27589.77,117,8144.72
South,Clothing,Kids,Online,3016.31,11,410.76
North,Sports,Gym,Online,64216.92,159,8657.23
West,Clothing,Kids,Online,6453.44,32,2158.94
East,Groceries,Bakery,Mobile,3946.88,56,462.04
East,Sports,Gym,In-Store,1119.54,141,154.32
East,Furniture,Bedroom,Mobile,3820.5,54,820.23
East,Beauty,Haircare,Mobile,9419.88,69,3409.04
West,Beauty,Haircare,Mobile,5283.57,53,463.8
West,Electronics,Phones,Online,72386.86,182,28041.49
West,Groceries,Dairy,In-Store,33715,125,1916.14
South,Beauty,Makeup,In-Store,4188.24,36,1471.67
South,Sports,Team Sports,Mobile,33011.94,78,7158.37
East,Clothing,Men,Mobile,17187.21,171,2847.11
South,Sports,Outdoor,Mobile,35045.34,87,5850.82
West,Beauty,Haircare,Mobile,10476.9,126,2658.73
East,Sports,Outdoor,In-Store,751.63,11,275.72
East,Beauty,Skincare,In-Store,16163,35,4836.97
South,Beauty,Haircare,In-Store,3803.52,12,989.23
South,Beauty,Skincare,Online,3410.79,177,1309.83
East,Beauty,Makeup,Mobile,40932.45,195,6164.24
East,Groceries,Dairy,In-Store,33670.4,80,9908.16
East,Groceries,Produce,Mobile,39885.23,187,11021.77
South,Groceries,Produce,Mobile,31600.8,144,7985.29
North,Electronics,Accessories,Mobile,51168.9,191,3660.2
South,Beauty,Makeup,Online,25349.16,61,9075.07
East,Electronics,Accessories,In-Store,34734.38,82,5929.96
North,Furniture,Bedroom,Mobile,30222.93,87,13014.91
North,Clothing,Kids,Mobile,43652.7,90,18097.68
West,Electronics,Tablets,Online,58383,130,8853
North,Furniture,Living Room,In-Store,38809.65,129,7995.47
North,Groceries,Produce,Online,294.14,7,126.96
West,Clothing,Kids,Online,7895.58,154,2757.06
East,Clothing,Men,Mobile,4652.55,63,613.16
South,Groceries,Bakery,Mobile,39849.42,94,5298.21
South,Sports,Outdoor,Mobile,92109.06,186,34097.38
North,Sports,Gym,In-Store,9894.54,74,1751.59
South,Sports,Team Sports,Online,5404.7,49,570.82
East,Sports,Gym,Online,37802.16,108,9878.67
North,Groceries,Dairy,Mobile,7962.35,31,760.37
North,Sports,Outdoor,Online,84320.64,192,7405.5
North,Clothing,Men,In-Store,61512.22,154,26300.63
West,Groceries,Produce,In-Store,49294.9,170,5353.53
East,Clothing,Men,Online,23040.1,170,5300.25
West,Sports,Outdoor,Online,31438.8,71,10795.7
East,Furniture,Office,In-Store,71110.08,144,11686.59
West,Furniture,Office,Mobile,7665.87,183,1744.45
South,Beauty,Haircare,Online,36120.71,151,13539.58
West,Beauty,Haircare,In-Store,49283.64,126,10805.36
South,Groceries,Produce,Mobile,985.3,118,329.02
East,Groceries,Dairy,In-Store,15069.12,88,2146.71
South,Beauty,Skincare,Mobile,23153.37,127,3449.48
West,Groceries,Produce,Mobile,4828.25,89,751.43
East,Beauty,Skincare,Online,16960.43,37,1570.15
North,Electronics,Tablets,Mobile,20453.85,109,4441.7
South,Groceries,Dairy,Mobile,16877,50,1501.97
West,Beauty,Haircare,Online,34147.77,131,5285.86
West,Sports,Outdoor,Mobile,52288.16,118,16217.73
East,Furniture,Bedroom,Online,16156.8,160,2536.71
South,Groceries,Dairy,In-Store,8497.93,73,844.33
East,Sports,Gym,In-Store,3857.37,11,1579.67
West,Furniture,Office,Mobile,24599.7,162,9001.55
East,Clothing,Men,Mobile,444.2,2,167.77
West,Clothing,Kids,Online,3647,28,841.79
North,Electronics,Phones,Online,21344.4,72,2752.49
East,Beauty,Skincare,Online,29902.86,169,8098.7
South,Sports,Team Sports,Mobile,979.66,122,167.64
East,Clothing,Men,Online,2370.51,9,212.38
East,Furniture,Bedroom,In-Store,12780,80,4843.27
South,Groceries,Produce,Online,6821.96,29,798.4
East,Beauty,Skincare,Mobile,20335.56,42,7767.84
West,Beauty,Skincare,Online,11940.48,96,3318.79
West,Clothing,Men,Mobile,17296.5,130,7470.05
North,Clothing,Men,Mobile,15353.28,48,2270.07
West,Sports,Gym,In-Store,73290.2,155,7092.7
West,Groceries,Bakery,In-Store,3765.16,98,1213.52
South,Furniture,Bedroom,In-Store,6276.48,14,1131.19
South,Furniture,Bedroom,In-Store,30782.55,163,10881.81
East,Groceries,Bakery,Mobile,27360.6,62,6712.09
West,Clothing,Women,In-Store,48221.88,147,11647.56
South,Furniture,Bedroom,Online,18092.64,48,5434.49
West,Sports,Team Sports,In-Store,58205.13,159,18040.15
North,Clothing,Men,Mobile,580.84,2,229.24
West,Beauty,Makeup,Online,74778.24,174,7497.21
West,Groceries,Bakery,Online,23228.99,109,3149.5
North,Electronics,Tablets,In-Store,7174.44,108,2216.54
West,Clothing,Women,Mobile,28964.34,111,3115.27
West,Sports,Team Sports,In-Store,5941.4,122,2537.92
East,Electronics,Tablets,Online,2279.4,5,840.11
South,Groceries,Dairy,In-Store,28817.48,73,7479.57
North,Sports,Gym,Mobile,27480.1,97,5464.77
West,Beauty,Skincare,Online,5190.75,75,515.34
West,Electronics,Phones,In-Store,8492.16,64,1997.9
West,Electronics,Phones,Online,85766.31,189,26431.39
North,Sports,Gym,Online,41323.66,98,8402.25
North,Clothing,Men,Mobile,13972.64,88,5366.85
East,Beauty,Haircare,Online,22131,180,1914.39
North,Furniture,Bedroom,Online,12990.78,198,1932.53
South,Beauty,Makeup,In-Store,35228.27,77,13841.14
East,Beauty,Haircare,Online,3208.5,69,529.32
West,Sports,Outdoor,In-Store,23058.63,153,1648.09
East,Electronics,Tablets,Online,51736.02,199,15402.57
West,Electronics,Phones,Online,68513.4,170,20929.48
South,Beauty,Haircare,In-Store,45200.16,108,5681.24
South,Groceries,Produce,Mobile,7131.94,191,1411.98
West,Sports,Gym,In-Store,21786.48,72,3480.85
South,Beauty,Skincare,In-Store,10392.37,67,3367.89
North,Groceries,Dairy,Mobile,39717.62,194,17683.87
East,Sports,Gym,Online,964.89,71,344.35
North,Electronics,Laptops,Online,7638.3,23,3124.43
East,Beauty,Haircare,In-Store,37275.26,121,7276.36
North,Furniture,Bedroom,Online,29158.25,115,2570.84
West,Electronics,Laptops,Online,16529.67,81,4133.14
East,Sports,Gym,Online,44690.45,119,16162.88
West,Clothing,Men,Mobile,70656.3,143,22233.41
North,Beauty,Makeup,Mobile,8669.16,36,3642.33
East,Clothing,Men,Mobile,81801.07,169,19831.56
East,Furniture,Office,In-Store,6089.25,75,2132.77
East,Beauty,Skincare,Mobile,4964.51,19,988.11
North,Electronics,Accessories,Online,40476.25,125,5803.74
North,Furniture,Office,Mobile,2790,15,649.56
East,Groceries,Produce,In-Store,10432.84,44,3895.21
West,Beauty,Haircare,Mobile,36581.22,81,3653.33
North,Clothing,Women,Online,7955.4,60,3243.62
West,Sports,Team Sports,Mobile,29441.61,99,13073.3
North,Sports,Team Sports,Online,25843.2,160,1459.64
West,Clothing,Women,In-Store,2218.58,53,190.76
West,Furniture,Office,Mobile,4816.7,49,883.75
North,Electronics,Tablets,In-Store,19855.68,111,6090.01
East,Electronics,Phones,Online,19155.79,47,2569.32
East,Groceries,Dairy,Online,7155.8,20,2021.5
East,Furniture,Bedroom,In-Store,48639.8,110,21530.12
South,Beauty,Haircare,In-Store,25962.5,62,7611.32
East,Groceries,Produce,In-Store,32345.25,105,11110.27
West,Electronics,Accessories,In-Store,62636.15,197,16907.96
West,Sports,Team Sports,Online,474.3,2,121.28
South,Beauty,Makeup,In-Store,2822.82,26,946.19
South,Clothing,Men,In-Store,6041.2,40,1258.33
East,Electronics,Phones,In-Store,27014.88,138,10327.69
South,Electronics,Laptops,In-Store,2846.97,63,904.75
West,Beauty,Haircare,Mobile,5577.66,99,1753.61
North,Beauty,Makeup,Mobile,21980.4,120,3197.44
South,Electronics,Laptops,Online,1309.8,15,255.59
East,Furniture,Bedroom,Online,47284.9,130,9856.5
South,Electronics,Accessories,Mobile,4437.27,47,1099.77
North,Sports,Gym,In-Store,65335.57,181,14302.29
East,Electronics,Tablets,Online,9950.63,43,1804.72
North,Groceries,Bakery,Online,23556.6,60,8927.6
East,Electronics,Laptops,In-Store,32149.11,87,8839.92
West,Sports,Outdoor,Mobile,38510.4,142,4412.84
East,Beauty,Makeup,Online,133.88,1,51.73
West,Furniture,Office,Online,18216.66,77,3292.56
West,Electronics,Laptops,Mobile,2873.88,162,1107.07
North,Groceries,Dairy,In-Store,41660.82,138,15726.5
West,Beauty,Skincare,Online,13009.33,73,1916.32
West,Clothing,Kids,In-Store,43031.25,135,12920.24
East,Furniture,Living Room,Online,39543.84,168,2207.85
South,Groceries,Produce,Online,40595.88,159,10948.37
West,Clothing,Men,Online,4541,25,1202.17
North,Sports,Gym,Mobile,18997.65,105,8026.16
South,Beauty,Skincare,Online,9335,100,1421.16
North,Sports,Gym,Online,64073.01,129,14799.05
West,Groceries,Produce,Online,33162,120,5091.84
East,Clothing,Women,Online,36253.52,184,12859.81
North,Sports,Team Sports,Online,1443.64,193,293.68
West,Furniture,Office,Online,15115.21,137,2742.31
South,Furniture,Office,Online,2678.04,6,189.7
South,Sports,Team Sports,Mobile,17106.95,35,4666.19
West,Groceries,Dairy,In-Store,7119.2,44,2074.84
South,Electronics,Laptops,In-Store,26197.77,177,8783.75
South,Beauty,Makeup,In-Store,72922.62,146,15067.59
South,Furniture,Office,Mobile,40596.25,125,9483.42
South,Groceries,Bakery,In-Store,16239.28,82,2439.53
South,Sports,Gym,In-Store,14587.52,184,4123.31
East,Electronics,Accessories,Mobile,24488.86,157,9869.23
West,Beauty,Makeup,Mobile,66304.06,142,26481.24
South,Clothing,Kids,Mobile,10203.48,126,2035.78
North,Sports,Outdoor,In-Store,22800,96,9046.23
North,Groceries,Produce,Online,12320.88,26,2573.95
South,Groceries,Produce,Online,51915,150,13671.87
East,Electronics,Accessories,Online,10403.25,39,4006.78
West,Electronics,Tablets,Online,9484.92,36,3896.48
West,Sports,Gym,Online,52973.7,130,10332.8
East,Beauty,Haircare,In-Store,922.95,35,295.05
West,Beauty,Haircare,Mobile,5579.84,188,1045.65
North,Groceries,Dairy,Online,750.72,3,208.12
South,Sports,Gym,Online,60132.24,126,26203.09
West,Groceries,Bakery,Online,2304.68,28,418.87
North,Clothing,Men,In-Store,84952.4,170,21781.2
North,Clothing,Kids,Mobile,40236.3,181,7318.28
East,Electronics,Laptops,Online,21231.7,98,6489.07
North,Clothing,Kids,Mobile,57672,180,20045.52
North,Sports,Outdoor,Online,6350.75,133,1852.26
East,Electronics,Laptops,Online,71421.48,156,7112.28
North,Electronics,Laptops,In-Store,524,20,45.78
West,Beauty,Haircare,In-Store,17236,80,7306.29
North,Beauty,Skincare,Online,6481.48,31,355.74
South,Sports,Team Sports,In-Store,19096,155,2743.39
South,Clothing,Women,Online,457.5,2,108.26
North,Groceries,Produce,In-Store,38690.4,112,5998.38
West,Sports,Team Sports,In-Store,39212.2,190,12041.08
South,Groceries,Produce,Online,15853.71,93,3159.12
East,Groceries,Dairy,In-Store,791.94,6,92.88
North,Clothing,Men,In-Store,39937.92,183,12251.95
South,Furniture,Bedroom,Online,73520.07,169,5103.48
North,Clothing,Men,Mobile,3701.01,19,223.74
North,Furniture,Living Room,In-Store,4050.42,34,367.42
West,Groceries,Bakery,In-Store,24175.53,69,2864.03
West,Electronics,Phones,Mobile,14321.88,178,3438.87
East,Beauty,Makeup,Mobile,6893.56,59,2435.16
South,Clothing,Women,Online,74543.34,174,15548.1
East,Clothing,Women,Mobile,22244.4,167,2757.56
North,Clothing,Men,Mobile,27738.9,147,6335.5
South,Sports,Team Sports,Mobile,39546.25,125,8915.71
South,Groceries,Produce,In-Store,109.2,12,16.07
West,Groceries,Dairy,Online,62175.6,152,14582.67
South,Groceries,Dairy,In-Store,20867.85,45,5946.75
East,Clothing,Kids,Mobile,25849.47,69,11601.96
East,Groceries,Bakery,Mobile,6951.7,70,1396.09
North,Electronics,Laptops,In-Store,9068.85,63,1695.41
South,Clothing,Kids,In-Store,2779.26,33,527.92
South,Sports,Team Sports,Mobile,8099.75,181,1500.19
South,Beauty,Skincare,Mobile,17423.88,59,6976.57
West,Groceries,Produce,Mobile,34337.24,196,10950.63
South,Furniture,Office,Mobile,6667.65,165,2268.12
East,Groceries,Bakery,In-Store,52271.94,119,7846.69
South,Electronics,Accessories,Online,54218.45,143,5254.89
East,Sports,Outdoor,Online,17578.44,99,7138.38
West,Electronics,Phones,Mobile,26009.15,185,7574.44
West,Electronics,Tablets,Online,45188.13,109,15611.02
East,Electronics,Accessories,Mobile,2777.88,14,706.98
North,Clothing,Kids,Online,26427.48,57,7034.75
West,Sports,Outdoor,Online,20777.26,107,5208.23
East,Beauty,Makeup,Online,20353.41,99,7986.36
North,Furniture,Living Room,Online,15553.72,52,5160.64
East,Sports,Outdoor,Mobile,19344.84,69,5298.61
South,Furniture,Office,Mobile,21979.77,57,8474.57
East,Beauty,Haircare,In-Store,36179.78,182,9633.89
East,Electronics,Accessories,In-Store,60146.25,129,9624.71
West,Sports,Team Sports,Mobile,23715.51,119,4546.67
West,Electronics,Accessories,In-Store,1311.18,41,208.53
South,Beauty,Makeup,Online,272.4,10,32.99
North,Beauty,Haircare,In-Store,30882.88,136,9178.69
East,Sports,Gym,Mobile,12349.35,117,3759.15
East,Clothing,Men,In-Store,30973.9,73,11520.11
South,Clothing,Women,In-Store,7694.54,17,3450.3
East,Clothing,Women,In-Store,79893.1,190,21530.3
South,Electronics,Tablets,Mobile,20216.88,86,1304.04
South,Clothing,Kids,Mobile,6392.54,14,1572.53
East,Furniture,Office,In-Store,28609.18,194,1984.03
East,Clothing,Men,Mobile,3268.3,49,982.45
East,Sports,Gym,Online,16895.09,47,4339.19
East,Electronics,Laptops,In-Store,27967.02,58,7728.91
West,Clothing,Men,In-Store,13129.74,62,1694.17
North,Groceries,Produce,In-Store,46026,150,18811.76
East,Electronics,Accessories,In-Store,893.8,4,105.58
West,Sports,Team Sports,In-Store,25268.52,118,4099.45
West,Electronics,Laptops,In-Store,30694.46,74,13294.91
North,Clothing,Men,In-Store,20851.55,47,8104.2
East,Electronics,Tablets,Mobile,70431.44,197,27843.92
North,Sports,Outdoor,In-Store,764.82,42,328.7
South,Sports,Outdoor,In-Store,8739.03,111,3545.93
West,Furniture,Bedroom,In-Store,37373.56,127,13776.88
South,Groceries,Bakery,In-Store,5755.8,181,1971
West,Electronics,Phones,In-Store,12215.6,40,5375.47
South,Clothing,Kids,Online,59532.06,147,16063.11
West,Electronics,Phones,Mobile,31680.52,68,2466.18
East,Clothing,Kids,In-Store,6602.5,25,2361.21
North,Groceries,Bakery,Online,2233.63,7,781.1
North,Clothing,Kids,In-Store,19881.85,101,1127.07
North,Beauty,Skincare,In-Store,53017.1,193,18479.17
West,Furniture,Office,Mobile,12423.68,92,5289.37
North,Sports,Team Sports,Online,8508.24,27,2327.89
South,Groceries,Produce,Mobile,33721.46,113,11694.1
East,Clothing,Kids,In-Store,28087.92,126,12337.92
West,Furniture,Living Room,Online,8002.94,121,2266.77
South,Beauty,Makeup,Online,33291.58,98,11062.42
West,Clothing,Men,In-Store,38515.68,168,6939
North,Electronics,Accessories,Online,36220.8,110,16279.99
East,Clothing,Men,Mobile,3952.16,34,483.91
East,Groceries,Dairy,Online,24471.98,122,10557.72
South,Groceries,Produce,Online,19344.6,198,3348
East,Electronics,Tablets,In-Store,3719.04,104,727.37
North,Electronics,Laptops,In-Store,57692.56,118,4687.07
South,Clothing,Men,Online,464.67,27,161.98
West,Sports,Gym,Mobile,37949.1,102,7263.73
North,Sports,Outdoor,Mobile,14470.47,103,961.94
West,Beauty,Haircare,Mobile,52664,116,18247.36
East,Clothing,Women,Online,43806.42,162,17043.94
East,Groceries,Dairy,Mobile,4333.65,15,1153.27
West,Groceries,Dairy,Online,23818.3,118,10355.28
North,Beauty,Haircare,In-Store,3570.28,28,1567.02
West,Beauty,Skincare,Online,6535.24,38,1376.03
West,Clothing,Kids,Online,31009.87,79,8052.08
North,Electronics,Laptops,Online,1141.91,11,130.93
South,Sports,Gym,Online,58920.28,164,22974.03
North,Furniture,Office,Online,26152.63,119,9053.67
North,Beauty,Skincare,Mobile,6870.93,141,958.71
South,Furniture,Living Room,In-Store,6886.88,182,2635.33
North,Beauty,Makeup,Online,29991.5,190,11831.76
West,Sports,Gym,In-Store,537.16,52,170.6
North,Furniture,Bedroom,Mobile,38053.51,151,12822.53
East,Furniture,Living Room,In-Store,64374.94,134,17020.69
North,Groceries,Dairy,In-Store,51728,160,5248.49
South,Furniture,Office,Mobile,43705.92,159,8476.04
West,Beauty,Makeup,In-Store,68.03,1,11.38
West,Sports,Gym,In-Store,4520.7,30,1293.05
West,Clothing,Men,In-Store,22978.11,111,4767.12
South,Sports,Outdoor,Mobile,33109.29,149,4969.49
West,Beauty,Makeup,Mobile,15028.2,92,5626.51
West,Electronics,Phones,In-Store,5523.18,39,547.56
North,Groceries,Bakery,In-Store,2730.9,15,649.86
East,Furniture,Bedroom,Online,9391.05,45,625.84
East,Furniture,Living Room,Online,36020.16,144,7944.13
East,Groceries,Dairy,Mobile,176.7,30,24.64
East,Clothing,Women,Online,1899.48,33,583.14
North,Clothing,Kids,Online,4112.64,112,1609.42
West,Electronics,Tablets,Online,28942.68,156,10232.84
North,Beauty,Makeup,In-Store,16858.38,82,5779.85
North,Sports,Team Sports,Online,1322.53,121,332.32
South,Clothing,Men,In-Store,6702.93,153,2320.37
North,Sports,Gym,In-Store,33908.4,120,6386.86
East,Clothing,Women,In-Store,17830.74,114,7611.96
South,Sports,Gym,Mobile,18140.25,95,4440.66
South,Furniture,Office,In-Store,48402.12,114,6432.37
West,Sports,Outdoor,Online,44182,100,7559.24
East,Clothing,Men,Mobile,31863.96,183,10465.79
North,Groceries,Dairy,Online,26393.92,112,7900.99
East,Beauty,Haircare,Online,21495.8,92,5529.36
South,Beauty,Makeup,Mobile,19182.24,56,7706.36
West,Furniture,Office,Mobile,1738.7,5,186.51
West,Furniture,Office,Mobile,45314.46,122,16453.07
West,Furniture,Living Room,Mobile,12823.47,99,5570.84
East,Sports,Gym,In-Store,18120.75,37,7627.91
South,Sports,Outdoor,Mobile,84494.82,178,31334.81
South,Groceries,Produce,Mobile,28823.32,73,5807.86
East,Beauty,Haircare,In-Store,45056.77,121,13085.84
East,Furniture,Bedroom,Online,52543.35,135,18548.43
North,Beauty,Haircare,Mobile,10784.52,174,4835.44
North,Furniture,Office,Mobile,73197.81,189,32885.39
South,Sports,Outdoor,Online,69.3,9,15.68
South,Furniture,Office,Mobile,8735.04,54,1486.6
West,Beauty,Skincare,Mobile,11625.6,80,1297.98
South,Sports,Gym,In-Store,53721.58,158,4620.53
South,Furniture,Living Room,Mobile,3457.05,57,1499.7
South,Sports,Team Sports,Online,4096.34,62,1169.95
North,Sports,Team Sports,Online,57166.73,199,4347.44
South,Clothing,Women,Online,45054.59,119,5190.03
South,Clothing,Kids,Mobile,53744.66,122,23151.42
North,Electronics,Laptops,In-Store,8208.33,39,1730.19
West,Sports,Gym,Mobile,26065.74,129,5022.9
North,Furniture,Office,Online,15055.81,77,1234.65
North,Clothing,Kids,Mobile,14804.04,172,3431.67
North,Beauty,Haircare,Online,18810,110,6553.56
West,Electronics,Laptops,In-Store,16129.26,119,4749.71
South,Sports,Gym,In-Store,7458.16,53,2308.62
West,Electronics,Phones,Online,27358.48,164,7765.88
North,Sports,Team Sports,Mobile,774.84,2,271.5
East,Electronics,Tablets,In-Store,22035.75,165,6812.26
West,Beauty,Haircare,Mobile,26304.74,77,8659.34
West,Beauty,Makeup,In-Store,30077.54,83,7588.52
South,Electronics,Phones,Online,23721.78,123,6025.26
North,Electronics,Tablets,Mobile,61483.24,127,24234.5
South,Furniture,Living Room,In-Store,64606.5,175,21145.95
North,Sports,Gym,Mobile,27289.18,89,1499.03
South,Beauty,Makeup,In-Store,278.16,8,105.19
East,Clothing,Women,In-Store,77393.25,165,33736.05
East,Groceries,Bakery,Online,7204.5,15,1277.19
South,Beauty,Skincare,Online,10839.54,34,3539.74
West,Sports,Outdoor,In-Store,24024,195,3122.45
North,Sports,Gym,Online,4966.72,68,1141.46
North,Beauty,Skincare,Online,21267.84,57,5351.08
North,Electronics,Laptops,Online,22193.87,47,8021.56
West,Clothing,Kids,Online,15146.34,33,5401.44
East,Furniture,Office,Online,26955.24,156,4408.96
South,Beauty,Haircare,Online,21224.62,131,5965.36
West,Sports,Gym,In-Store,16400.23,59,3450.63
West,Electronics,Accessories,In-Store,37452.04,76,16801.06
West,Furniture,Living Room,In-Store,39618.48,132,11500.04
West,Beauty,Haircare,Online,19231.72,167,1014.46
East,Beauty,Skincare,Online,9823.8,28,584.3
North,Beauty,Makeup,In-Store,90973.35,195,31559.16
South,Beauty,Haircare,In-Store,20552.02,74,1579.13
North,Sports,Gym,In-Store,5269.12,16,831.57
East,Furniture,Office,In-Store,8202.92,22,2263.67
North,Clothing,Women,Mobile,80259.05,193,32197.21
North,Electronics,Laptops,Mobile,32121.14,134,13352.19
North,Furniture,Bedroom,Mobile,72321.03,171,4808.82
East,Groceries,Produce,Mobile,1372.99,103,73.78
West,Furniture,Living Room,In-Store,49484.52,108,18932.79
South,Groceries,Produce,Mobile,56805.65,179,7433.74
East,Electronics,Laptops,Mobile,23225.4,55,2602.96
East,Beauty,Haircare,Online,24126.75,75,4872.68
West,Furniture,Bedroom,Mobile,11617.25,25,4469.14
North,Electronics,Accessories,Mobile,35888.58,126,11707.13
West,Beauty,Haircare,In-Store,17868.45,139,4738.55
North,Groceries,Dairy,Online,12562.03,71,653.63
North,Clothing,Women,In-Store,22330.91,59,9761.7
East,Beauty,Haircare,Online,4983.04,32,2192.13
West,Electronics,Phones,Mobile,6776.88,187,2320.98
South,Sports,Team Sports,Mobile,26095.8,61,8369.17
North,Clothing,Men,Mobile,57840.55,163,24322.83
East,Clothing,Men,Mobile,4300.24,28,731.89
West,Electronics,Laptops,Mobile,11733.68,28,3129.88
West,Electronics,Accessories,Online,602.28,9,68.06
South,Electronics,Tablets,In-Store,9034.64,31,3515.66
North,Electronics,Tablets,Mobile,11936.72,136,2280.58
West,Sports,Outdoor,In-Store,10222.8,70,2584.37
South,Clothing,Women,Online,2943.8,164,1048.52
East,Electronics,Accessories,In-Store,42422.4,108,13747.49
North,Clothing,Kids,Online,15343.67,67,6428.43
East,Electronics,Tablets,Online,29458,100,8637.07
South,Furniture,Office,Online,17418.72,66,2308.87
North,Groceries,Bakery,In-Store,2253.25,25,974.83
North,Clothing,Men,Mobile,15306.55,101,5941.43
West,Electronics,Tablets,Online,24368.56,94,2623.82
East,Furniture,Bedroom,Online,51887.48,134,14841.38
West,Sports,Team Sports,Mobile,64512.99,183,14880.01
East,Beauty,Makeup,Online,5837.76,24,513.13
East,Electronics,Accessories,In-Store,48203.42,122,3679.88
North,Sports,Team Sports,Online,19558.53,107,1915.47
South,Beauty,Makeup,Mobile,39044.86,86,13371.92
South,Clothing,Men,Mobile,2015.95,5,787.13
North,Groceries,Dairy,Online,11348.65,59,4459.27
East,Groceries,Bakery,Mobile,8125.44,184,1955.97
South,Groceries,Produce,In-Store,24358.75,65,3111.6
North,Clothing,Women,In-Store,38773.75,125,10908.25
North,Groceries,Produce,Online,7153.92,192,1477.49
South,Groceries,Produce,Mobile,25879.44,136,9678.11
North,Beauty,Haircare,In-Store,15840.38,58,1755.71
East,Sports,Team Sports,In-Store,29557.91,103,5943.24
West,Electronics,Accessories,In-Store,25632,75,3683.82
South,Groceries,Dairy,In-Store,6148.8,35,1674.88
East,Clothing,Kids,Online,14383.16,44,4180.34
South,Sports,Team Sports,In-Store,66574.95,195,9690.3
North,Groceries,Bakery,Online,74096.2,190,10496.11
North,Beauty,Haircare,Mobile,14796.75,109,3530.56
East,Electronics,Accessories,In-Store,49806.44,148,17720.31
West,Beauty,Skincare,In-Store,2869.84,58,998.68
West,Clothing,Men,Mobile,81819.5,175,11425.2
North,Electronics,Accessories,In-Store,35052.6,165,14529.43
North,Sports,Team Sports,In-Store,23212.18,62,10220.15
East,Beauty,Makeup,Mobile,16128.72,38,6987.02
West,Furniture,Bedroom,Online,8903.76,92,570.47
West,Furniture,Bedroom,Online,57530.66,121,3662.7
North,Groceries,Bakery,Online,7040.75,25,2224.75
North,Sports,Team Sports,In-Store,29864.8,140,7278.09
South,Sports,Gym,Mobile,13195.84,32,3323.45
South,Sports,Gym,In-Store,76106.94,182,28801.88
West,Beauty,Haircare,Online,67074,175,8450.89
North,Electronics,Accessories,Mobile,8411.15,41,3481.53
East,Sports,Team Sports,In-Store,8332.21,17,2025.45
North,Furniture,Living Room,Mobile,43046.64,126,8284.9
South,Electronics,Accessories,In-Store,14357.64,149,1113.95
North,Beauty,Haircare,In-Store,58980.52,172,26183.62
West,Sports,Outdoor,Online,61341.98,166,18329.53
West,Groceries,Bakery,In-Store,29398.17,87,8735.45
North,Groceries,Produce,Online,1836,48,601.04
South,Clothing,Kids,In-Store,37538.75,125,11602.15
East,Sports,Outdoor,Mobile,69108.74,163,26342.65
East,Clothing,Women,In-Store,51951.77,137,13570.79
West,Electronics,Phones,Mobile,10793.42,71,4655.82
South,Electronics,Phones,Online,39508.56,108,16156.04
North,Electronics,Tablets,Mobile,46215,195,19985.75
South,Clothing,Kids,In-Store,5722.61,19,1966.01
North,Beauty,Skincare,Mobile,15584.8,55,5100.68
North,Clothing,Men,Mobile,5665.38,42,1570.02
East,Groceries,Dairy,Mobile,6490.66,22,2783.73
South,Beauty,Makeup,Online,9224.8,130,2350.34
West,Groceries,Produce,Mobile,3870.6,12,559.28
East,Sports,Gym,Mobile,88555,199,7905.61
South,Groceries,Bakery,In-Store,9354.84,76,1064.83
East,Beauty,Skincare,Online,15048.54,118,3698.83
North,Electronics,Tablets,Mobile,11132.7,129,2760.6
South,Sports,Gym,Online,6767.6,28,1079.03
West,Electronics,Phones,Mobile,19923.62,43,4229.56
South,Clothing,Women,Mobile,13986.56,112,843.18
East,Furniture,Bedroom,In-Store,21494.2,65,8870.53
West,Furniture,Bedroom,Mobile,6641.53,79,2523.48
East,Beauty,Skincare,In-Store,21175.59,199,5277
South,Electronics,Phones,In-Store,992.2,44,372.74
East,Sports,Gym,Mobile,28115.14,137,3859.73
East,Sports,Team Sports,In-Store,31238.88,151,11988.88
West,Electronics,Tablets,Mobile,46309.65,95,4944.16
South,Furniture,Bedroom,Mobile,10538.88,44,1983.9
South,Furniture,Office,In-Store,1603.44,51,608.1
South,Groceries,Bakery,Online,3063.15,9,965.34
West,Clothing,Men,Online,44429.99,121,12759.44
South,Furniture,Living Room,Online,1761.1,110,480.37
West,Beauty,Makeup,Online,29621.8,65,3886.43
South,Sports,Outdoor,Online,32662.39,101,4803.58
West,Furniture,Living Room,Online,23440.03,83,5421.69
West,Furniture,Office,Mobile,62161.6,160,12884.09
East,Groceries,Bakery,In-Store,6849.99,131,1173.12
South,Sports,Gym,Online,7458.44,23,954.23
West,Sports,Team Sports,Mobile,68199.46,167,8546.17
West,Electronics,Phones,In-Store,94400.43,197,6704.47
West,Clothing,Women,Online,26038.66,181,2932.77
East,Electronics,Accessories,In-Store,15742.35,65,1685.63
West,Beauty,Skincare,Online,16970.76,68,5009.97
West,Beauty,Haircare,Online,24583.65,65,8073.87
North,Clothing,Women,Online,30054.18,159,2203.25
South,Sports,Team Sports,In-Store,1454.52,34,509.07
West,Clothing,Kids,Online,2334.5,46,318.25
East,Beauty,Haircare,Online,7725.08,97,1207.2
South,Furniture,Bedroom,Mobile,2851.49,47,839.24
South,Electronics,Accessories,Online,9331.04,58,1943.76
East,Furniture,Bedroom,Mobile,23767.02,81,2092.97
South,Clothing,Women,Mobile,53864.5,170,8740.63
East,Sports,Team Sports,Mobile,3741.39,81,1330.47
East,Clothing,Men,In-Store,14753.4,60,2378.49
South,Groceries,Dairy,Online,8841.2,115,639.03
South,Groceries,Produce,Mobile,24961.87,197,1363.19
East,Electronics,Tablets,In-Store,17462.4,80,4274.44
West,Groceries,Bakery,Mobile,15090.39,63,1590.54
West,Clothing,Women,Mobile,36260.4,123,13933.8
South,Beauty,Skincare,Online,20133.96,132,6434.56
South,Electronics,Laptops,Mobile,54905.48,196,15603.52
West,Furniture,Bedroom,In-Store,30481.11,99,2058.77
West,Groceries,Produce,In-Store,1780.2,45,97.26
East,Electronics,Accessories,In-Store,22464.25,59,3111.68
South,Furniture,Office,Online,20447.91,93,1426.12
North,Beauty,Skincare,Mobile,291.2,10,82.32
East,Groceries,Bakery,Online,67261.94,157,12905.62
North,Clothing,Kids,Online,3369.99,39,1416.26
West,Sports,Gym,In-Store,26674.71,67,7015.24
North,Sports,Team Sports,Mobile,4054.86,18,1281.94
East,Groceries,Dairy,Mobile,8599.59,171,2593.48
South,Electronics,Tablets,In-Store,11669.68,149,701.56
East,Sports,Gym,Online,47827.08,126,9464.55
East,Electronics,Tablets,Online,1143.18,174,490.59
North,Electronics,Tablets,In-Store,886.62,2,256.95
West,Clothing,Women,In-Store,62048.7,134,16871.63
West,Sports,Gym,Mobile,29706.12,114,13187.39
South,Sports,Gym,In-Store,58617.7,145,9655.77
East,Groceries,Dairy,Mobile,3711.92,8,746.18
East,Electronics,Accessories,In-Store,35360.46,186,7078.92
North,Clothing,Kids,In-Store,12355.7,190,5446.59
West,Electronics,Tablets,Online,22764.28,154,6970.04
South,Electronics,Phones,In-Store,2865.2,58,1043.79
North,Sports,Gym,In-Store,43480.71,117,2322.97
North,Groceries,Produce,Online,36713.95,91,8297.55
North,Electronics,Accessories,Mobile,28373.02,58,7304.92
North,Electronics,Accessories,Mobile,40221.7,106,15019.37
South,Furniture,Bedroom,Mobile,2081.52,36,858.87
North,Groceries,Dairy,In-Store,1681.44,48,644.41
East,Clothing,Women,Online,71695.55,163,27930.8
West,Electronics,Tablets,In-Store,448.98,1,192.87
West,Beauty,Makeup,In-Store,44205.16,118,17993.8
West,Furniture,Bedroom,In-Store,27694.8,120,3948.74
South,Electronics,Phones,Mobile,12191.41,77,851.07
West,Groceries,Dairy,In-Store,38548.79,151,7370.52
North,Furniture,Bedroom,In-Store,13117.44,28,1338.99
West,Clothing,Kids,In-Store,36317.97,117,2392.39
North,Groceries,Produce,In-Store,21370.44,182,5518.06
South,Electronics,Accessories,Online,80802.36,163,26255.07
North,Groceries,Produce,Online,27287.76,67,7125.07
West,Sports,Gym,Mobile,7767.9,81,2912.2
South,Electronics,Phones,In-Store,3306.76,76,898.61
North,Clothing,Women,Mobile,26494.48,134,5166.39
East,Electronics,Phones,Online,67239.72,162,25303.8
West,Electronics,Tablets,Online,22621.74,58,9065.39
West,Furniture,Office,Mobile,28470.66,166,10201.05
North,Groceries,Dairy,In-Store,2392.56,8,590.78
West,Beauty,Haircare,Mobile,821.1,6,180.89
South,Beauty,Haircare,In-Store,6260.2,113,1212.07
South,Beauty,Haircare,In-Store,20645.97,57,5040.04
West,Clothing,Kids,Mobile,1028.23,7,184.72
West,Beauty,Makeup,In-Store,495.25,1,210.82
South,Electronics,Laptops,Mobile,23100.12,54,6373.65
West,Clothing,Men,In-Store,15031.43,73,4927.17
North,Furniture,Office,Mobile,18580.6,122,3940.54
North,Furniture,Living Room,Online,3109.54,19,382.98
East,Electronics,Laptops,In-Store,75654.18,194,14093.99
South,Beauty,Haircare,Online,24368.19,147,1844.3
East,Furniture,Bedroom,Mobile,27300,168,8129.02
East,Beauty,Makeup,In-Store,11035.36,56,1478.16
South,Electronics,Accessories,In-Store,48998.25,119,11789.79
East,Sports,Gym,In-Store,4162.54,23,1490.71
North,Clothing,Kids,Online,4782.5,10,1993.24
West,Furniture,Office,Mobile,70477.81,193,26921.2
West,Clothing,Kids,Mobile,54067.02,161,10281.11
South,Electronics,Accessories,Online,1817.7,6,800.85
North,Groceries,Dairy,Online,5996.78,43,2593.72
West,Beauty,Makeup,In-Store,71224.72,193,9211.99
North,Furniture,Office,In-Store,9408.16,127,2011.23
North,Clothing,Women,Online,11199.36,24,1095.29
East,Clothing,Men,Online,5385.68,46,439.69
East,Furniture,Bedroom,Online,1291.09,47,523.05
North,Beauty,Haircare,In-Store,443.85,1,134.62
North,Electronics,Phones,In-Store,10946.88,56,4487.86
North,Sports,Gym,Online,18616.7,47,7155.67
South,Electronics,Tablets,Online,30387.28,154,9279.29
South,Sports,Gym,Mobile,42457.59,171,4622.11
North,Beauty,Skincare,In-Store,16072.56,63,2542.66
South,Furniture,Bedroom,Online,19416.21,187,3332.34
South,Groceries,Bakery,Online,15169.28,112,4051.6
North,Electronics,Laptops,In-Store,53373.2,188,5998.03
South,Sports,Outdoor,Mobile,19233.9,126,8298.62
East,Beauty,Makeup,Online,70959,186,3893.08
West,Groceries,Produce,Online,28720.55,179,8223.14
East,Beauty,Makeup,Mobile,7522.1,185,2682.45
North,Clothing,Men,Mobile,37564.45,121,6905.38
West,Clothing,Men,Online,6011.04,28,1119.22
East,Sports,Gym,In-Store,1505.93,41,349.83
South,Clothing,Women,Online,72825.27,147,32764.47
North,Beauty,Makeup,Mobile,11812.92,164,3266.12
North,Clothing,Women,Mobile,6689.62,71,1624.3
West,Groceries,Dairy,Mobile,2818.54,53,1032.52
North,Beauty,Skincare,Mobile,12124.52,82,4736.83
East,Clothing,Women,Mobile,16246.7,37,4615.12
East,Sports,Team Sports,In-Store,66416.64,141,14641.88
East,Furniture,Bedroom,Mobile,7267.26,21,1107.01
East,Sports,Team Sports,Online,26660.2,140,9123.15
East,Furniture,Bedroom,Mobile,7135.08,37,2727.88
West,Clothing,Women,Online,23921.52,174,7843.14
South,Electronics,Tablets,In-Store,6864.22,22,3012.03
South,Electronics,Phones,Mobile,38347.93,103,15610.73
South,Groceries,Bakery,In-Store,80742.26,199,13256.01
East,Sports,Team Sports,In-Store,63191.95,155,25715.74
West,Groceries,Bakery,Online,50144.38,143,17456.04
West,Furniture,Bedroom,Online,69163.48,193,12353.03
East,Beauty,Skincare,Mobile,38692.5,125,3043.97
South,Electronics,Phones,Mobile,7606.2,42,3080.91
West,Electronics,Accessories,In-Store,540.92,2,240.04
West,Electronics,Phones,Mobile,8286.61,31,3577.05
West,Groceries,Dairy,In-Store,43713.12,176,13277.29
East,Electronics,Accessories,Mobile,59708.16,144,19745.84
South,Groceries,Dairy,Online,37508.85,95,16395.25
West,Electronics,Accessories,In-Store,16791.99,179,2003.04
West,Furniture,Living Room,Online,35671.68,176,6002.78
South,Groceries,Bakery,Mobile,20357.48,44,3375.65
North,Electronics,Laptops,In-Store,19430.4,92,6693.63
East,Furniture,Office,In-Store,43882.2,90,3107.99
East,Sports,Gym,In-Store,63381.5,130,8274.91
East,Clothing,Women,Online,10600.52,34,1708.73
North,Sports,Team Sports,Mobile,13786.98,141,5886.6
South,Clothing,Women,Mobile,15461.16,78,6632.81
West,Groceries,Bakery,Online,7146,20,1633.69
West,Electronics,Tablets,Mobile,15875.2,110,2318.11
North,Beauty,Haircare,Online,15640.17,119,5822.93
North,Groceries,Dairy,Mobile,90949.17,183,32888.34
West,Clothing,Men,Mobile,12498.2,92,1037.92
North,Electronics,Laptops,Mobile,45722.52,102,11135.21
North,Clothing,Women,Online,39791.99,103,3784.29
South,Electronics,Tablets,In-Store,2823.8,70,652.1
West,Beauty,Makeup,Mobile,403.2,56,89.75
West,Beauty,Haircare,Mobile,20437.92,81,7793.59
West,Sports,Outdoor,Mobile,67339.56,166,14483.81
North,Groceries,Produce,Online,10794.96,36,664.8
North,Clothing,Men,Online,16014.6,180,6719.4
South,Electronics,Phones,In-Store,10186.47,171,4086.59
North,Furniture,Office,Online,43227,108,8429.54
South,Sports,Outdoor,Mobile,22925.08,58,6977.36
South,Electronics,Accessories,Mobile,14243.76,73,6316.89
North,Clothing,Kids,Mobile,5367.92,34,2055.55
East,Electronics,Accessories,Mobile,16553.68,88,3735.26
North,Electronics,Phones,In-Store,50268.68,154,11090.82
East,Electronics,Tablets,In-Store,9140.64,139,1027.2
South,Groceries,Bakery,Online,5454.9,58,2364.03
West,Groceries,Bakery,Online,48962.92,118,10717.21
South,Electronics,Tablets,Online,23119,122,6533.37
North,Clothing,Kids,In-Store,6589.89,27,1040.62
West,Clothing,Men,Online,14111.02,119,3297.38
North,Electronics,Accessories,In-Store,4421.2,70,232.5
West,Sports,Gym,In-Store,91697.21,199,6255.44
East,Beauty,Haircare,In-Store,9995.78,118,605.85
South,Beauty,Haircare,In-Store,2503.86,174,1008.19
South,Clothing,Men,Mobile,34816.98,142,3013.68
South,Electronics,Tablets,Mobile,72652.91,199,3916.85
South,Clothing,Men,In-Store,3036.46,14,1051.27
East,Sports,Team Sports,Mobile,43102.5,150,10858.33
East,Clothing,Men,Mobile,9616.85,95,1718.48
West,Beauty,Haircare,Online,8652.35,59,628.97
South,Groceries,Bakery,Mobile,7606.8,36,724.1
South,Sports,Team Sports,Mobile,63743.68,154,16289.28
West,Sports,Outdoor,Online,10875.06,49,4481.83
South,Sports,Outdoor,Online,42758.49,123,5322.86
East,Beauty,Makeup,Mobile,1973.7,6,757.27
South,Groceries,Produce,In-Store,2231.84,116,133.69
East,Electronics,Tablets,Online,68374.6,196,26339.99
East,Beauty,Skincare,In-Store,52476.08,116,15109.9
East,Groceries,Produce,Mobile,53659.32,118,14681.84
North,Groceries,Produce,In-Store,17354.88,69,2173.67
West,Beauty,Haircare,In-Store,5820.62,26,1770.97
North,Furniture,Living Room,Mobile,53406,138,20813.71
North,Beauty,Skincare,In-Store,5836.48,26,2622.54
South,Electronics,Laptops,In-Store,4772.41,17,833.44
East,Groceries,Dairy,Mobile,9699.86,94,642.9
East,Groceries,Produce,Mobile,7943.88,49,1804.02
West,Groceries,Produce,Online,858.3,15,142.19
West,Groceries,Dairy,In-Store,10013.48,59,2507.22
East,Electronics,Laptops,Mobile,9690,102,2931.93
West,Furniture,Bedroom,Online,18151,70,1469.61
South,Beauty,Makeup,In-Store,30872.4,104,1776.79
North,Electronics,Accessories,Mobile,2592.96,111,748.55
South,Beauty,Makeup,Online,2107.7,5,682.55
West,Furniture,Office,Mobile,237.72,4,104.85
West,Furniture,Living Room,Online,1726.8,8,212.08
South,Groceries,Produce,Online,23021.6,70,6484.28
South,Beauty,Makeup,Online,38104.35,159,7578.16
South,Beauty,Haircare,Online,29708.38,163,9187.35
West,Clothing,Men,Mobile,21695.4,153,9494.26
West,Clothing,Women,In-Store,42911.55,165,11490.9
West,Furniture,Office,In-Store,30444,129,1590.6
North,Beauty,Makeup,Online,10566.25,125,2066.17
East,Sports,Team Sports,In-Store,7384.46,34,1116.01
North,Electronics,Accessories,Online,62352.81,137,6439.64
East,Electronics,Accessories,In-Store,58643.69,133,8562.41
West,Clothing,Kids,Mobile,34293.6,99,4049.36
West,Furniture,Living Room,Online,13096.16,112,964.07
North,Groceries,Produce,Online,30316,80,7445.34
West,Electronics,Accessories,In-Store,37752.66,198,14736.18
East,Furniture,Living Room,Online,25699.2,80,6518.12
West,Clothing,Men,In-Store,26888.76,172,5752.8
West,Beauty,Haircare,Online,19532.8,70,4353.48
North,Groceries,Bakery,Online,688.16,8,76.66
North,Furniture,Living Room,In-Store,4091.49,9,341.72
North,Clothing,Women,In-Store,4388.28,156,811.11
West,Sports,Gym,In-Store,42263.84,86,4975.66
East,Furniture,Living Room,Mobile,7261.6,40,2929.05
West,Electronics,Phones,In-Store,6169.15,65,1814.75
North,Clothing,Kids,In-Store,12693.51,27,5147.66
North,Electronics,Laptops,Mobile,8744.12,167,1953.84
West,Furniture,Office,Mobile,51953.02,166,6031.01
West,Furniture,Bedroom,In-Store,927.94,86,205.58
North,Electronics,Laptops,Mobile,13834.8,84,6014.92
South,Sports,Gym,Mobile,40177.62,126,16221.52
West,Electronics,Tablets,Online,2426.92,68,833.03
West,Sports,Outdoor,Online,2766.88,16,666.47
South,Electronics,Phones,Mobile,1146.53,7,351.28
East,Clothing,Men,In-Store,16668.45,45,1333.67
East,Electronics,Laptops,Mobile,23504.8,55,10239.14
South,Groceries,Bakery,Online,39848.94,107,10772.99
West,Groceries,Bakery,In-Store,13406.4,72,764.59
South,Groceries,Produce,Online,9598.08,32,2865.83
North,Sports,Gym,Mobile,3409.04,172,928.58
West,Furniture,Office,Online,6678.63,63,2701.97
North,Furniture,Living Room,In-Store,66996.02,182,29035.51
West,Clothing,Kids,Mobile,16872.06,47,7109.07
East,Clothing,Women,In-Store,1454.16,24,614.25
North,Clothing,Men,Mobile,1838.52,18,742.84
North,Electronics,Phones,Online,38348.13,149,9963.1
South,Electronics,Phones,In-Store,23198.12,121,9918.52
East,Sports,Gym,Mobile,15989.5,50,940.92
West,Clothing,Men,Online,13530.86,49,1155.16
South,Groceries,Produce,Mobile,860.13,3,47.9
East,Furniture,Bedroom,Online,199.05,1,61.18
East,Clothing,Women,Online,34494,100,10172.3
South,Furniture,Bedroom,Mobile,54399.84,176,16846.27
North,Groceries,Produce,Online,33196.86,129,10377.53
East,Beauty,Skincare,Mobile,16757.88,146,4376.39
West,Electronics,Tablets,In-Store,40525.89,167,5768.83
West,Sports,Team Sports,In-Store,40155.93,171,4379.18
South,Clothing,Men,Mobile,5110.62,57,1022.74
South,Groceries,Dairy,Online,27778.95,95,6981.26
West,Clothing,Kids,In-Store,6241.5,45,2042.12
West,Sports,Gym,In-Store,24428.76,159,7487.75
North,Sports,Team Sports,Mobile,712.8,33,190.72
North,Sports,Outdoor,In-Store,1126.98,3,221.6
East,Sports,Outdoor,In-Store,7650.68,17,1104
West,Electronics,Tablets,Online,63497.24,172,13387.76
West,Sports,Team Sports,Online,23189.7,51,6978.09
East,Groceries,Dairy,Mobile,59865.75,181,3821.8
West,Electronics,Tablets,Online,21591.5,199,5789.67
North,Clothing,Men,In-Store,31061.2,95,5320.08
East,Sports,Gym,Mobile,23528.28,58,1551.79
East,Sports,Team Sports,In-Store,8562.54,74,797.24
South,Groceries,Bakery,Online,22688.2,85,1674.92
South,Clothing,Women,Online,4544.45,97,910.54
South,Electronics,Phones,Online,5374.05,55,1280.83
South,Electronics,Laptops,Mobile,14465.84,76,3587.17
North,Furniture,Living Room,Mobile,111.08,4,27.22
North,Furniture,Bedroom,In-Store,34390.16,124,6596.02
East,Clothing,Kids,Online,1031.38,53,234.68
West,Furniture,Office,Mobile,54932.5,175,7150.3
North,Sports,Team Sports,Online,18481.12,58,5624.82
North,Groceries,Bakery,Online,7341.44,32,504.25
South,Furniture,Office,Mobile,5569.2,30,2500.92
South,Groceries,Produce,Online,37973.6,140,15482.49
South,Beauty,Makeup,Online,14644.8,80,1060.18
North,Sports,Outdoor,Mobile,49230.64,136,4248.89
South,Beauty,Skincare,Mobile,13572.68,109,3550.4
South,Beauty,Skincare,Online,5821.31,187,1128.37
South,Electronics,Phones,Mobile,31310.14,74,10594.91
East,Beauty,Skincare,Mobile,51850.7,110,16048.06
West,Furniture,Bedroom,In-Store,9155.43,27,2804.08
North,Beauty,Haircare,Mobile,36683.85,155,8019.9
East,Electronics,Accessories,Mobile,40967.55,149,6546.11
South,Clothing,Men,Online,1730.4,4,696.7
West,Groceries,Produce,In-Store,20464.74,141,2334.47
West,Groceries,Produce,Online,7448.56,47,1645.45
West,Beauty,Makeup,Online,18704.28,196,5272.33
South,Clothing,Men,Online,1100.75,85,421.5
South,Electronics,Phones,Mobile,18783.81,153,2062.15
South,Beauty,Makeup,Mobile,49813.79,113,18152.84
South,Sports,Gym,In-Store,8867.24,124,3876.92
West,Clothing,Kids,Online,28663.18,182,8869.94
South,Groceries,Bakery,Online,28862.02,127,9609.76
West,Sports,Gym,In-Store,45213.75,125,6938.89
North,Furniture,Living Room,In-Store,25780.63,89,11127.85
East,Beauty,Makeup,Mobile,12708.72,152,3645.17
East,Furniture,Bedroom,Online,13167.51,67,1320.32
West,Sports,Gym,In-Store,14368.04,41,1871.45
West,Clothing,Men,Online,10511.16,132,3699.58
West,Electronics,Laptops,Mobile,10193.37,187,1750.47
East,Clothing,Women,Mobile,8285.12,17,3445.48
South,Beauty,Skincare,Mobile,21062.34,117,8460.81
East,Groceries,Bakery,Mobile,30475.28,88,6421.1
South,Beauty,Makeup,In-Store,47081.79,189,20542.63
West,Sports,Outdoor,In-Store,37222.47,89,4884.68
South,Groceries,Produce,In-Store,768.97,131,122.36
South,Furniture,Office,In-Store,34268.64,141,7150.83
East,Clothing,Women,In-Store,10822.35,55,3218.65
West,Groceries,Dairy,Online,38775.24,84,15801.8
West,Groceries,Bakery,Mobile,11895.45,35,1840.37
West,Clothing,Men,In-Store,35010.48,136,8066.65
West,Beauty,Haircare,Online,1272.96,68,461.04
North,Groceries,Produce,Online,5492.24,26,1915.48
South,Clothing,Women,Mobile,36033.28,128,13894.43
East,Sports,Team Sports,Mobile,8246.53,17,1986.77
North,Groceries,Bakery,In-Store,12853.05,105,4989.84
West,Sports,Gym,Mobile,12561.64,58,1362.55
East,Groceries,Produce,In-Store,25891.49,127,4495.67
East,Groceries,Produce,Online,5588.24,68,2213.67
South,Furniture,Office,Mobile,11286.34,83,3570.22
North,Furniture,Living Room,In-Store,1551.36,16,325.42
East,Beauty,Makeup,Mobile,19889.15,85,1533.08
West,Electronics,Tablets,Mobile,12961.84,151,4984.76
South,Clothing,Men,In-Store,62788.9,181,22780.12
North,Groceries,Dairy,Mobile,54151.2,109,12687.13
West,Electronics,Laptops,In-Store,2251.6,8,933.34
South,Clothing,Kids,Mobile,409.2,10,37.47
East,Furniture,Office,In-Store,15596.28,42,5249.76
West,Sports,Team Sports,Online,43948.45,169,4972.94
West,Electronics,Laptops,In-Store,5559.62,74,1133.75
South,Beauty,Skincare,Online,42086.85,113,6232.85
East,Electronics,Accessories,In-Store,4138.2,44,667.48
North,Sports,Team Sports,In-Store,3996.16,8,1700.18
West,Groceries,Produce,In-Store,16352.69,67,3158.31
South,Groceries,Produce,Mobile,54254.96,131,11797.09
South,Electronics,Accessories,In-Store,25075.85,85,11211.61
West,Clothing,Men,In-Store,13928,80,4407.36
North,Beauty,Haircare,Online,5034,120,768
West,Groceries,Dairy,Mobile,8447.58,71,1140.63
West,Sports,Outdoor,Online,3177.9,10,446.86
East,Beauty,Makeup,In-Store,268.32,12,109.97
North,Sports,Team Sports,In-Store,41722.2,90,10887.34
South,Sports,Team Sports,In-Store,46582.8,110,18396.61
North,Groceries,Bakery,In-Store,30747.26,142,3563.29
South,Clothing,Women,Mobile,17390.97,41,6001.14
North,Furniture,Living Room,Online,15295.38,57,3992.86
South,Beauty,Skincare,Online,33050.64,191,4514.13
South,Sports,Team Sports,Mobile,14891.52,168,2939.48
West,Electronics,Phones,Online,55099.66,154,15545.88
South,Groceries,Dairy,Mobile,12812.44,89,2998.91
North,Groceries,Produce,In-Store,1299.2,160,163.84
South,Beauty,Skincare,Online,988.06,2,353.72
South,Sports,Gym,Mobile,7831.84,62,1626.12
South,Furniture,Bedroom,Online,42205.65,177,17733.04
South,Clothing,Men,Online,5290.92,92,587.39
South,Beauty,Skincare,Mobile,2060.1,18,425.63
West,Clothing,Women,Online,969.12,24,354.61
South,Sports,Gym,In-Store,8490.4,40,2281.26
West,Groceries,Bakery,Online,74285.19,183,15901.24
East,Sports,Team Sports,Mobile,14834.82,42,4874.22
South,Groceries,Produce,Online,48845.79,161,10888.51
North,Electronics,Laptops,Online,11137.8,95,4749.88
West,Clothing,Kids,In-Store,26382.3,119,6468.13
West,Electronics,Phones,In-Store,18934.78,53,4598.28
South,Beauty,Makeup,Online,41507.76,168,4136.28
North,Electronics,Accessories,In-Store,1936.44,108,430.88
North,Beauty,Skincare,Mobile,14638.72,89,1358.79
North,Clothing,Women,Mobile,20540.6,155,5382.68
East,Electronics,Phones,Online,10910.92,82,1404.93
West,Beauty,Makeup,In-Store,28331.18,103,3928.44
North,Clothing,Women,Online,30671.81,169,8512.78
East,Electronics,Phones,Online,1782,45,349.73
North,Furniture,Office,Online,40348,110,13635.83
South,Groceries,Produce,In-Store,24050.83,157,9417.3
East,Electronics,Laptops,In-Store,36535.28,74,15015.98
North,Beauty,Skincare,In-Store,16941.6,80,5455.16
North,Groceries,Produce,In-Store,27384.17,173,3383.27
East,Furniture,Bedroom,Mobile,58640.4,156,11883.5
East,Electronics,Laptops,Mobile,169.35,5,55.13
West,Clothing,Kids,Online,82145.4,174,5494.55
East,Clothing,Women,Online,5104.2,188,1736.58
North,Electronics,Accessories,Mobile,26005,70,3935.76
South,Sports,Gym,In-Store,435.68,14,181.34
North,Electronics,Accessories,Mobile,5214.78,27,488.74
North,Furniture,Living Room,Mobile,2779.36,116,1223.77
West,Groceries,Produce,Online,933.85,95,69.84
East,Furniture,Bedroom,In-Store,22642.62,66,2601.76
West,Groceries,Produce,Online,19389.18,51,7443.52
South,Beauty,Skincare,Mobile,25713.38,154,4663.38
West,Beauty,Haircare,Mobile,713,23,136.83
East,Clothing,Men,Mobile,56868.33,177,7288.78
North,Electronics,Tablets,In-Store,11573.76,48,2966.68
West,Electronics,Accessories,Mobile,12154.08,48,813.52
East,Groceries,Produce,Online,3865.36,152,1660.67
East,Furniture,Office,Online,7148.12,196,370.42
West,Furniture,Bedroom,In-Store,4440.66,21,423.93
West,Beauty,Haircare,In-Store,15185.38,158,3200.43
East,Furniture,Living Room,Mobile,30397.62,79,3319.72
South,Clothing,Kids,In-Store,4459.62,11,1881.91
West,Beauty,Makeup,Online,3447.36,81,1131.18
West,Sports,Gym,Mobile,54610.4,178,9960.49
North,Furniture,Bedroom,In-Store,86603.22,198,27989.73
South,Electronics,Accessories,In-Store,39676.57,137,16032.66
North,Clothing,Kids,In-Store,40001.13,117,13044.7
East,Clothing,Men,Online,43848,108,4140.52
North,Clothing,Women,In-Store,7086.39,199,2867.04
West,Sports,Team Sports,Mobile,12255.68,32,3415.98
South,Electronics,Tablets,In-Store,36429.09,111,13615.05
South,Beauty,Haircare,Online,2932.64,16,955.91
East,Furniture,Living Room,Online,12975.48,36,2754
West,Sports,Gym,Online,52988.34,106,6928.38
North,Furniture,Living Room,Online,7015.04,97,1265.16
North,Groceries,Dairy,Online,24281.44,136,5559.38
South,Beauty,Skincare,Online,12164.88,104,2598.7
West,Electronics,Phones,Mobile,37083.4,157,7981.66
North,Furniture,Living Room,In-Store,32746.56,77,6561.17
East,Furniture,Bedroom,Mobile,12647.58,33,2573.69
North,Electronics,Tablets,In-Store,71157.17,193,18861.47
East,Furniture,Bedroom,Mobile,522.84,3,178.92
North,Electronics,Laptops,Mobile,4507.03,11,419.62
East,Clothing,Women,Online,70159.44,156,14656.15
North,Groceries,Dairy,Online,12996.13,53,3886.79
West,Sports,Outdoor,In-Store,32998.7,119,5847.43
East,Clothing,Women,Mobile,2106.64,8,929.04
South,Sports,Team Sports,Mobile,41432.8,134,4664.21
South,Groceries,Dairy,Online,29184.6,127,3972.53
East,Beauty,Makeup,Mobile,7307.82,26,1104.5
North,Clothing,Men,Online,32540.61,87,6374
North,Furniture,Living Room,Mobile,20175.09,179,2505.12
South,Beauty,Makeup,Mobile,11405.52,126,4519.5
North,Sports,Outdoor,Mobile,69962.56,148,22279.14
South,Electronics,Laptops,Mobile,18469.22,67,2117.44
South,Sports,Outdoor,In-Store,39725.4,195,4223.25
West,Electronics,Laptops,Mobile,44267.6,130,3785.84
East,Groceries,Bakery,In-Store,4181.1,35,1674.16
South,Groceries,Dairy,Mobile,20921.28,148,7464.67
East,Electronics,Tablets,Mobile,50636.34,138,8382.52
East,Groceries,Dairy,In-Store,84572.78,173,27148.07
North,Furniture,Office,In-Store,4770.03,51,1518.14
West,Groceries,Produce,Mobile,54648,115,4947.31
South,Sports,Team Sports,Mobile,1954.53,9,259.82
West,Groceries,Produce,Mobile,45431.4,116,17397.37
North,Sports,Gym,Mobile,2026,8,228.67
East,Beauty,Makeup,In-Store,1679.69,109,715.99
West,Clothing,Women,In-Store,5840.52,34,1867.29
East,Beauty,Makeup,Mobile,27978.16,188,5812.19
East,Sports,Outdoor,Online,16416,114,6660.81
East,Groceries,Bakery,Online,4534.92,108,238.08
East,Beauty,Haircare,Online,3719.8,14,351.61
South,Furniture,Office,In-Store,8609.28,24,1067.52
East,Electronics,Laptops,In-Store,10611.21,123,4138.38
East,Sports,Outdoor,In-Store,1111.73,107,482.57
South,Groceries,Dairy,Online,68642.92,179,14492.24
North,Clothing,Men,In-Store,57804.31,151,6728.68
North,Sports,Team Sports,Mobile,33792,160,8191.81
East,Beauty,Makeup,Online,16897.72,116,4125.5
West,Furniture,Bedroom,In-Store,37123.24,154,12969.07
South,Furniture,Living Room,In-Store,15988.28,77,1432.35
East,Electronics,Laptops,Mobile,41109.11,131,7255.44
North,Clothing,Women,Online,3360.87,107,767.57
North,Clothing,Kids,Mobile,73160.84,148,4056.18
North,Sports,Outdoor,Mobile,6806.06,142,1761.77
West,Electronics,Phones,Online,13260.48,38,1977.51
West,Electronics,Accessories,In-Store,363.3,15,33.48
South,Electronics,Accessories,Mobile,2942.08,8,246.25
East,Clothing,Men,In-Store,69557.4,198,17917.38
West,Clothing,Men,Mobile,91.84,4,34.26
East,Electronics,Accessories,Online,17608.8,87,1269.12
West,Sports,Outdoor,Online,83372.16,173,19051.31
North,Groceries,Dairy,Online,33013.53,99,6516.03
East,Electronics,Laptops,Mobile,295.35,15,28.42
South,Furniture,Office,Online,46050.6,141,15737.96
East,Electronics,Tablets,Mobile,4618.77,13,1517.37
West,Beauty,Haircare,Mobile,9407.88,27,4223.58
South,Groceries,Produce,Online,6787.44,132,2385.96
North,Beauty,Haircare,Mobile,5184.96,44,462.58
North,Groceries,Produce,Mobile,38680.2,78,5597.17
North,Furniture,Living Room,Online,8167,25,1452.04
North,Clothing,Women,Mobile,46211.36,169,8617.93
North,Sports,Outdoor,Online,42140.4,120,11040.94
West,Furniture,Living Room,Online,22522.32,54,8205.59
West,Beauty,Skincare,Online,6500.03,23,1035.27
South,Beauty,Makeup,Online,14559.15,31,3485.49
West,Furniture,Office,In-Store,18344.48,44,1092.2
East,Electronics,Phones,Mobile,83617.92,192,13920.9
South,Clothing,Kids,Mobile,21736.26,78,8933.71
East,Electronics,Phones,Online,15916.92,146,6917.85
South,Clothing,Kids,Online,68741.52,172,13126.53
West,Electronics,Laptops,Mobile,38273.62,154,15457.12
East,Groceries,Produce,Mobile,1899.75,17,115.8
East,Groceries,Dairy,In-Store,23107.2,48,9915.81
South,Furniture,Living Room,In-Store,7130.48,34,2455.83
East,Clothing,Women,Online,66949.65,185,20256.62
South,Sports,Outdoor,Mobile,21946,50,6969.5
South,Groceries,Dairy,Mobile,22261.1,167,5311.98
North,Clothing,Men,Mobile,10266.96,22,2941.32
South,Groceries,Bakery,Mobile,1676.64,12,517.85
South,Electronics,Laptops,Online,8437.88,22,1950.65
East,Beauty,Skincare,Online,518.7,78,192.67
East,Beauty,Makeup,In-Store,11767.81,43,854.63
South,Electronics,Accessories,Mobile,70369.52,142,18469.72
West,Beauty,Skincare,Mobile,6298,47,1745.23
West,Sports,Team Sports,Mobile,16404.52,92,1317.79
South,Sports,Gym,Mobile,12652.75,107,4884.82
South,Groceries,Produce,In-Store,61659.18,171,22328.96
North,Electronics,Laptops,Online,12607.71,177,5340.45
North,Furniture,Bedroom,In-Store,32832.32,148,2663.06
East,Beauty,Makeup,In-Store,1259.94,33,141.23
North,Furniture,Office,Mobile,45779.3,170,16642.3
South,Electronics,Laptops,Mobile,9237.8,68,3835.77
West,Electronics,Tablets,In-Store,11957.4,60,779.34
East,Furniture,Bedroom,In-Store,19896.03,77,4792.08
East,Clothing,Women,Mobile,1318.08,6,469.94
South,Furniture,Bedroom,Mobile,50613,150,14086.62
North,Sports,Gym,Online,29434.8,76,12787.46
East,Groceries,Dairy,Mobile,26720.85,193,11844.54
East,Furniture,Living Room,Online,15035.68,176,5326.66
North,Clothing,Women,In-Store,15186.6,55,4976.9
South,Clothing,Men,Mobile,45019.26,143,6275.51
North,Clothing,Men,Online,25623.31,103,7096.65
East,Electronics,Accessories,In-Store,75942,180,12260.25
West,Groceries,Produce,Online,11149.92,144,4138.19
East,Beauty,Skincare,Mobile,5617.43,91,1476.17
North,Groceries,Bakery,Online,66300.52,134,27325.86
North,Groceries,Produce,Mobile,5220,12,2085.08
North,Beauty,Skincare,In-Store,30668.28,114,6539.05
West,Sports,Gym,In-Store,627.6,6,245.05
South,Clothing,Women,Online,64975.68,168,28872.17
West,Furniture,Living Room,Mobile,46114.56,128,15864.7
South,Electronics,Tablets,Online,20300.67,117,7757.05
West,Furniture,Office,Online,79903.81,179,7253.2
East,Beauty,Haircare,Mobile,670.22,94,113.28
South,Furniture,Office,In-Store,41423.9,170,5589.78
North,Clothing,Men,Mobile,70109.55,189,21266.96
East,Groceries,Dairy,Mobile,68928.08,191,11515.19
East,Sports,Team Sports,Mobile,12649,91,3662.94
North,Beauty,Skincare,In-Store,11769.25,179,3038.24
West,Electronics,Accessories,Mobile,32113.8,90,11456.14
South,Furniture,Living Room,Mobile,7288.72,62,1871.43
South,Beauty,Skincare,Online,8913,150,906.97
North,Clothing,Kids,Mobile,22060.72,106,9196.79
East,Electronics,Tablets,Mobile,52688.1,170,14200.31
South,Electronics,Phones,Mobile,43627.28,94,5338.31
West,Furniture,Living Room,Mobile,37139.2,112,8535.59
South,Sports,Outdoor,In-Store,31420.99,67,10680.41
West,Sports,Gym,Online,53638.56,144,16089.16
North,Beauty,Makeup,In-Store,24771.34,109,7586.92
South,Beauty,Makeup,Online,9486.35,23,2604.22
East,Beauty,Makeup,Mobile,7948.51,103,2010.25
North,Beauty,Makeup,Online,12153.3,30,4416.75
South,Groceries,Bakery,Mobile,1229.76,24,435.82
North,Groceries,Produce,Mobile,46310.04,138,20406.28
East,Clothing,Men,Mobile,95202.04,191,28707.23
East,Groceries,Produce,Mobile,29046.06,149,1544.94
South,Clothing,Women,In-Store,4680,45,1681.04
West,Furniture,Office,Mobile,2383.44,12,604.52
North,Groceries,Bakery,Online,34256.64,192,14899.12
East,Sports,Outdoor,In-Store,12160.93,193,4013.19
North,Electronics,Phones,In-Store,2648.1,6,1166.51
South,Sports,Outdoor,Mobile,16258.28,106,1554.25
West,Clothing,Women,In-Store,24711.12,56,8508.19
South,Clothing,Women,Mobile,764.34,2,174.21
South,Electronics,Tablets,In-Store,17410.5,146,7719.92
West,Beauty,Skincare,Mobile,537.15,15,199.51
South,Groceries,Bakery,In-Store,6885.6,48,1458.51
South,Sports,Outdoor,Online,58030.83,117,10426.75
West,Sports,Team Sports,Online,21527.88,188,5108.97
West,Groceries,Produce,Mobile,33649.77,147,8498.75
West,Electronics,Tablets,In-Store,23976.48,76,6931.22
South,Groceries,Dairy,In-Store,36186.88,128,4305.14
West,Electronics,Accessories,Mobile,80881.29,171,9713.57
West,Beauty,Haircare,In-Store,85574.45,173,20527.2
North,Groceries,Dairy,Online,3220.56,42,762.58
East,Groceries,Bakery,In-Store,3896.36,26,296.54
West,Beauty,Skincare,Mobile,9286.04,83,3092.5
North,Beauty,Haircare,Mobile,33758.22,94,13328.44
East,Electronics,Tablets,Mobile,4005.68,184,1617.26
East,Electronics,Phones,Online,6291.4,20,2209.14
South,Sports,Outdoor,Mobile,2022.1,5,586.16
South,Electronics,Phones,Online,4760.69,11,2001.06
North,Sports,Team Sports,Online,16091.46,77,2984.19
East,Beauty,Makeup,Mobile,4649.61,147,1879.14
West,Groceries,Bakery,In-Store,39458.76,179,14357.69
West,Clothing,Men,Mobile,2348.22,6,119.27
East,Electronics,Tablets,In-Store,10676.64,24,3218.66
South,Groceries,Produce,In-Store,4069.8,12,715.65
East,Sports,Gym,Mobile,36500.39,101,6649.17
West,Furniture,Bedroom,Online,22326.95,85,8265.12
North,Clothing,Kids,Mobile,39065.02,134,15585.56
North,Clothing,Men,In-Store,16447.16,68,4345.22
West,Furniture,Bedroom,Mobile,57843.63,117,10375.12
West,Groceries,Bakery,In-Store,16687.32,52,4249.09
South,Sports,Outdoor,Mobile,62046.84,131,23772.2
South,Furniture,Office,In-Store,34243.02,189,8471.59
North,Beauty,Makeup,In-Store,2880.96,6,698.34
West,Electronics,Laptops,Online,955.11,39,160.74
West,Beauty,Makeup,Mobile,27522.99,81,2565.67
East,Electronics,Tablets,Online,30185.5,73,1729.55
East,Furniture,Bedroom,In-Store,6674.67,177,2413.93
West,Groceries,Produce,Mobile,4864.8,80,2111.5
South,Groceries,Dairy,Mobile,3797.56,109,1457.33
West,Sports,Outdoor,In-Store,22156,116,9593.74
East,Electronics,Phones,Mobile,22403.66,107,2672.65
East,Groceries,Produce,Mobile,32653.3,101,7757.31
East,Groceries,Produce,In-Store,2351.96,52,829.59
South,Groceries,Bakery,Mobile,11430.24,48,1933.25
East,Furniture,Office,Mobile,2554.25,25,1012.21
West,Furniture,Office,Mobile,11304.9,90,2387.4
South,Beauty,Skincare,In-Store,29185.52,104,3126.84
South,Electronics,Tablets,Mobile,43325.1,117,10623.57
East,Electronics,Tablets,Online,40957.29,121,16703.79
South,Groceries,Bakery,Mobile,15190,70,1633.45
North,Electronics,Phones,Mobile,35837.62,98,11004.53
South,Clothing,Women,Online,19741.68,56,8649.49
West,Sports,Outdoor,In-Store,45814.95,135,13039.47
West,Furniture,Office,In-Store,2594.16,27,590.93
South,Groceries,Bakery,Mobile,41945.8,85,10358.63
South,Clothing,Women,In-Store,33331.39,89,12976.22
North,Electronics,Laptops,Online,1577.4,11,168.41
West,Sports,Gym,Mobile,27771.09,197,4155.23
North,Groceries,Dairy,Mobile,640.32,16,276.68
West,Furniture,Living Room,In-Store,61339.68,162,5556.28
West,Electronics,Laptops,Mobile,49387.6,148,9601.79
West,Groceries,Bakery,Mobile,57620.68,116,15635.38
East,Sports,Team Sports,In-Store,2827.22,181,1011.28
North,Clothing,Men,Online,15745.86,78,6489.72
North,Furniture,Living Room,Online,945.1,65,321.21
South,Groceries,Produce,Mobile,415.48,47,120.46
South,Groceries,Dairy,Mobile,23757.36,88,9819.07
West,Beauty,Haircare,Online,59996.69,169,26830.72
South,Beauty,Makeup,In-Store,43223.63,113,7860.62
East,Groceries,Produce,Mobile,14002.05,85,4767.44
West,Electronics,Accessories,In-Store,67769.1,155,15701.54
North,Electronics,Phones,In-Store,21525.56,59,8077.44
South,Beauty,Haircare,Online,10241.26,194,1023.04
North,Sports,Team Sports,Mobile,5865.92,92,719.83
North,Electronics,Laptops,Online,5302.92,118,1032.64
East,Furniture,Office,In-Store,2444.16,192,567.02
West,Clothing,Kids,Mobile,85545.9,198,27083.9
East,Furniture,Bedroom,Online,26228.61,81,9630.78
South,Furniture,Office,In-Store,12910.95,195,4895.17
South,Furniture,Office,In-Store,582.84,4,196.82
South,Groceries,Dairy,In-Store,32155.84,184,14237.2
South,Groceries,Dairy,Mobile,31717,175,10277.38
East,Sports,Gym,Mobile,4125.42,86,1123.53
West,Beauty,Makeup,Mobile,625.48,2,55.69
South,Clothing,Men,In-Store,38050.29,159,10246.52
East,Groceries,Bakery,Mobile,15763.24,58,1588.3
West,Clothing,Kids,Online,41988.14,146,10683.62
South,Sports,Outdoor,Mobile,85999.7,190,37750.61
East,Electronics,Laptops,Online,50022.63,189,13666.93
West,Sports,Gym,Online,9480.68,116,1820.12
East,Sports,Team Sports,Online,29922.33,61,7089.87
North,Beauty,Haircare,Mobile,12823.36,176,2109.02
East,Groceries,Dairy,Mobile,10802.12,28,2203.91
South,Electronics,Laptops,In-Store,6521.55,21,898.98
North,Sports,Outdoor,Online,7135.07,47,959.14
West,Electronics,Laptops,Online,23253.08,59,10191.93
East,Furniture,Office,In-Store,43092.18,106,6233.34
East,Furniture,Living Room,Online,16222.47,41,5793.31
South,Electronics,Laptops,Online,17252.28,68,5199.37
West,Clothing,Men,In-Store,1575.6,52,367.24
East,Electronics,Accessories,Mobile,33650.15,115,4031.24
West,Clothing,Women,Online,8876.14,26,3634.96
West,Furniture,Living Room,Online,974.82,33,400.51
North,Groceries,Bakery,Mobile,15588.43,121,3763.24
West,Groceries,Bakery,Mobile,7044.16,32,579.38
South,Electronics,Tablets,In-Store,44209.2,168,11498.54
North,Sports,Gym,Mobile,15048.4,85,1866.57
West,Electronics,Tablets,Mobile,32212.25,175,4903.76
East,Sports,Gym,In-Store,10282.15,115,4597.12
West,Electronics,Phones,In-Store,44636.67,157,3452.12
West,Electronics,Laptops,Online,948.86,22,245.85
South,Furniture,Living Room,Online,72203.56,169,12913.86
South,Clothing,Kids,In-Store,75645.96,156,26716.98
North,Electronics,Accessories,Mobile,61668.3,186,24896.34
West,Furniture,Living Room,In-Store,37440,80,6458.78
East,Groceries,Bakery,Online,13334.02,161,5457.48
East,Sports,Gym,In-Store,7359.98,34,671.78
North,Groceries,Dairy,Online,32971.39,131,11951.09
North,Furniture,Office,In-Store,15855.7,35,1959.29
East,Groceries,Bakery,In-Store,56988.54,126,24481.99
North,Sports,Outdoor,Online,6257.04,24,1434.22
North,Sports,Outdoor,Online,34153.6,104,7690.96
South,Sports,Outdoor,Mobile,26870.2,85,7642.68
North,Sports,Outdoor,Online,57703.03,137,6900.8
North,Furniture,Living Room,Online,27273.4,121,8430.01
North,Furniture,Bedroom,Online,53246.83,169,22928.82
North,Groceries,Bakery,Mobile,24211.25,125,4528.82
East,Electronics,Laptops,In-Store,19964.25,75,4142.87
West,Clothing,Women,Online,33067.69,137,7454.34
West,Beauty,Haircare,In-Store,18769.38,58,5831.4
South,Groceries,Produce,In-Store,67392.75,177,21406.37
East,Groceries,Produce,Mobile,38782.8,81,6918.69
West,Groceries,Dairy,Mobile,21378.33,81,1471.32
West,Beauty,Skincare,Mobile,8923.35,93,1293.36
East,Electronics,Phones,Online,1519.38,23,498.13
East,Sports,Team Sports,In-Store,26061.84,126,5234.51
East,Beauty,Haircare,Online,904.4,152,231.38
East,Sports,Team Sports,Mobile,19608.05,77,2471.94
West,Electronics,Laptops,Mobile,40575.06,174,6340.3
West,Sports,Gym,Mobile,26915.49,189,6848.6
West,Groceries,Dairy,Online,7237.2,40,1975.22
East,Electronics,Phones,In-Store,706.41,47,183.84
South,Beauty,Skincare,In-Store,16754.65,55,1812.02
East,Furniture,Office,Online,916.98,2,81.68
North,Clothing,Kids,In-Store,6709.22,119,1140.15
East,Groceries,Dairy,Online,34351.46,143,3747.73
North,Electronics,Tablets,In-Store,64343.27,131,23735.81
West,Electronics,Accessories,In-Store,80801.52,197,10735.34
South,Groceries,Produce,Mobile,4078.8,72,1652.5
North,Clothing,Women,Mobile,3953.3,13,1384.47
South,Beauty,Skincare,In-Store,16377.3,186,5146.43
South,Electronics,Tablets,Online,41351.68,128,10862.08
East,Electronics,Accessories,In-Store,69398.91,189,19589.67
West,Furniture,Bedroom,Mobile,6900.46,14,1783.85
West,Electronics,Accessories,Mobile,42404.64,92,18130.53
East,Sports,Team Sports,Mobile,31600.44,122,5161.1
South,Electronics,Tablets,Mobile,30049.04,92,2076.09
West,Electronics,Accessories,Online,32983.15,145,3467.46
East,Electronics,Laptops,Mobile,49699.88,148,6054.79
East,Clothing,Men,Online,34651.8,186,10826.51
South,Beauty,Haircare,Online,49370.42,121,15974.34
North,Clothing,Kids,In-Store,32769.44,176,13277.18
West,Clothing,Women,Online,7568.99,67,1646.52
South,Electronics,Accessories,Online,46127.25,95,10742.74
South,Beauty,Skincare,Mobile,10989.63,23,607.03
North,Furniture,Office,In-Store,10797.05,67,811.75
East,Groceries,Bakery,Online,19670.42,106,5025.83
North,Beauty,Makeup,Mobile,21560.44,44,4363.78
North,Sports,Outdoor,Mobile,7661.08,28,2101.6
West,Furniture,Bedroom,Online,76318.88,176,23771.53
West,Clothing,Men,In-Store,4207.77,63,814.38
South,Groceries,Produce,Mobile,21104,80,3509.01
West,Sports,Team Sports,Online,52500,140,4761.21
East,Furniture,Bedroom,Online,39262.74,93,14649.44
North,Electronics,Phones,Online,17974.32,91,5584.21
North,Beauty,Haircare,Mobile,10912.72,28,4006.08
East,Furniture,Bedroom,In-Store,5398.84,71,335.71
West,Furniture,Bedroom,Mobile,45405.68,184,7326.56
East,Clothing,Kids,In-Store,26448.78,83,5549.87
West,Beauty,Makeup,In-Store,38105.91,107,11697.94
North,Groceries,Produce,Mobile,24534.56,113,10329.3
West,Beauty,Haircare,Online,2332.05,21,864.18
West,Electronics,Accessories,In-Store,14417.06,134,739.45
North,Electronics,Tablets,In-Store,2781.48,156,1119.78
West,Sports,Team Sports,Mobile,12133.44,176,4318.11
West,Beauty,Makeup,In-Store,14454.94,194,4619.37
South,Beauty,Makeup,Mobile,2039.76,9,676.54
East,Beauty,Skincare,In-Store,29863.5,86,3640.39
East,Beauty,Haircare,Mobile,20355.75,45,2015.7
North,Beauty,Haircare,In-Store,71421.1,199,8843.89
South,Clothing,Women,In-Store,35473.71,129,6091.25
East,Clothing,Women,In-Store,433.84,8,183.94
North,Sports,Outdoor,In-Store,51650.04,113,20698.97
South,Electronics,Phones,Online,48518.19,199,5790.52
South,Sports,Outdoor,Mobile,12433.6,76,5538.14
South,Groceries,Produce,In-Store,18887.14,38,4953.53
West,Groceries,Bakery,In-Store,49669.2,168,11632.34
East,Groceries,Dairy,In-Store,6128.72,71,2326.95
East,Beauty,Haircare,In-Store,87733.94,191,27077.55
North,Groceries,Dairy,Mobile,57522,150,11003.47
North,Groceries,Dairy,In-Store,5220.7,17,2323.09
North,Furniture,Living Room,Mobile,62025.6,130,5378.21
West,Groceries,Produce,In-Store,15989.16,132,2260.37
South,Clothing,Men,Mobile,60296.8,145,18875.74
South,Groceries,Dairy,Mobile,53041.98,166,9852.69
East,Clothing,Women,Online,11332.31,71,3901.68
West,Sports,Outdoor,Mobile,44916.9,146,18696.27
East,Electronics,Laptops,In-Store,3893.78,121,841.4
East,Sports,Outdoor,Online,29254.68,63,8919.76
South,Beauty,Skincare,Online,1669.76,16,352.43
North,Sports,Outdoor,Mobile,4684.32,24,993.11
West,Clothing,Men,Online,1949.05,85,771.43
East,Furniture,Living Room,In-Store,25966.8,90,8700.66
West,Furniture,Office,Online,7911.04,94,3543.4
South,Sports,Team Sports,In-Store,47469.87,151,10410.53
East,Clothing,Women,Online,8216.4,41,1391.57
West,Beauty,Skincare,Mobile,6467.4,18,2085.53
West,Clothing,Kids,In-Store,4768.4,104,2105.79
East,Beauty,Makeup,In-Store,47736.54,158,17108.14
West,Groceries,Dairy,Mobile,58078.8,136,4573.19
East,Clothing,Kids,Online,35943.6,140,10758.23
South,Groceries,Dairy,Online,17660.16,36,7309.59
West,Furniture,Living Room,In-Store,22664.88,168,2474.47
South,Electronics,Phones,In-Store,74582.4,160,27529.49
North,Groceries,Produce,In-Store,33539.52,93,11310.52
West,Electronics,Tablets,Online,38340.12,156,6620
West,Groceries,Produce,In-Store,1070.18,73,79.31
South,Groceries,Produce,Mobile,8601.71,127,3064.08
South,Electronics,Accessories,Mobile,51464.85,145,18976.51
East,Electronics,Tablets,In-Store,6999.74,22,2770.95
East,Furniture,Bedroom,Mobile,24392.69,49,3892.7
West,Electronics,Tablets,In-Store,29507.4,195,8128.84
North,Clothing,Kids,In-Store,14873.22,162,6534.93
East,Furniture,Living Room,Online,68462.88,172,13079.57
East,Electronics,Accessories,Mobile,6636.8,128,884.53
South,Beauty,Skincare,Mobile,21021.11,79,5205.86
East,Sports,Outdoor,Mobile,12656.16,36,1151.87
West,Beauty,Makeup,In-Store,29223.36,73,13137.63
West,Sports,Gym,Online,32634,98,5565.35
South,Beauty,Haircare,Online,3201.88,22,1388.05
North,Electronics,Accessories,In-Store,43412.05,187,4163.56
South,Clothing,Women,In-Store,2803.36,16,295.49
East,Furniture,Living Room,Online,26027.04,104,4348.13
North,Sports,Outdoor,Online,23213.75,175,7725.22
West,Furniture,Office,Mobile,38269.84,148,12951.81
West,Sports,Outdoor,Mobile,32052.26,127,8240.81
East,Groceries,Produce,In-Store,14288.95,89,4953.27
West,Beauty,Makeup,Online,51675.6,120,2999.16
South,Clothing,Kids,Online,51317.1,190,11226.48
East,Beauty,Makeup,Online,21323.25,75,6349.55
North,Sports,Outdoor,In-Store,52128.36,124,2667.93
South,Beauty,Haircare,Mobile,266.73,17,60.01
East,Sports,Outdoor,In-Store,54316.08,182,12612.63
East,Clothing,Men,Online,11417.43,69,1969.44
East,Groceries,Produce,Online,23449.02,62,4595.55
East,Electronics,Accessories,Online,1228.68,9,439.74
West,Beauty,Makeup,Online,909.96,2,325.09
West,Beauty,Haircare,In-Store,67254,165,21223.37
East,Electronics,Phones,Online,1575.42,21,662.49
West,Groceries,Produce,Online,29126.28,173,7315.82
East,Sports,Team Sports,In-Store,25394.39,199,9780.9
East,Electronics,Accessories,Mobile,10204.16,32,1591.23
South,Beauty,Haircare,Online,296,40,62.68
North,Furniture,Living Room,Mobile,47076.24,146,10668.5
North,Beauty,Skincare,In-Store,46592.48,184,3707.91
South,Sports,Outdoor,Mobile,23033.78,77,10119.07
East,Furniture,Office,In-Store,19312.64,64,3713.89
South,Electronics,Phones,Online,41627.46,147,17336.65
South,Electronics,Tablets,Online,67780.98,171,4424.02
North,Sports,Outdoor,Mobile,27016.29,63,7973.35
West,Groceries,Dairy,In-Store,61909.6,152,8678.84
North,Beauty,Skincare,In-Store,2154.87,9,330.25
South,Clothing,Women,In-Store,12619.8,60,988.29
North,Clothing,Kids,Mobile,22239.87,131,4077.43
South,Sports,Team Sports,In-Store,73506.17,149,6834.51
West,Beauty,Skincare,In-Store,26158.44,57,2916.02
South,Groceries,Bakery,Mobile,80995.46,191,33360.54
South,Sports,Outdoor,Mobile,85519.95,185,15025.38
East,Sports,Outdoor,Online,518.49,63,34.1
West,Sports,Team Sports,Online,951.7,155,356.81
South,Groceries,Bakery,In-Store,6633.9,135,2945.24
South,Furniture,Living Room,Mobile,4046.4,48,1590.48
South,Groceries,Bakery,Online,475.42,22,125.73
East,Electronics,Tablets,Online,2804.5,10,1029.59
South,Clothing,Women,Mobile,7094.22,114,3006.19
West,Beauty,Skincare,Mobile,853.75,5,88.64
East,Electronics,Phones,Online,6078.2,20,2472.53
South,Electronics,Tablets,In-Store,16175.08,38,4391.86
East,Beauty,Makeup,In-Store,49855.98,131,12191.53
North,Electronics,Accessories,Mobile,32817,100,10407.48
North,Furniture,Office,Online,3717.63,9,1350.35
North,Groceries,Produce,In-Store,8819.72,26,3720.76
West,Clothing,Women,Online,22406.68,83,1223.5
North,Clothing,Men,Online,3452.12,14,1461.86
South,Furniture,Office,Mobile,61571.06,166,8315.96
North,Sports,Outdoor,Online,73213.84,152,10304.16
East,Beauty,Makeup,In-Store,13262.61,59,5707.7
North,Sports,Gym,Online,36713.6,160,4916.87
South,Beauty,Haircare,Online,19263.91,53,2611.02
West,Clothing,Women,Online,17815.32,71,2521.31
North,Groceries,Produce,Mobile,30696.45,113,3005.76
South,Beauty,Haircare,Mobile,62081.04,196,3900.11
South,Groceries,Dairy,Mobile,5948.16,24,1546.88
South,Sports,Gym,In-Store,1995.44,4,830.79
West,Furniture,Living Room,Online,7788.1,19,611.86
North,Beauty,Haircare,In-Store,37134.2,166,9275.93
North,Electronics,Laptops,Mobile,47534.04,162,3030.7
South,Sports,Team Sports,In-Store,23164.24,121,3209.2
East,Clothing,Women,In-Store,30250.24,128,8124.87
East,Clothing,Kids,In-Store,27338.83,59,5561.63
South,Sports,Gym,In-Store,65.81,1,9.07
East,Furniture,Living Room,In-Store,27170.55,55,10492.45
South,Clothing,Men,Online,68799.52,158,14150.46
South,Sports,Gym,Online,29313.51,167,1608.98
South,Beauty,Skincare,Online,4305.26,167,802.77
North,Sports,Outdoor,Mobile,11595.36,98,1816.73
East,Clothing,Men,In-Store,33057.54,86,4094
South,Groceries,Dairy,Online,13484.1,35,772.89
East,Groceries,Bakery,Mobile,6839.44,47,506.6
North,Electronics,Tablets,Online,1778.91,21,296.92
South,Sports,Team Sports,In-Store,87637.55,187,14127.76
North,Electronics,Phones,Mobile,23478.84,196,2029.95
North,Electronics,Accessories,Mobile,55155.07,191,9905.41
South,Sports,Outdoor,Online,1332.48,32,264.77
East,Clothing,Kids,In-Store,6979.68,37,801.97
North,Sports,Gym,Mobile,12906.99,183,4503.47
East,Electronics,Phones,In-Store,2490.8,52,428.41
East,Beauty,Haircare,In-Store,18653.92,184,8241.54
East,Sports,Gym,Online,583.68,76,252.25
West,Furniture,Living Room,Mobile,25439.04,66,2852.47
West,Groceries,Produce,In-Store,2337.84,51,392.87
East,Electronics,Phones,In-Store,9873.66,129,2490.76
West,Furniture,Living Room,Online,61690.06,194,8803.29
North,Clothing,Men,Online,14913.2,92,3296.01
East,Furniture,Office,Mobile,74516.4,180,18483.51
North,Furniture,Office,Mobile,17808.9,178,6209.95
West,Clothing,Men,In-Store,66664.8,197,26296.18
West,Electronics,Tablets,Online,36840.9,111,11559.36
East,Sports,Team Sports,Online,5057.64,189,374.11
South,Electronics,Phones,In-Store,7274.94,37,2358.65
West,Beauty,Haircare,In-Store,20038.35,89,7805.65
East,Electronics,Laptops,Mobile,44319,132,15982.4
East,Electronics,Phones,In-Store,11186.47,47,4671.91
South,Beauty,Haircare,Online,38507.2,82,17054.63
West,Electronics,Tablets,In-Store,5352.27,49,2390.55
North,Groceries,Dairy,Mobile,2910.6,135,209.29
South,Clothing,Kids,Online,43274,175,13117.23
South,Furniture,Bedroom,Online,5975.06,14,2381.77
North,Sports,Gym,Mobile,23393.25,111,9906.8
North,Electronics,Phones,Mobile,7088.83,37,1811.5
East,Clothing,Men,In-Store,19291.62,94,2910.55
North,Beauty,Haircare,Mobile,1026.5,5,130.26
North,Furniture,Living Room,Mobile,3908.79,93,1504.19
South,Groceries,Produce,In-Store,8271.5,71,2824.73
East,Sports,Gym,In-Store,38949.7,106,11138.81
North,Groceries,Produce,Mobile,35059.44,102,15312.65
West,Sports,Team Sports,Mobile,42875.36,187,16008.4
North,Groceries,Bakery,Online,40383.41,109,14200.9
South,Furniture,Living Room,In-Store,65448.82,166,13393.31
West,Electronics,Accessories,In-Store,3985.56,12,939.34
West,Sports,Outdoor,In-Store,7560.18,97,2676.68
East,Groceries,Bakery,In-Store,3872.97,69,1396.5
West,Sports,Outdoor,Online,4030.41,111,1413.36
East,Clothing,Women,Mobile,15508.8,135,5804.52
East,Furniture,Bedroom,In-Store,73808,175,24862.37
South,Sports,Gym,In-Store,16180.92,63,4303.58
South,Electronics,Laptops,Online,22268.13,141,4874.84
North,Clothing,Men,Mobile,10582.5,50,3081.47
North,Beauty,Makeup,Online,10229.24,196,1745.7
South,Sports,Team Sports,Online,978.42,3,241.6
South,Beauty,Haircare,Online,11621.11,61,5169.09
East,Groceries,Produce,Mobile,6376.44,42,2747.83
West,Electronics,Tablets,Online,25837.88,134,8406.05
South,Beauty,Makeup,Online,32393.16,102,5146.56
South,Electronics,Tablets,Online,30686.53,107,1633.82
North,Sports,Team Sports,Mobile,11434.15,91,2473.46
East,Clothing,Women,Online,516.06,2,105.57
West,Clothing,Kids,Mobile,20252.25,45,8265.35
North,Groceries,Bakery,Mobile,52679.16,108,15848.34
West,Sports,Gym,In-Store,12063.8,98,4176.69
South,Clothing,Kids,Mobile,43742.16,88,14170.12
West,Furniture,Bedroom,Online,23667.77,131,8727.29
South,Sports,Team Sports,Mobile,15645.96,66,1469.18
North,Clothing,Kids,Mobile,5136.35,43,1371.51
West,Groceries,Bakery,Mobile,1041.6,105,242.2
North,Sports,Team Sports,Mobile,8728.36,62,1729.83
South,Groceries,Produce,Online,40180.95,145,9362.47
East,Groceries,Bakery,Mobile,29516.92,172,11917.89
South,Groceries,Dairy,Mobile,15239.88,137,2762.83
East,Electronics,Phones,Mobile,757.38,2,46.13
South,Furniture,Bedroom,In-Store,3722.18,11,703.15
North,Groceries,Dairy,Mobile,1977.72,12,135.65
East,Clothing,Men,Online,7556.23,73,2944.46
West,Groceries,Dairy,In-Store,54780.72,124,14789.48
South,Furniture,Office,Mobile,19365.5,50,2685.88
West,Electronics,Accessories,In-Store,334.53,7,68.62
West,Electronics,Laptops,In-Store,29248.1,70,5429.88
North,Beauty,Haircare,Online,2567.72,46,918.65
South,Electronics,Laptops,Mobile,8904,24,2576.02
North,Groceries,Dairy,Online,35078.96,74,3896.23
South,Beauty,Haircare,In-Store,21566.64,92,9488.08
North,Furniture,Living Room,Mobile,61910.16,156,20704.16
East,Electronics,Tablets,In-Store,1617.6,20,220.63
West,Clothing,Kids,Mobile,31357.62,63,1809.76
East,Clothing,Men,Mobile,1149.54,14,477.31
North,Groceries,Bakery,In-Store,19660.2,70,6705.43
North,Clothing,Kids,In-Store,26242.92,99,5087.65
West,Furniture,Living Room,In-Store,19311.76,62,4994.73
South,Sports,Gym,Online,2000.96,32,686.15
South,Furniture,Living Room,In-Store,12843.6,88,3343.76
East,Beauty,Skincare,Mobile,35514.45,79,8992.74
East,Electronics,Laptops,Mobile,9098.23,109,880.92
East,Electronics,Laptops,Online,8463.4,20,3697.35
South,Groceries,Produce,In-Store,65540.12,166,29030.9
South,Beauty,Makeup,In-Store,30296.43,113,11786.08
West,Electronics,Tablets,Online,58708.48,142,15332.03
West,Electronics,Laptops,Mobile,4657.92,12,1683.66
South,Clothing,Kids,Mobile,16146.69,69,2814.43
South,Electronics,Tablets,In-Store,51897.51,113,5494.04
West,Groceries,Produce,Mobile,1413.36,26,633.78
West,Beauty,Haircare,Mobile,14385.96,89,5685.27
East,Clothing,Women,Mobile,20774.9,166,7232.16
East,Clothing,Kids,Online,16434.25,35,859.82
East,Furniture,Office,In-Store,66847.2,138,14851.57
North,Clothing,Kids,In-Store,2513.28,176,1036.71
South,Sports,Outdoor,Online,1262.24,196,371.22
East,Furniture,Office,In-Store,7104.02,154,1802.77
East,Electronics,Tablets,Mobile,23879.7,157,3476.54
East,Furniture,Living Room,Online,21239.6,116,7981.18
North,Groceries,Produce,Mobile,12928.73,149,4977.62
South,Electronics,Laptops,Mobile,12612.42,41,4521.87
South,Sports,Outdoor,Mobile,45719.8,140,3715.73
North,Groceries,Dairy,In-Store,26206.62,59,5104.04
North,Beauty,Skincare,In-Store,357.39,57,34.14
East,Furniture,Living Room,Online,27610.88,176,4486.49
East,Furniture,Office,In-Store,26321.16,86,1855.51
East,Furniture,Bedroom,Mobile,3894.99,37,1068.1
East,Clothing,Kids,Mobile,10568.4,120,2042.86
North,Sports,Gym,In-Store,20120.2,58,7559.74
South,Clothing,Men,Online,18940.53,133,4030.37
East,Groceries,Produce,Online,1899.16,158,741.83
South,Beauty,Haircare,In-Store,29377.6,80,9107.09
West,Electronics,Tablets,Mobile,9699.56,23,522.62
West,Beauty,Haircare,Mobile,21260.92,172,4895.37
North,Beauty,Haircare,Online,4365.4,65,867.06
South,Furniture,Office,Online,33009.83,101,7108.86
South,Furniture,Office,In-Store,68862.9,159,26661.27
East,Furniture,Living Room,Mobile,44690.8,154,12053.9
South,Clothing,Men,In-Store,76444.2,180,13012.16
East,Beauty,Haircare,In-Store,42963.39,159,12712.61
South,Beauty,Skincare,Online,980.73,3,375.95
South,Sports,Outdoor,Online,25721.85,131,4987.29
West,Sports,Gym,Online,3518.4,8,216.75
North,Electronics,Accessories,Mobile,3959.28,52,1058.69
South,Clothing,Women,In-Store,63213,190,4012.28
South,Beauty,Skincare,Mobile,168.86,1,11.22
South,Electronics,Tablets,Online,6418.2,38,590.58
South,Beauty,Makeup,In-Store,29958.4,64,6660.57
North,Electronics,Accessories,Mobile,76480.99,167,33369.8
West,Electronics,Phones,In-Store,27000.16,58,5741.45
East,Sports,Team Sports,Mobile,69692,140,15844.22
South,Electronics,Tablets,Online,11212.68,123,3720.14
West,Electronics,Tablets,In-Store,46678.04,113,8384.24
West,Beauty,Makeup,Mobile,52107.2,160,20128.83
North,Beauty,Makeup,Online,11468.76,93,5140.64
North,Electronics,Phones,Online,60488.96,157,22016.48
North,Groceries,Bakery,Online,37756.04,133,11865.81
North,Groceries,Dairy,In-Store,24619.54,94,5964.99
East,Furniture,Office,Mobile,50874.28,157,16855.87
East,Beauty,Skincare,Online,8706.66,186,941.53
North,Furniture,Living Room,Mobile,13771.77,57,4345.15
West,Furniture,Office,Online,46933.6,136,4393.3
North,Groceries,Bakery,Online,7945.8,190,2912.97
North,Electronics,Phones,Mobile,16266.34,82,2670.87
East,Electronics,Accessories,Mobile,43588.05,165,6232.66
South,Furniture,Office,Mobile,18691.78,89,6277.29
East,Electronics,Accessories,Mobile,30741.54,83,7889.9
West,Furniture,Living Room,In-Store,12432.02,41,1324.18
East,Beauty,Makeup,Online,20.52,4,6.74
North,Beauty,Makeup,Mobile,11951.94,77,2913.36
North,Groceries,Bakery,Online,38305.52,88,2075.78
East,Groceries,Bakery,Online,44710.64,169,4570.53
West,Clothing,Women,Mobile,39706.2,172,3192.3
West,Electronics,Phones,Mobile,11842.44,29,883.67
East,Beauty,Makeup,Mobile,35147.07,141,9690.19
East,Sports,Team Sports,Online,24778.2,183,5915.8
South,Furniture,Living Room,In-Store,54028.5,199,11529.24
North,Electronics,Phones,In-Store,2038.14,78,587.3
West,Beauty,Skincare,Mobile,55251.3,186,18911.94
South,Electronics,Laptops,Online,20328.1,190,9007.27
East,Clothing,Women,Online,6499.67,89,1108.89
North,Furniture,Living Room,Mobile,12570.46,98,4911.58
South,Beauty,Skincare,In-Store,3245.58,38,493.94
West,Clothing,Men,In-Store,49954.3,110,21867.93
North,Beauty,Haircare,Online,4663.02,93,1859.24
East,Beauty,Skincare,In-Store,21685.3,130,1826.63
West,Sports,Team Sports,Online,15417,108,888.84
West,Sports,Gym,In-Store,1441.6,20,647.37
North,Electronics,Tablets,Mobile,6883.44,29,409.65
South,Sports,Gym,In-Store,52034.7,174,19098.35
North,Sports,Gym,In-Store,1158.05,23,207.49
West,Beauty,Makeup,Online,32696.4,132,3324.54
North,Furniture,Living Room,Mobile,16296.44,106,7264.81
East,Sports,Outdoor,Online,17090.22,147,6339.32
East,Sports,Team Sports,Online,10142.96,38,1941.22
West,Sports,Outdoor,In-Store,53218,164,11207.79
North,Beauty,Haircare,In-Store,9827.4,132,1581.88
South,Sports,Team Sports,Mobile,7127.79,59,1659.63
South,Beauty,Makeup,Mobile,20508.18,161,4778.11
North,Beauty,Skincare,Mobile,75026.4,172,11132.27
East,Beauty,Makeup,Online,8226.43,29,3382.45
West,Electronics,Accessories,In-Store,66.32,2,7.58
North,Groceries,Dairy,Mobile,40338.24,96,15112.05
South,Groceries,Bakery,Mobile,50.3,2,16.35
West,Furniture,Bedroom,Online,24181.68,57,1856.19
East,Electronics,Tablets,In-Store,5039.16,42,1444.58
West,Beauty,Skincare,Online,1939.28,8,821.24
South,Sports,Outdoor,Online,39035.73,183,6830.35
North,Sports,Outdoor,In-Store,2836.2,58,1110.84
North,Furniture,Bedroom,Mobile,16884.78,66,2229.27
North,Furniture,Bedroom,Online,24469.83,99,5249.5
East,Sports,Outdoor,Online,2732.94,21,1071.46
West,Clothing,Women,In-Store,32677.2,87,10774.65
East,Furniture,Bedroom,In-Store,55399.08,132,3512.05
North,Clothing,Women,In-Store,10107.45,27,1329.91
East,Furniture,Bedroom,In-Store,21153.86,59,2679.09
South,Sports,Outdoor,Mobile,17356.63,47,5076.13
North,Electronics,Laptops,In-Store,21794.69,61,4752.22
East,Beauty,Makeup,Online,27628.8,60,2864.41
West,Sports,Gym,Online,1019.16,4,166.82
North,Clothing,Men,In-Store,29072.11,191,4280.07
South,Clothing,Kids,In-Store,24435.36,142,8164.12
East,Clothing,Men,In-Store,20666.87,133,6316.12
South,Electronics,Accessories,In-Store,79411.8,195,35368.55
West,Groceries,Bakery,Online,71062.92,162,4653.15
North,Sports,Gym,Mobile,43684.56,129,10808.34
South,Clothing,Kids,Online,14300.61,31,5114.55
South,Groceries,Produce,Mobile,14165,125,3618.31
South,Furniture,Bedroom,Mobile,12976.78,34,1258.37
South,Beauty,Skincare,Online,1085.76,32,301.92
West,Beauty,Makeup,In-Store,3377.92,7,1425.98
West,Sports,Gym,Online,26232.24,116,11284.65
East,Groceries,Bakery,In-Store,2700.5,22,984.33
East,Clothing,Kids,In-Store,6413.94,18,632.13
South,Clothing,Men,Online,20005.49,83,4539.19
West,Clothing,Kids,Mobile,14835.52,74,788.04
South,Beauty,Haircare,In-Store,31324.32,108,4666.74
North,Clothing,Men,Mobile,21087.75,155,6914.98
West,Beauty,Haircare,Online,22237.74,159,3220.8
West,Furniture,Office,In-Store,37692.75,145,11719.43
East,Clothing,Men,Online,5937.44,172,689.28
West,Furniture,Living Room,In-Store,7370.88,24,786.34
West,Sports,Team Sports,Online,18763.2,60,3854.02
East,Beauty,Makeup,In-Store,43126.82,121,11989.59
South,Groceries,Bakery,Online,1313.7,6,181.9
East,Electronics,Phones,Online,2455.02,18,791.03
East,Groceries,Produce,Mobile,20061.76,142,6578.23
North,Furniture,Office,Mobile,6910.53,43,1384.89
East,Sports,Gym,Online,55055.19,157,18509.5
East,Beauty,Haircare,Online,20407.04,128,2868.57
East,Electronics,Phones,Online,295.8,20,47.65
East,Electronics,Accessories,In-Store,11544.78,26,3732.11
South,Beauty,Haircare,Online,6965.76,96,366.31
South,Clothing,Women,Mobile,15226.24,64,5173.33
East,Furniture,Living Room,Online,12730.08,33,4786.02
South,Sports,Outdoor,Mobile,1412.18,131,109.24
South,Electronics,Accessories,In-Store,6761.99,73,591.25
South,Beauty,Makeup,Mobile,69629.48,164,10295.35
North,Sports,Outdoor,Mobile,10690.56,36,2872.18
South,Furniture,Bedroom,In-Store,27959.96,122,9446.05
South,Groceries,Dairy,In-Store,53594.03,119,19605.87
West,Electronics,Tablets,In-Store,25548,150,10170.05
West,Sports,Outdoor,In-Store,14496.23,193,4189.36
East,Electronics,Tablets,Mobile,5365.08,28,1692.66
West,Beauty,Haircare,Online,56357.97,181,10979.84
North,Sports,Outdoor,In-Store,214.24,2,84.47
North,Beauty,Skincare,Online,11631.96,36,2123.18
South,Beauty,Haircare,In-Store,1052.48,176,284.13
South,Electronics,Accessories,Online,9646.28,94,3638.19
West,Clothing,Men,Online,164.56,4,59.54
West,Beauty,Haircare,Online,15646.82,146,3961.15
South,Groceries,Dairy,Mobile,9195.12,172,3647.97
South,Groceries,Produce,Online,12840.04,58,1845.21
East,Furniture,Living Room,Online,739.48,139,246.1
South,Furniture,Bedroom,In-Store,20252,166,6160.12
South,Electronics,Tablets,Online,3061.8,15,539.19
North,Clothing,Men,In-Store,12422.4,160,4589.9
West,Sports,Outdoor,Mobile,51041.5,185,2894.37
West,Groceries,Produce,Online,22689.81,123,3052.3
West,Sports,Team Sports,Mobile,32937.45,105,9815.65
East,Sports,Gym,Mobile,3576.96,96,895.61
East,Furniture,Living Room,In-Store,16536.58,34,1073.62
East,Groceries,Produce,Mobile,29815.79,127,6169.32
East,Clothing,Women,Online,8399.6,40,2122.22
South,Beauty,Skincare,In-Store,1237.11,21,192.78
South,Electronics,Laptops,Mobile,957.18,2,418
North,Furniture,Office,In-Store,4773.18,114,1458.1
East,Groceries,Produce,Online,20861.04,102,8728.97
West,Groceries,Produce,In-Store,75578.16,168,33173.14
North,Furniture,Living Room,In-Store,56039.4,180,19902.57
South,Beauty,Haircare,Mobile,35165.13,77,5601.02
North,Furniture,Bedroom,In-Store,25095.66,129,2209.86
West,Furniture,Living Room,Mobile,1612.62,17,695.51
South,Clothing,Men,Online,28805.04,66,6424.13
West,Groceries,Bakery,In-Store,2256.76,46,320.39
North,Sports,Outdoor,Mobile,22349.6,112,4522.76
East,Furniture,Living Room,In-Store,1932,28,268.4
West,Furniture,Living Room,Online,53456.76,108,8428.24
West,Electronics,Laptops,Online,36420.54,78,7300.39
East,Clothing,Kids,In-Store,2832.12,9,695.66
East,Groceries,Bakery,In-Store,13880.56,31,2844.57
North,Clothing,Kids,In-Store,25677.3,155,7795.31
East,Beauty,Haircare,In-Store,6856.54,131,2048.1
East,Sports,Gym,Online,7985.25,63,2632.19
East,Groceries,Dairy,Online,53775.4,142,12919.29
North,Groceries,Produce,In-Store,45484.02,142,16520.23
South,Beauty,Haircare,Mobile,76683.7,166,13815.28
North,Electronics,Tablets,In-Store,16259.76,72,5991.35
North,Sports,Gym,Mobile,5991.48,102,1279.56
West,Beauty,Makeup,Mobile,10353.42,22,4181.92
South,Clothing,Women,Mobile,2113.1,11,844.25
West,Beauty,Haircare,In-Store,25037.6,70,1763.51
South,Sports,Team Sports,Mobile,62274.12,158,11183.61
North,Clothing,Kids,Online,23636.02,101,7037.73
East,Sports,Team Sports,Mobile,37405.44,191,4818.71
South,Beauty,Makeup,Online,18459.84,41,6550.77
East,Beauty,Makeup,Online,7692.25,145,1991.23
North,Groceries,Produce,In-Store,3299.1,30,497.38
South,Groceries,Bakery,In-Store,39766.23,141,5947.91
West,Groceries,Bakery,Mobile,10061.07,57,3411.95
West,Clothing,Men,In-Store,18740.7,110,7880.11
West,Beauty,Haircare,In-Store,15402.98,131,4525.19
West,Clothing,Women,Online,4830.84,42,1101.61
South,Groceries,Produce,In-Store,16571.8,89,6147.79
North,Groceries,Bakery,In-Store,71735.43,169,22148.12
North,Clothing,Kids,In-Store,10334.33,83,3784.03
West,Groceries,Produce,Mobile,32962.08,129,2739.65
North,Beauty,Haircare,In-Store,89442.1,187,23907.1
North,Clothing,Women,In-Store,15855,50,4525.57
East,Groceries,Produce,In-Store,4202.51,13,1582.2
South,Groceries,Produce,Online,15689,145,6561.64
East,Groceries,Bakery,In-Store,16200.68,43,6672.19
North,Sports,Outdoor,Mobile,1743.84,12,765.11
North,Electronics,Phones,In-Store,1501.36,4,372.5
West,Beauty,Skincare,Online,5618.9,70,727.93
South,Groceries,Bakery,Online,62128.44,174,5256.1
East,Electronics,Tablets,In-Store,5245.38,161,614.07
North,Furniture,Bedroom,In-Store,293.56,4,20.62
East,Groceries,Produce,Mobile,6312.24,72,2787
East,Electronics,Laptops,Mobile,3205.98,27,340.98
West,Electronics,Tablets,Online,20050.47,157,2881.94
North,Sports,Gym,In-Store,15820.14,49,5561.71
West,Beauty,Haircare,Online,42226.56,96,11865.02
West,Clothing,Women,In-Store,83963,170,13911.04
North,Beauty,Haircare,Mobile,714.88,2,254.8
South,Clothing,Women,In-Store,27328.5,90,10442.86
South,Furniture,Office,In-Store,22757.3,89,4960.27
North,Groceries,Produce,Mobile,1966.27,23,883.34
North,Furniture,Bedroom,Online,55786.65,141,24922.81
South,Electronics,Accessories,Mobile,39138.32,104,5344.96
North,Beauty,Haircare,In-Store,74677.05,151,32000.14
South,Electronics,Accessories,In-Store,45816.75,175,11492.23
South,Beauty,Haircare,Mobile,4982.5,10,1861.1
North,Beauty,Skincare,Online,40687.06,103,16649.39
West,Sports,Gym,Online,49818.98,158,5715.04
South,Electronics,Tablets,In-Store,40694.4,96,13403.97
South,Sports,Outdoor,Mobile,54208.5,142,23600.43
East,Electronics,Tablets,Mobile,1293.6,196,134.48
West,Groceries,Dairy,Online,10531.52,32,4258.32
West,Clothing,Women,Online,4007.68,32,1506.1
East,Groceries,Dairy,Online,25142.25,75,4365.17
East,Clothing,Kids,Mobile,37193.01,177,14524.13
West,Electronics,Tablets,In-Store,8091.04,122,2857.76
West,Clothing,Kids,Online,71574.66,186,17503.65
East,Electronics,Tablets,Online,40650.48,117,7603.59
West,Furniture,Office,Online,18417.9,146,1890.95
North,Sports,Team Sports,Mobile,1409.4,174,441.96
South,Beauty,Skincare,In-Store,59875.26,186,18261.93
East,Electronics,Phones,Mobile,24127.5,125,5643.69
South,Beauty,Makeup,Online,28190.7,135,12025.61
East,Sports,Outdoor,Online,11478.78,27,3106.12
West,Sports,Gym,Online,23196.5,50,10423.2
West,Electronics,Accessories,Online,41568.12,132,12962.91
East,Beauty,Makeup,In-Store,965.6,142,142.63
South,Electronics,Tablets,Online,910.14,6,169.7
East,Clothing,Men,In-Store,40911.57,147,10352.14
East,Groceries,Produce,Mobile,52870.98,146,5217.97
East,Electronics,Tablets,In-Store,87393.6,180,22365.34
South,Furniture,Office,Mobile,8197,70,2280.65
South,Furniture,Living Room,In-Store,6594.44,164,2609.66
North,Clothing,Men,Online,9660.84,124,2918.54
South,Groceries,Dairy,In-Store,43674.8,185,18254.23
East,Groceries,Produce,Mobile,58460.02,167,24281.02
East,Electronics,Accessories,In-Store,47492.39,109,16289.7
North,Electronics,Laptops,Mobile,62360.08,136,3391.99
South,Groceries,Bakery,Online,31870.98,114,11587.32
East,Electronics,Accessories,Online,28530.59,187,1479.99
South,Clothing,Kids,Online,5793.58,13,2001.07
East,Groceries,Dairy,Online,10360,32,4356.56
North,Beauty,Skincare,Online,6271.25,25,974.72
North,Beauty,Makeup,Mobile,34874.84,182,7676.38
West,Clothing,Men,In-Store,67462.8,136,5752.78
West,Groceries,Produce,Mobile,19641.54,129,8387.92
East,Beauty,Skincare,In-Store,27164.88,174,8264.38
West,Furniture,Office,Mobile,44085.47,143,4663.58
South,Furniture,Bedroom,Mobile,31124.8,140,5133.1
South,Beauty,Haircare,In-Store,9660.2,22,1966.06
West,Groceries,Produce,Mobile,25832.73,159,7396.55
West,Sports,Team Sports,Mobile,26316.51,187,3873.76
East,Sports,Gym,Mobile,1744.89,7,577.8
East,Furniture,Bedroom,Mobile,10281.72,141,3814.21
South,Sports,Gym,Mobile,9648.76,44,2958.43
North,Sports,Outdoor,Mobile,14398.56,144,5339.74
North,Clothing,Women,In-Store,18969.78,183,7555.07
North,Beauty,Haircare,Mobile,4346.54,11,1314.64
South,Furniture,Office,In-Store,34977,75,8953.36
East,Sports,Outdoor,Online,29193.3,199,5226.19
East,Furniture,Office,In-Store,25383.62,67,6695.47
North,Clothing,Men,Mobile,11261.88,63,4314.5
West,Sports,Team Sports,Mobile,4521.72,12,1396.02
South,Clothing,Kids,Online,14998.55,35,2300.12
West,Sports,Gym,Online,49781.1,102,4425.51
West,Furniture,Office,In-Store,6683.04,136,1590.96
North,Furniture,Living Room,Online,50047.11,107,5199.43
West,Electronics,Laptops,Online,43173.76,112,19339.59
North,Furniture,Office,Mobile,657.39,3,88.25
South,Clothing,Women,In-Store,15134.56,112,6350.34
West,Electronics,Accessories,Mobile,1744.64,4,252.44
East,Electronics,Tablets,Mobile,22087.56,132,8238.31
West,Groceries,Dairy,Mobile,57752.5,130,24252.56
West,Sports,Team Sports,In-Store,53192.7,162,21313.17
West,Clothing,Women,In-Store,54179.81,167,23887.02
East,Electronics,Tablets,Mobile,57127.1,145,25346.65
South,Electronics,Laptops,Online,12422.94,62,4969.38
South,Groceries,Produce,Mobile,40442.82,87,5181.13
West,Electronics,Tablets,Mobile,7462.81,23,1015.81
East,Furniture,Office,Mobile,2011.37,197,158.37
South,Electronics,Tablets,Online,8431.28,26,1472.61
East,Beauty,Haircare,Mobile,11131.02,81,4835.58
South,Clothing,Men,Online,77294.67,159,32318.65
East,Beauty,Haircare,Mobile,21532.7,95,7260.37
East,Clothing,Women,Mobile,12625.12,38,4876.16
South,Clothing,Women,Online,72104.08,149,8999.05
West,Clothing,Women,In-Store,1926.22,37,199.33
South,Groceries,Bakery,In-Store,16997.1,53,4567.15
East,Clothing,Kids,Mobile,37452.98,178,12367.18
East,Sports,Gym,Mobile,63842.03,149,27490.78
North,Furniture,Office,In-Store,60049.92,168,21521.92
West,Beauty,Makeup,In-Store,13921.05,59,4624.88
East,Electronics,Accessories,Online,17989.91,43,2500.72
East,Clothing,Men,In-Store,20856.29,169,7147.64
West,Furniture,Living Room,Mobile,48557.6,184,7125.22
East,Sports,Team Sports,Online,59257.5,125,16024.74
South,Furniture,Office,Mobile,21501.92,88,6093.02
South,Furniture,Living Room,Mobile,6036.32,124,1421.03
South,Sports,Team Sports,Online,43949.28,158,2600.24
South,Beauty,Skincare,Mobile,43496.18,91,3903
South,Electronics,Tablets,Mobile,8638.02,37,1698.52
South,Sports,Gym,Online,24072.18,66,1802.11
West,Sports,Team Sports,Online,12891.67,163,3743.01
West,Electronics,Accessories,In-Store,59005.9,137,12967.1
East,Sports,Gym,In-Store,61396.32,148,25835.01
South,Electronics,Phones,Online,4338.91,17,1232.11
West,Furniture,Office,Online,38596.98,114,14352.83
South,Clothing,Women,Online,38946.61,101,12600.56
South,Sports,Outdoor,Mobile,10388.1,155,1607.38
South,Electronics,Phones,Online,40327.91,119,10367.95
East,Electronics,Laptops,Mobile,1591.2,15,454.4
East,Groceries,Dairy,Online,38388.71,109,7153.71
East,Clothing,Women,In-Store,41758.08,112,9568.69
North,Electronics,Phones,Mobile,34391.88,166,12463.49
East,Electronics,Phones,Online,10588.74,23,1415.59
North,Beauty,Skincare,Online,18110.7,45,5714.49
East,Electronics,Laptops,Online,35724,75,8360.39
West,Electronics,Laptops,Online,71185.24,196,19806.27
East,Sports,Team Sports,Mobile,25950.62,122,2463.72
West,Furniture,Living Room,Online,26500.5,54,4331.33
West,Furniture,Office,In-Store,10867.5,105,3243.42
East,Groceries,Produce,In-Store,9819.31,53,2617.65
South,Groceries,Dairy,Online,58496.1,130,4934.19
North,Sports,Outdoor,Online,16254.1,74,2131.07
North,Electronics,Phones,Online,8757.9,90,2904.03
South,Electronics,Accessories,In-Store,14698.2,44,3098.7
East,Clothing,Men,In-Store,40559.4,189,10418.56
West,Sports,Team Sports,Online,1297.62,9,579.6
East,Clothing,Kids,In-Store,28478.4,160,8532.33
South,Groceries,Bakery,Mobile,15235.88,124,948.6
North,Sports,Gym,Mobile,5681.4,51,1623.64
North,Furniture,Office,Mobile,36747.17,109,9599.5
North,Groceries,Dairy,Online,47910,150,16153.97
West,Beauty,Makeup,In-Store,26942.96,187,8367.15
North,Electronics,Tablets,Mobile,44504.51,107,19492.57
West,Electronics,Tablets,In-Store,10732,50,2909.78
East,Sports,Team Sports,In-Store,52963.95,173,16862.86
South,Furniture,Bedroom,Mobile,5447,100,293.24
East,Clothing,Women,Mobile,6404.91,31,1213.08
East,Clothing,Women,In-Store,54645.28,116,5250.75
North,Beauty,Skincare,Mobile,38367,105,3902.74
West,Groceries,Produce,Mobile,82746.83,167,21890.55
North,Furniture,Office,Online,66971.66,146,9827.98
West,Sports,Gym,Online,832.14,9,210.04
East,Furniture,Office,In-Store,34063.74,129,10814.01
West,Sports,Outdoor,In-Store,6089.02,122,2034.6
West,Furniture,Office,Online,51600,129,15064.15
West,Groceries,Dairy,Mobile,9294.62,149,1410.36
North,Clothing,Men,Online,10199.52,144,2321.57
East,Beauty,Haircare,Online,13265.61,37,1938.75
East,Clothing,Women,Mobile,13985.46,81,2660.24
West,Clothing,Kids,Online,38648.4,84,12754.16
South,Electronics,Tablets,In-Store,11776.8,60,2875.52
North,Furniture,Office,Online,3921.72,33,1657.8
East,Clothing,Men,Mobile,28544.04,63,6366.22
South,Sports,Outdoor,Online,5470.56,131,361.55
North,Sports,Team Sports,In-Store,2597.4,60,772.61
North,Groceries,Bakery,Online,9136,160,3965.26
South,Electronics,Tablets,Mobile,17533.35,45,6848.74
South,Furniture,Bedroom,Mobile,27549.4,115,12283.86
East,Groceries,Produce,Online,24395.04,108,8792.74
West,Beauty,Skincare,In-Store,9878,44,3313.53
South,Groceries,Produce,Mobile,13062.48,74,941.59
West,Sports,Gym,Mobile,16341.05,121,4793.27
South,Electronics,Phones,In-Store,13947,50,2693.97
East,Electronics,Laptops,Online,39413.27,113,15353.01
West,Furniture,Bedroom,Mobile,22795.5,75,2072.46
West,Sports,Gym,Online,43085.79,89,11737.13
West,Electronics,Tablets,Online,66117.66,147,3784.71
East,Beauty,Skincare,Mobile,9719.6,188,1271.33
South,Clothing,Kids,Mobile,3564.86,13,365.44
North,Groceries,Bakery,In-Store,70238.32,184,6563.96
West,Clothing,Kids,Mobile,19468.08,72,6427.21
North,Electronics,Tablets,Online,14487.12,114,2258.2
North,Sports,Team Sports,Mobile,2163.7,10,412.4
East,Groceries,Produce,Online,1513.5,50,252.34
South,Electronics,Laptops,Online,38251.75,95,16707.15
South,Sports,Gym,Mobile,66756.8,176,15829.89
East,Sports,Gym,Online,40329.24,84,9633.21
North,Groceries,Dairy,Online,1109.16,26,476.46
East,Groceries,Dairy,In-Store,8111.02,134,1435.5
South,Clothing,Men,Mobile,44323.82,94,6401.89
North,Clothing,Women,In-Store,62255.13,131,13072.1
North,Clothing,Men,Mobile,22173.36,88,7477.8
South,Clothing,Kids,Mobile,10435.2,24,4529.16
South,Furniture,Living Room,Mobile,21280.26,102,2122.73
West,Sports,Team Sports,In-Store,7379.94,141,1899.31
South,Clothing,Kids,Mobile,51066.3,186,12152.91
South,Electronics,Phones,Mobile,92109.6,198,38703.73
West,Sports,Outdoor,In-Store,62515.6,140,5389.31
South,Electronics,Accessories,In-Store,1470.3,78,422.59
South,Electronics,Laptops,Mobile,3310.76,74,791.57
East,Clothing,Men,Online,29945.6,80,7304.62
North,Beauty,Haircare,Online,45467.73,189,9201.15
South,Electronics,Phones,Online,2148.96,74,347.9
North,Sports,Gym,Online,25630.83,81,8670.78
West,Clothing,Men,Mobile,9634.38,147,1181.5
East,Groceries,Dairy,Online,17041.86,38,3404.94
North,Electronics,Tablets,Online,4553.36,188,792.58
West,Furniture,Living Room,In-Store,9562.48,184,772.04
North,Electronics,Tablets,Online,27881.7,170,7305.91
South,Groceries,Bakery,Online,2551.9,26,323.44
East,Clothing,Kids,In-Store,16634.4,87,1269.64
West,Groceries,Dairy,Online,49097.23,163,4129.72
North,Clothing,Kids,Online,14549.91,129,5588.91
East,Electronics,Tablets,In-Store,11017.49,37,1453.53
East,Groceries,Produce,Mobile,59538.6,165,17412.01
East,Clothing,Women,Online,8134.72,32,1339.57
West,Clothing,Men,Online,71979.56,188,7697.66
West,Beauty,Makeup,In-Store,14246.36,124,6267.77
East,Sports,Team Sports,In-Store,12409.8,30,952.38
South,Beauty,Haircare,In-Store,82745.8,170,13278.92
North,Groceries,Dairy,Online,7249.6,92,868.59
South,Groceries,Bakery,In-Store,13528.5,75,4994.33
East,Electronics,Laptops,Online,2731.2,96,226.25
South,Groceries,Dairy,In-Store,65580.5,155,28762.07
North,Clothing,Women,Mobile,25146,180,10746.05
North,Groceries,Bakery,Mobile,44333.4,148,16214.48
South,Groceries,Bakery,In-Store,17094.06,138,4849.64
East,Groceries,Produce,In-Store,17620.6,190,5972.94
East,Sports,Team Sports,Mobile,12550.51,41,2657.85
South,Sports,Team Sports,Online,7583.42,26,2063.28
West,Beauty,Skincare,Online,45456.64,128,12449.84
North,Groceries,Dairy,Online,2318.6,10,834.51
North,Clothing,Men,Online,28243.8,60,4545.68
East,Beauty,Haircare,In-Store,3075.75,75,552.81
South,Furniture,Office,Mobile,11546.96,188,1942.54
West,Sports,Team Sports,In-Store,13694.82,38,2850.55
West,Groceries,Dairy,Mobile,936.42,3,225.75
North,Sports,Gym,In-Store,54237.6,180,22587.85
North,Beauty,Makeup,In-Store,5385.6,198,2327.94
South,Sports,Gym,Online,27075.4,155,3102.4
West,Groceries,Dairy,Mobile,2607.6,164,271.56
North,Beauty,Haircare,Mobile,51967.76,107,16719.82
West,Beauty,Makeup,Mobile,14686.92,108,1593.92
South,Clothing,Kids,In-Store,45468.24,184,5524.21
East,Furniture,Bedroom,Mobile,40000.2,163,3346.95
North,Furniture,Bedroom,Mobile,48542.52,111,18318.95
West,Furniture,Living Room,Mobile,17969.26,113,2598.47
East,Groceries,Bakery,In-Store,91895.58,189,32021.29
East,Electronics,Laptops,In-Store,31619.03,89,4708.24
North,Furniture,Office,In-Store,810.1,2,250.47
West,Furniture,Living Room,Mobile,24447.6,90,6823.04
West,Sports,Outdoor,Mobile,2258.08,11,302.47
South,Sports,Gym,Mobile,59766.64,166,11332.56
East,Electronics,Phones,In-Store,4522.56,14,1759.71
North,Groceries,Dairy,In-Store,30526.56,172,3814.8
South,Sports,Outdoor,Mobile,18814.18,77,7676.27
North,Beauty,Makeup,Online,41186.91,93,8659.72
South,Beauty,Skincare,Online,1412.5,5,443.96
East,Groceries,Dairy,In-Store,10904.8,80,4505.31
South,Furniture,Office,Mobile,7417.5,86,1823.34
West,Electronics,Phones,In-Store,29169.56,76,7069.48
West,Sports,Outdoor,Mobile,194.82,2,68.09
South,Electronics,Tablets,Mobile,24700.2,140,2095.47
West,Furniture,Office,Online,72426.2,154,8439.58
West,Beauty,Haircare,In-Store,65763.2,160,17993.89
East,Beauty,Skincare,Mobile,47521.02,163,11810.91
South,Electronics,Tablets,Online,1817.27,13,349.03
South,Groceries,Dairy,In-Store,31247.7,110,8172.09
West,Furniture,Living Room,Online,26694.4,97,1778.11
East,Electronics,Phones,In-Store,50408.8,104,17194.51
East,Furniture,Bedroom,In-Store,16913.04,38,5958.06
North,Groceries,Dairy,Online,21239.2,139,5595.72
West,Beauty,Skincare,In-Store,7575.89,49,499.97
South,Sports,Team Sports,In-Store,676.8,9,264.78
South,Furniture,Bedroom,In-Store,45841.44,129,10839.61
West,Beauty,Skincare,Online,5282.64,72,1530.28
East,Sports,Outdoor,Mobile,19384.47,87,4299.04
East,Furniture,Office,In-Store,15773.79,197,6857.56
South,Electronics,Phones,Online,26434.8,56,4615.77
West,Beauty,Haircare,Online,363.6,45,56.81
North,Beauty,Makeup,Mobile,42098.86,118,15344.98
South,Furniture,Living Room,Online,334.23,3,26.69
North,Furniture,Living Room,In-Store,7243.56,19,863.53
West,Clothing,Kids,In-Store,4685.14,146,880.54
West,Groceries,Bakery,In-Store,58094.82,126,15489.4
South,Electronics,Tablets,Online,31311.28,187,3380.82
South,Furniture,Bedroom,Mobile,62516.16,126,14610.73
East,Sports,Outdoor,Online,11363.61,43,4477.45
North,Beauty,Haircare,In-Store,47226.59,101,7968.26
South,Furniture,Living Room,Mobile,14656.19,59,5626.06
North,Sports,Team Sports,In-Store,69599.67,157,24656.07
East,Beauty,Haircare,Mobile,3211.8,159,571.24
West,Electronics,Laptops,In-Store,23907.78,153,4831.21
North,Clothing,Men,In-Store,6859.44,56,2710.52
North,Beauty,Skincare,Online,33492.36,132,14220.61
West,Furniture,Office,Mobile,23617.84,148,4758.06
West,Clothing,Women,Online,20260.5,150,8877.68
North,Sports,Gym,In-Store,29304.32,128,9509.14
West,Furniture,Office,Mobile,26292.2,170,5001.2
East,Groceries,Produce,In-Store,27332.5,125,2296.32
North,Furniture,Bedroom,Mobile,19840.08,156,6307.73
South,Groceries,Produce,Online,62696.54,166,10113.02
South,Electronics,Phones,Mobile,5499.5,25,2389.54
East,Furniture,Office,In-Store,7542.4,80,1352.17
West,Electronics,Tablets,In-Store,82092.15,189,21262.85
West,Electronics,Tablets,In-Store,75869.98,163,30401.18
North,Groceries,Dairy,In-Store,41848.8,188,17445.01
East,Sports,Outdoor,In-Store,18552.54,122,1376.79
South,Furniture,Office,In-Store,40110.96,148,11358.89
East,Sports,Team Sports,Mobile,59059.4,185,4958.36
West,Clothing,Women,In-Store,11785.5,162,601.49
West,Beauty,Skincare,In-Store,46759.95,135,7955.88
South,Groceries,Bakery,Mobile,567.58,2,113.61
West,Sports,Gym,In-Store,44315.36,142,2276.47
East,Sports,Team Sports,In-Store,1759.5,15,295.48
South,Clothing,Kids,Online,79806.72,168,10159.77
East,Clothing,Women,In-Store,9442.16,182,3246.23
East,Electronics,Tablets,Online,26288.64,168,2386.62
South,Clothing,Men,In-Store,7123.8,30,1797.1
South,Sports,Outdoor,Mobile,14508,186,6186.52
North,Groceries,Produce,In-Store,5840.79,57,1016.21
East,Electronics,Tablets,In-Store,3141.41,137,972.37
West,Groceries,Produce,Mobile,9187.86,33,2002.81
North,Beauty,Makeup,Mobile,11004.7,35,1898.39
South,Furniture,Bedroom,In-Store,716.94,6,305.42
East,Sports,Team Sports,In-Store,10450.44,66,1494.1
South,Groceries,Dairy,Mobile,71371.32,174,18443.56
South,Electronics,Laptops,In-Store,53735.4,162,21501.92
North,Clothing,Women,Mobile,11844.69,121,4976.43
South,Beauty,Makeup,In-Store,3797.46,17,1178.34
East,Furniture,Bedroom,Mobile,7919.28,136,2016.15
North,Sports,Team Sports,Online,16955.64,39,5629.48
South,Furniture,Bedroom,Mobile,5548.97,119,395.65
West,Furniture,Bedroom,In-Store,16433.5,50,4038.95
West,Beauty,Haircare,Online,7882.56,153,2812.61
West,Clothing,Men,Online,79053.03,189,9660.38
South,Clothing,Men,In-Store,20664.6,124,1982.55
South,Electronics,Tablets,In-Store,21874.74,47,7694.63
West,Sports,Outdoor,Mobile,29310.37,89,12643.75
South,Furniture,Living Room,In-Store,17339.6,40,4283.58
East,Groceries,Produce,Online,21726.5,95,6310.7
West,Sports,Gym,In-Store,23101,50,7019.51
South,Beauty,Skincare,Mobile,8682.92,113,3200.88
West,Electronics,Tablets,Mobile,79045.56,198,20070.97
North,Clothing,Men,Mobile,31964.4,72,5547.64
South,Furniture,Bedroom,Online,30884.4,180,13163.09
East,Sports,Gym,In-Store,28105.83,59,11107.91
East,Sports,Gym,In-Store,6745.67,23,780.05
North,Furniture,Office,Online,13506.29,161,5291
East,Electronics,Tablets,Mobile,35606.6,124,9374.84
West,Furniture,Bedroom,Online,18341.48,61,4636.54
North,Furniture,Office,In-Store,466.2,36,140.08
East,Beauty,Makeup,In-Store,19462.14,46,2938.71
South,Furniture,Office,Online,80105.76,189,34142.38
West,Groceries,Bakery,Online,9859.85,197,2913.24
North,Clothing,Kids,Online,4688.55,69,1427
West,Clothing,Women,In-Store,22403.7,45,6139.43
South,Electronics,Tablets,In-Store,31215.24,189,2483.1
South,Beauty,Haircare,Online,19490.94,93,4411.03
North,Groceries,Dairy,Online,18828.67,97,1640.39
North,Sports,Team Sports,Online,54045.9,111,16829.68
East,Beauty,Makeup,Online,28457.38,83,12251.8
West,Groceries,Bakery,Mobile,7544.7,83,979.1
East,Sports,Team Sports,Mobile,22255.52,112,1948.8
North,Groceries,Produce,In-Store,9616.85,191,2827.61
South,Furniture,Office,Online,44957.64,92,15987.89
South,Clothing,Men,Mobile,55028.16,132,6321.91
West,Furniture,Office,Mobile,17100.3,51,6685.67
East,Beauty,Makeup,In-Store,67331.6,139,17925.35
South,Electronics,Phones,Mobile,63878.4,160,15153.6
West,Sports,Outdoor,Mobile,4059.96,46,1496.24
South,Sports,Team Sports,In-Store,27012.3,190,11574.12
East,Beauty,Makeup,Mobile,18432.48,48,5644.78
West,Beauty,Haircare,Mobile,67047.75,175,15607.87
North,Groceries,Dairy,In-Store,3799.2,12,1387.29
West,Electronics,Phones,Online,21064.8,48,4218.2
North,Furniture,Bedroom,Mobile,27754.88,68,5234.3
East,Beauty,Haircare,Online,59180.16,156,7748.98
West,Furniture,Office,Online,38130.4,80,11991.26
West,Clothing,Women,Online,4643,25,784.44
East,Electronics,Phones,In-Store,6658.56,128,1385.39
West,Sports,Team Sports,Mobile,5607.56,28,2144.76
South,Electronics,Accessories,Online,12468.37,137,4832.69
West,Furniture,Bedroom,In-Store,11862.45,101,2941.48
South,Sports,Team Sports,In-Store,7143.68,64,1374.24
North,Furniture,Office,Mobile,13986.3,69,5013.34
West,Electronics,Tablets,Mobile,18088.55,109,4674.41
East,Groceries,Dairy,Online,1714.21,113,529.17
East,Sports,Gym,Mobile,3573.68,88,1348.14
West,Groceries,Bakery,Online,88259.22,189,17493.98
West,Sports,Outdoor,Online,6139.3,29,335.36
North,Sports,Gym,Online,31375.2,85,7442.81
South,Beauty,Makeup,In-Store,7213.71,21,2091.68
South,Furniture,Living Room,Online,45358.09,101,20268.69
South,Electronics,Tablets,Mobile,5784.64,32,2454.49
North,Electronics,Phones,In-Store,15063.03,141,1542.33
West,Groceries,Dairy,In-Store,4383.64,29,449.77
North,Clothing,Kids,In-Store,3366.66,66,1417.84
South,Groceries,Produce,Online,62242.18,154,15774.81
West,Sports,Gym,Online,11966.64,136,924.84
West,Clothing,Women,Online,2317.68,18,1033.14
West,Beauty,Makeup,Mobile,19686.48,88,1416.88
West,Furniture,Office,Online,10837.6,62,603.29
East,Electronics,Accessories,Mobile,1098.02,23,146.69
South,Clothing,Men,In-Store,652,8,211.68
South,Groceries,Bakery,In-Store,45928.73,103,15483.73
North,Furniture,Bedroom,Mobile,6939.66,41,1128.19
North,Groceries,Bakery,Mobile,40089,84,12595.49
East,Clothing,Men,In-Store,63714,140,27727.37
South,Sports,Outdoor,Online,62684.16,128,12207.98
East,Electronics,Laptops,Online,8911.7,29,3290.67
South,Beauty,Skincare,In-Store,13515,75,5015.12
South,Furniture,Living Room,Mobile,15563.09,101,3206.19
East,Electronics,Phones,Mobile,5797.75,25,1320.19
North,Electronics,Accessories,Mobile,11903.22,134,1041.41
East,Furniture,Bedroom,Online,6777.94,26,1482.57
South,Electronics,Tablets,Mobile,1043.75,5,202.29
North,Furniture,Bedroom,Online,2526.8,10,423.8
South,Beauty,Skincare,Online,27986,140,4782.15
South,Electronics,Laptops,In-Store,48203.52,128,3967.59
West,Electronics,Tablets,Online,56941.86,199,10150.54
South,Sports,Gym,In-Store,39939.78,93,16454.45
South,Groceries,Produce,In-Store,35493.12,108,7959.78
West,Electronics,Tablets,Online,15740.61,177,2337.67
North,Groceries,Dairy,Mobile,29023.47,69,8294.05
North,Beauty,Haircare,Online,18580.1,110,2574.38
West,Sports,Outdoor,Mobile,61187.28,172,16315.61
South,Beauty,Haircare,Mobile,6213.16,68,2089.86
West,Groceries,Produce,Mobile,12052.04,172,1888.61
North,Electronics,Tablets,In-Store,1831.7,5,567.27
South,Beauty,Makeup,Online,10642.84,52,3871.25
North,Furniture,Bedroom,Mobile,16866.08,148,1774.18
West,Electronics,Phones,Online,8800,176,1807.14
South,Beauty,Skincare,In-Store,11970.51,177,2187.29
South,Clothing,Women,Online,22959.52,92,1296.42
East,Electronics,Tablets,In-Store,46160,125,2695.78
South,Groceries,Dairy,Online,5328.99,51,1653.37
South,Clothing,Men,Mobile,10100.61,117,1278.44
West,Beauty,Skincare,Online,25388.55,55,10324.89
West,Beauty,Skincare,Online,20965.56,154,7016.9
North,Electronics,Laptops,Mobile,75759.48,153,32509.29
West,Clothing,Kids,Mobile,12813.99,49,2264.27
South,Sports,Gym,In-Store,97.88,1,8.96
South,Groceries,Dairy,Online,2248.29,27,734.24
East,Groceries,Dairy,In-Store,15647.52,56,5464.63
West,Groceries,Dairy,Online,14935.8,165,2833.19
South,Beauty,Skincare,Mobile,270.88,16,100.01
West,Electronics,Phones,In-Store,31105.92,96,4339.33
North,Sports,Team Sports,Online,10379.2,52,3743.27
North,Beauty,Skincare,Mobile,6485.77,163,903.67
North,Furniture,Living Room,Online,35713.24,124,7707.5
North,Clothing,Men,Online,23926.02,97,4313.75
South,Furniture,Living Room,Online,27499.73,163,7154.52
West,Furniture,Living Room,Online,82871.76,184,18816.12
North,Clothing,Men,Online,31824.8,140,13851.93
South,Clothing,Men,In-Store,8507.15,29,3466.76
East,Clothing,Men,Mobile,69952.55,173,26546.57
East,Clothing,Women,Mobile,38137.68,168,6519.38
North,Furniture,Office,Online,22433.18,98,7122.56
North,Furniture,Office,In-Store,9081.09,23,3553.85
East,Sports,Team Sports,Mobile,13833.5,146,1003.58
West,Electronics,Laptops,Mobile,33576.84,122,8131.76
South,Furniture,Bedroom,In-Store,1192.44,19,150.12
East,Sports,Outdoor,Online,2518.05,15,475.49
North,Beauty,Haircare,In-Store,50460.13,107,6690.19
South,Electronics,Tablets,Online,1027.68,4,397.3
South,Groceries,Dairy,Mobile,33189.79,67,6404.48
West,Sports,Outdoor,Mobile,56277.55,161,9219.43
West,Beauty,Haircare,Online,5800.6,92,1980.98
North,Groceries,Dairy,Online,68815.89,143,24989.71
North,Clothing,Kids,Online,3313.15,67,540.45
East,Clothing,Men,Online,49981.36,104,7969.56
West,Clothing,Kids,Mobile,398.25,5,20.04
North,Groceries,Bakery,In-Store,3639.44,28,1544.62
North,Beauty,Makeup,Mobile,9864.2,37,1574.31
South,Groceries,Dairy,Mobile,480.6,5,53.96
East,Clothing,Women,Mobile,35770.82,127,8081.77
East,Sports,Team Sports,Online,4174.62,123,1177.34
North,Furniture,Office,In-Store,8252.48,68,3133.74
South,Clothing,Kids,Online,12992.72,62,2068.79
South,Beauty,Makeup,In-Store,58911.96,199,6195.73
West,Sports,Outdoor,Mobile,1041.18,37,314.33
North,Beauty,Makeup,Mobile,25206.57,141,3784.02
South,Groceries,Bakery,In-Store,9557.48,122,2825.45
East,Beauty,Haircare,Mobile,8043.66,18,2600
West,Sports,Gym,In-Store,67534.5,150,15690.59
West,Furniture,Living Room,Mobile,41159.7,171,16043.87
North,Furniture,Office,In-Store,64083.2,136,17193.56
North,Furniture,Bedroom,Mobile,57343.8,186,10998.11
East,Beauty,Skincare,In-Store,5424.72,168,2070.32
East,Clothing,Men,Mobile,4135.8,122,654.51
South,Sports,Outdoor,In-Store,83332.34,182,5316.97
South,Beauty,Makeup,Mobile,34728.32,176,4913.29
West,Beauty,Skincare,Online,43550.64,168,16291.46
South,Sports,Gym,Mobile,8933.78,59,3341.64
East,Groceries,Dairy,Online,28747.63,101,6322.41
South,Furniture,Living Room,In-Store,3092.58,166,753.37
South,Beauty,Makeup,Mobile,18497.52,138,7506.71
South,Electronics,Laptops,Online,67898.08,188,10491.31
East,Sports,Gym,In-Store,1221.72,3,123.16
South,Sports,Team Sports,Mobile,1055.22,129,406.51
North,Groceries,Produce,Mobile,9555,25,1360.46
South,Beauty,Makeup,In-Store,30435.21,69,7792.24
South,Electronics,Tablets,Mobile,4073.85,165,1569.26
North,Furniture,Bedroom,Online,686.4,52,39.08
East,Beauty,Makeup,Mobile,12715.84,158,834.33
East,Clothing,Kids,Online,30351.84,74,8419.79
North,Groceries,Produce,In-Store,30595.32,162,4587.6
South,Furniture,Office,In-Store,16315.2,45,832.1
East,Sports,Gym,Mobile,15700.08,38,2332.98
East,Groceries,Bakery,In-Store,11935.56,26,2845.22
East,Electronics,Tablets,Online,32795.83,67,8677.94
East,Clothing,Women,Online,17917.02,198,4861.22
East,Electronics,Tablets,Online,37642.59,177,10363.87
North,Groceries,Produce,Online,715.83,107,61.58
East,Sports,Outdoor,Online,11328.25,113,3921.66
South,Furniture,Office,In-Store,21208.48,61,4733.36
South,Furniture,Living Room,Mobile,618.57,3,67.11
East,Groceries,Bakery,In-Store,3650.08,112,239.17
West,Groceries,Dairy,Mobile,10137,93,893.77
South,Sports,Gym,Online,8241.82,23,2491.67
West,Electronics,Phones,In-Store,26789.28,56,7728.73
East,Clothing,Women,Online,8221.4,22,1869.98
South,Groceries,Dairy,Mobile,16735.15,197,4473.9
North,Sports,Team Sports,Online,2483.46,54,1089.32
East,Beauty,Skincare,In-Store,2787.6,24,605.31
East,Groceries,Bakery,Online,18834.36,93,4491.42
East,Electronics,Phones,Mobile,7854,30,1289.95
South,Sports,Outdoor,Mobile,7188.65,161,2911.91
South,Beauty,Makeup,Mobile,6506.7,138,582.66
East,Electronics,Laptops,In-Store,2819.22,114,178.99
West,Electronics,Laptops,Mobile,59123.28,172,14881.07
South,Sports,Team Sports,Online,45609.6,160,10444.09
North,Sports,Gym,Mobile,8972.75,19,3007.63
West,Clothing,Kids,In-Store,18325.24,194,4184.79
East,Groceries,Dairy,Mobile,3455.76,22,1491.3
North,Electronics,Tablets,Online,9054.67,29,2056.14
South,Groceries,Dairy,Mobile,69285.99,141,22422.67
South,Beauty,Haircare,Online,1453.86,6,279.3
East,Beauty,Makeup,Online,96004.72,196,23191.75
South,Beauty,Makeup,Online,3235.77,157,1400.67
South,Groceries,Dairy,In-Store,42854.5,190,12433.36
North,Sports,Gym,In-Store,12984.22,47,2799.36
West,Groceries,Bakery,In-Store,19995.8,55,8719.95
North,Sports,Gym,Online,2127,15,351.68
South,Groceries,Bakery,In-Store,57922.8,158,15968.12
North,Clothing,Women,In-Store,1083.76,184,234.56
East,Beauty,Haircare,In-Store,1427.86,47,466.93
North,Electronics,Laptops,Online,11608.06,53,4942.81
North,Electronics,Accessories,Online,13772.14,37,2041.24
North,Clothing,Women,In-Store,28552.4,82,8938.04
West,Sports,Team Sports,Mobile,1043.94,6,449.12
East,Groceries,Dairy,Online,24390.24,112,6988.95
East,Furniture,Living Room,Online,13962.2,28,5592.99
West,Furniture,Living Room,In-Store,27159.42,141,8963.65
South,Electronics,Laptops,In-Store,15082.1,55,839.19
North,Sports,Gym,Online,21657.75,67,1393.42
West,Beauty,Skincare,In-Store,60959.67,199,18052.12
West,Clothing,Women,In-Store,31684.12,172,2360.91
South,Clothing,Men,Mobile,4962.24,18,796.45
East,Furniture,Bedroom,Mobile,1708.2,65,618.39
West,Sports,Outdoor,Online,42543.15,195,8228.08
West,Electronics,Tablets,Mobile,19661.16,118,8019.88
North,Beauty,Makeup,In-Store,26400,128,5901.17
South,Sports,Outdoor,In-Store,5458.32,14,2349.18
North,Furniture,Office,Online,28944.48,94,4242.41
West,Furniture,Office,In-Store,31.95,5,7.08
East,Groceries,Dairy,In-Store,10333.21,23,3801.1
East,Furniture,Living Room,Mobile,22725.43,113,5983.34
South,Clothing,Kids,Online,5919.6,40,1367.76
East,Groceries,Dairy,Mobile,27619.68,132,1394.07
East,Clothing,Kids,Mobile,26540.4,85,1563.96
West,Clothing,Kids,In-Store,35485.22,74,10175.68
East,Electronics,Phones,Mobile,18324.67,169,6532.29
South,Beauty,Makeup,Online,17657.73,51,5820.64
North,Beauty,Haircare,In-Store,12433.19,67,3927.41
East,Furniture,Bedroom,In-Store,28443,114,8176.69
South,Clothing,Kids,In-Store,16825.6,176,6231.64
East,Clothing,Kids,Mobile,22041,186,5492.74
East,Electronics,Phones,Online,23866.42,58,9209.06
East,Sports,Outdoor,In-Store,38648.24,82,2882.12
East,Beauty,Makeup,Mobile,1184.37,33,440.02
North,Beauty,Haircare,In-Store,9580.86,102,4164.8
North,Sports,Outdoor,Online,9458,40,4016.55
West,Sports,Gym,Mobile,45841.86,102,7242.84
North,Groceries,Produce,Mobile,459.42,26,167.65
East,Sports,Outdoor,In-Store,13515.15,55,3407.51
East,Sports,Team Sports,Mobile,45219.24,132,3533.99
East,Clothing,Women,Mobile,33631.95,165,3175.34
West,Sports,Outdoor,Online,45674.75,187,3578.66
North,Beauty,Makeup,In-Store,22963.6,110,6490.67
West,Groceries,Produce,In-Store,9247.5,135,515.68
South,Furniture,Living Room,Online,6195.19,179,2000.47
East,Groceries,Produce,Online,50763.24,132,15495.41
South,Clothing,Men,In-Store,79318.8,198,20468.89
South,Clothing,Men,Mobile,21120,80,6455.71
West,Beauty,Haircare,In-Store,59963.66,134,12546.33
South,Clothing,Men,Online,64412.4,156,12833.33
North,Electronics,Phones,Mobile,17919.48,177,911.75
East,Beauty,Skincare,In-Store,55602.64,146,19937.69
North,Beauty,Makeup,In-Store,7246.8,122,3028.05
East,Sports,Outdoor,Online,8762.52,164,1312.5
South,Groceries,Dairy,In-Store,4767.4,121,618.3
West,Clothing,Men,In-Store,55765.1,170,7327.41
South,Groceries,Bakery,Mobile,10751.48,34,1586.47
North,Sports,Gym,Online,13960.44,156,2768.51
South,Sports,Team Sports,In-Store,41269.36,184,14495.67
West,Clothing,Kids,Online,5827.68,171,1729.59
East,Beauty,Haircare,Mobile,88521.68,188,24031.13
East,Furniture,Office,Mobile,1440.26,23,494.41
East,Electronics,Laptops,Online,19701.04,178,2248.54
West,Beauty,Haircare,In-Store,58494.96,153,22696.95
East,Beauty,Skincare,In-Store,44012.36,133,13488.65
South,Electronics,Phones,In-Store,40962.18,102,6782.8
East,Beauty,Skincare,Online,641.13,7,164.89
North,Sports,Team Sports,Mobile,23546.19,51,6531.09
North,Furniture,Bedroom,Online,73136.25,197,5211.21
South,Beauty,Haircare,Online,8884.81,59,2245.99
North,Furniture,Bedroom,Online,18550.2,43,1802.44
North,Groceries,Dairy,Mobile,9630.49,83,1331.69
East,Sports,Team Sports,Mobile,42242.13,171,13699.51
South,Electronics,Tablets,In-Store,6266.58,46,2193.49
West,Electronics,Tablets,In-Store,37362,78,7494.5
West,Groceries,Bakery,In-Store,28479,66,6836.43
South,Clothing,Women,Mobile,18101.16,63,3751.64
South,Groceries,Bakery,In-Store,23239.28,76,4745.58
North,Furniture,Office,In-Store,4808.86,14,937.77
East,Sports,Team Sports,In-Store,1991.36,16,375.86
South,Electronics,Tablets,In-Store,56048.1,190,9073.77
East,Groceries,Bakery,Mobile,2859.06,34,919.02
West,Electronics,Phones,Online,11348.28,174,2503.58
North,Clothing,Men,Mobile,5479.11,117,2327.53
East,Clothing,Women,Mobile,5246.34,11,2082.95
North,Sports,Outdoor,In-Store,54712.98,126,2853.38
South,Groceries,Dairy,In-Store,57122.55,135,12714.69
North,Clothing,Women,Online,21960.61,139,7310.82
North,Furniture,Office,In-Store,15376.8,129,2127.23
South,Clothing,Men,Online,35503.65,189,15594.48
East,Beauty,Haircare,Online,35846.35,97,3977.76
West,Electronics,Tablets,Online,4416.57,9,1024.08
North,Groceries,Dairy,Online,18721.95,39,5511.77
East,Clothing,Women,In-Store,13600.62,66,5239.33
West,Electronics,Accessories,Mobile,14090.66,71,4383.4
West,Sports,Outdoor,Mobile,8729.7,21,1096.96
West,Electronics,Laptops,Online,8053.5,39,2576.48
West,Sports,Team Sports,Mobile,9549.93,141,3872.82
East,Electronics,Accessories,Mobile,16535.12,56,1524.54
North,Clothing,Men,Mobile,13592.52,68,4846.72
North,Furniture,Bedroom,In-Store,35493.96,137,14514.76
West,Groceries,Dairy,Online,4604.04,21,1720.04
South,Sports,Team Sports,In-Store,26172.46,53,4691.43
North,Groceries,Bakery,Online,1307.21,37,542.27
West,Beauty,Haircare,Mobile,29181,150,13020.67
North,Clothing,Women,Mobile,24102.78,78,7770.92
North,Electronics,Phones,Mobile,18984.24,108,2634.83
East,Furniture,Living Room,Mobile,19373.64,52,4413.82
East,Beauty,Skincare,Online,12313.51,157,4751.47
North,Furniture,Office,Online,676.46,2,43.49
East,Groceries,Dairy,Mobile,17383.52,68,3116.08
South,Sports,Outdoor,Online,71619.3,155,10691.9
East,Electronics,Accessories,Online,18676.98,122,5922.41
South,Groceries,Dairy,Online,10456.56,36,4113.4
North,Electronics,Tablets,Mobile,27323.62,173,4423.9
West,Electronics,Tablets,Online,2983.42,142,534.88
North,Groceries,Bakery,In-Store,16523.91,87,3088.26
East,Sports,Team Sports,Online,45882.72,144,12062.29
East,Clothing,Women,Mobile,81353.75,185,23340.88
East,Clothing,Kids,In-Store,5145.79,23,1311.61
South,Beauty,Skincare,Mobile,16923.92,52,7536.62
West,Beauty,Haircare,In-Store,7510.71,97,458.87
West,Groceries,Bakery,Online,62430.67,131,17652.34
South,Electronics,Tablets,Mobile,36297.82,169,5660.21
North,Furniture,Living Room,Mobile,294.92,4,80.04
North,Groceries,Produce,Mobile,39837.3,114,2163.55
East,Electronics,Laptops,In-Store,24825.15,189,1814.48
North,Electronics,Phones,Online,20361,100,7756.12
East,Beauty,Haircare,Online,31683.24,93,14133.42
North,Groceries,Bakery,In-Store,72963.69,163,23130.04
North,Sports,Gym,Mobile,27961.34,149,3594.94
South,Clothing,Men,In-Store,2942.92,58,591.34
North,Beauty,Haircare,Mobile,7906.84,43,2533.18
West,Sports,Gym,In-Store,44351.37,147,7655.69
South,Beauty,Skincare,Mobile,33630.87,97,11689.81
South,Furniture,Office,Online,46568.14,173,14214.42
South,Clothing,Women,Mobile,39072.4,124,9439.78
South,Furniture,Living Room,Mobile,30877.44,68,12310.46
East,Electronics,Phones,In-Store,6131.84,26,1664.14
West,Groceries,Dairy,Online,11070.57,49,2175.25
North,Beauty,Haircare,Mobile,6771,74,2062.64
South,Beauty,Makeup,Online,21222.8,68,4125.49
North,Furniture,Living Room,Mobile,3083.1,86,301.47
North,Electronics,Tablets,Online,9097.8,60,737.33
North,Furniture,Office,Mobile,67414.86,153,16051.4
East,Groceries,Bakery,Online,35276.54,193,9420.28
South,Groceries,Bakery,Online,35534.59,119,6598.97
North,Beauty,Haircare,Online,30916.02,183,1909.54
West,Electronics,Accessories,Mobile,12413.6,59,2460.02
North,Electronics,Tablets,In-Store,5046.96,51,744.28
South,Sports,Outdoor,In-Store,26369.7,105,9759.73
South,Furniture,Living Room,Mobile,14608.13,31,2696.46
North,Beauty,Haircare,Online,35309.72,142,7613.19
North,Beauty,Haircare,Online,359.08,1,153.81
North,Sports,Outdoor,Mobile,24562.2,67,3248.06
West,Groceries,Produce,Mobile,81497.76,186,14776.52
East,Groceries,Produce,Online,1946.97,9,813.54
South,Groceries,Produce,Mobile,749.44,32,195.26
North,Clothing,Kids,Online,5102.24,16,1371.15
North,Groceries,Produce,Online,90449.32,181,36233.86
East,Beauty,Haircare,Mobile,22077.33,149,7649.8
West,Sports,Outdoor,Online,14774.76,164,1101.14
West,Furniture,Living Room,Mobile,50508.8,128,11725.84
North,Groceries,Produce,Online,18156.96,162,2430.61
South,Electronics,Laptops,Mobile,7723.65,155,2939
West,Beauty,Makeup,Mobile,48562.48,172,17861.58
South,Beauty,Haircare,Mobile,40181.64,164,8791.99
North,Beauty,Makeup,Mobile,58294.1,157,10571.99
South,Clothing,Kids,Online,43589.68,94,11477.38
South,Beauty,Skincare,Online,34897.9,115,14393.81
South,Sports,Gym,Mobile,37951.05,113,11653.17
North,Electronics,Laptops,Online,11764.68,73,1184.24
West,Furniture,Living Room,Mobile,2181.6,18,544.81
East,Clothing,Kids,Online,18677.33,49,5746.56
West,Clothing,Kids,Mobile,57752.64,132,5738.37
East,Furniture,Bedroom,Mobile,13245.46,29,3566.78
East,Sports,Team Sports,Mobile,35307.57,173,11111.23
North,Furniture,Bedroom,Mobile,1516.46,11,203.75
West,Clothing,Men,Online,13815.2,40,3811.1
East,Electronics,Laptops,In-Store,38755.47,129,16845.75
West,Electronics,Accessories,In-Store,10685.7,93,1215.08
South,Furniture,Office,In-Store,5286.4,35,1674.49
North,Sports,Team Sports,Online,9365.12,64,1523.88
East,Sports,Outdoor,Online,18821.04,136,7915.54
South,Sports,Team Sports,In-Store,1518.16,7,481.45
East,Clothing,Men,Online,3144.66,34,226.12
South,Electronics,Phones,In-Store,7702.5,150,595.1
South,Groceries,Bakery,Mobile,69386.22,162,29519.21
North,Groceries,Dairy,Mobile,7456.37,23,2526.49
North,Groceries,Dairy,Online,26189.06,71,7847.46
East,Electronics,Accessories,Mobile,18469.1,130,7592.72
East,Furniture,Living Room,In-Store,52107.84,108,12272.45
West,Clothing,Women,In-Store,774.72,144,190.02
East,Groceries,Bakery,Online,29120.92,76,12183.96
East,Clothing,Kids,In-Store,44999.4,148,16942.84
West,Furniture,Office,Online,11820.16,92,3489.92
North,Groceries,Dairy,Online,60349.12,178,8565.36
East,Groceries,Dairy,In-Store,40821.9,98,16668.69
North,Groceries,Bakery,Online,21682.18,89,9727.94
West,Clothing,Men,Online,66340.95,169,18186.03
North,Sports,Outdoor,Mobile,11023.65,51,2316.06
North,Beauty,Makeup,In-Store,56126.13,123,6601.68
North,Clothing,Men,Online,2411.92,7,821.9
East,Sports,Outdoor,Online,121.04,2,46.91
West,Groceries,Bakery,Online,7701.64,124,1124.59
South,Groceries,Produce,Mobile,27788.13,101,6710.41
North,Beauty,Makeup,Mobile,8461.44,113,2117.08
North,Furniture,Office,Online,56768.06,179,4462.13
South,Beauty,Haircare,Online,1367.82,149,118.92
West,Beauty,Haircare,In-Store,35563.5,150,15602.98
East,Clothing,Men,Mobile,6479.47,29,1075
North,Furniture,Bedroom,In-Store,17702.61,103,3458.06
North,Groceries,Bakery,In-Store,13249.59,43,2198.9
South,Groceries,Produce,In-Store,14238.12,156,5839.5
South,Clothing,Men,Mobile,14602.08,87,4154.13
West,Furniture,Office,In-Store,19675.92,44,1168.72
South,Furniture,Living Room,In-Store,9366.63,141,1043.11
South,Sports,Outdoor,Online,5335.58,38,444.17
North,Groceries,Bakery,Mobile,6210.19,79,1493.27
East,Electronics,Phones,In-Store,1411.47,9,269.49
East,Electronics,Accessories,Online,30904.64,184,6461.32
North,Electronics,Accessories,Mobile,42826.18,146,11369.52
South,Electronics,Laptops,In-Store,49474.26,99,4177.35
South,Clothing,Women,Mobile,59459.27,151,20756.07
North,Beauty,Makeup,In-Store,51808.1,151,13125.34
East,Groceries,Dairy,Mobile,65044.5,150,26814.5
North,Furniture,Living Room,Mobile,5338.88,43,1783.26
North,Sports,Team Sports,Mobile,34309.56,69,8179.73
West,Clothing,Kids,Mobile,6453,30,852.96
South,Electronics,Accessories,Mobile,10765.17,39,3355.68
West,Groceries,Bakery,Mobile,7449.24,138,2640.94
North,Groceries,Bakery,Mobile,1477.4,5,469.76
South,Furniture,Office,Mobile,34821.62,79,3420.24
South,Sports,Gym,Mobile,1749.33,33,611.9
South,Groceries,Produce,Online,62130.9,195,12450.6
East,Furniture,Bedroom,In-Store,41725.12,101,2288.12
North,Groceries,Bakery,Online,5130.98,151,409.42
South,Groceries,Dairy,Mobile,43803.21,121,16816.88
East,Electronics,Laptops,In-Store,35648.91,99,4425.23
East,Furniture,Living Room,Online,455.22,1,69.78
East,Beauty,Skincare,Online,16377.63,51,6331.13
North,Sports,Outdoor,Online,5885.88,26,2308.37
South,Clothing,Women,Online,79633.31,197,23474.85
East,Beauty,Skincare,Mobile,8991.84,33,3505.82
North,Sports,Outdoor,Mobile,37679.04,189,8157.81
West,Sports,Team Sports,Online,5749.8,84,320.75
West,Clothing,Kids,Mobile,22406.8,104,8909.65
East,Clothing,Kids,In-Store,1720.86,138,706.85
West,Furniture,Office,Mobile,52444.08,156,7545.4
East,Electronics,Tablets,Online,280.02,3,81.53
South,Beauty,Skincare,Online,22314.06,159,7805.94
East,Furniture,Office,Mobile,1773.74,131,796.46
East,Sports,Outdoor,Online,4494,30,742.86
South,Groceries,Dairy,Mobile,8768.64,96,3095.03
West,Sports,Gym,In-Store,49864.4,136,16667.45
West,Sports,Team Sports,Online,56515.03,143,6138.07
East,Sports,Gym,Mobile,1449.69,11,472.62
West,Clothing,Kids,In-Store,7568.19,123,801.61
North,Furniture,Office,In-Store,46935.67,193,20340.72
North,Electronics,Accessories,Mobile,4981.5,82,1195.82
North,Electronics,Accessories,Mobile,57555.6,120,10489.19
North,Sports,Team Sports,In-Store,17942.04,54,4526.34
East,Electronics,Tablets,Mobile,24876.78,174,6207.49
West,Beauty,Haircare,Mobile,11562.32,44,1654.47
South,Sports,Gym,Online,19750.77,51,5544.79
North,Sports,Team Sports,Online,6732,66,778.59
North,Furniture,Bedroom,Mobile,5936.96,32,1027.5
South,Clothing,Men,Mobile,66604.09,161,24537.06
West,Furniture,Office,In-Store,9541.35,45,3460.1
East,Clothing,Kids,Online,3965.87,19,344.72
West,Clothing,Women,Online,57199.56,132,21877.99
South,Groceries,Produce,Online,64940.16,192,19414.79
East,Beauty,Skincare,Mobile,11077.44,176,1427.13
East,Clothing,Kids,Mobile,28838.81,77,2768.95
South,Furniture,Bedroom,In-Store,1610.01,67,403.69
North,Sports,Outdoor,In-Store,18223.92,44,3393.47
North,Furniture,Living Room,In-Store,1720.92,12,631.9
North,Beauty,Haircare,Online,78131.71,179,21064.71
North,Electronics,Laptops,In-Store,32023.86,121,7287.65
East,Sports,Team Sports,Mobile,35907.3,130,2106.42
West,Furniture,Bedroom,Mobile,38655.96,102,5979.16
South,Sports,Outdoor,In-Store,25704.3,94,1650.15
North,Sports,Team Sports,Online,63875.14,161,13621.71
North,Electronics,Phones,Mobile,92347.6,190,14761.86
North,Clothing,Kids,Mobile,2653.54,38,706.25
North,Electronics,Accessories,In-Store,94807.8,194,16735.95
South,Beauty,Skincare,Mobile,18672.68,149,6423.21
West,Furniture,Office,In-Store,11696.5,50,920.69
South,Groceries,Produce,Online,27676.92,114,10947.78
West,Furniture,Office,In-Store,6025.31,67,1856.79
West,Beauty,Haircare,Mobile,31583.2,97,4482.18
North,Furniture,Office,Mobile,43447.3,95,18665.56
South,Beauty,Haircare,Mobile,13024.2,70,5460.82
West,Furniture,Office,In-Store,10602,31,2107.14
North,Beauty,Haircare,Mobile,66677.9,155,29368.99
West,Groceries,Bakery,In-Store,1812,5,753.6
West,Groceries,Bakery,Mobile,41846.68,106,3813.29
South,Electronics,Laptops,In-Store,7786.35,33,2799
North,Beauty,Haircare,Online,38821.72,116,13833.58
South,Beauty,Skincare,Online,72534.64,184,10170.99
South,Clothing,Men,Mobile,6165.38,26,1873.64
North,Furniture,Bedroom,Mobile,6677.36,23,1620.5
North,Sports,Team Sports,Mobile,11022.2,28,2751.07
West,Electronics,Laptops,Online,20316.8,112,2136.79
West,Furniture,Office,In-Store,594.27,27,53.49
South,Groceries,Produce,Mobile,11574.6,60,4523.55
East,Groceries,Produce,Mobile,4848.48,111,1985.28
West,Groceries,Dairy,In-Store,9002.37,41,2406.68
East,Sports,Outdoor,In-Store,2905.56,28,882.65
East,Beauty,Makeup,In-Store,11987.25,165,5317.54
South,Sports,Team Sports,Mobile,25493.3,158,2731.39
North,Sports,Team Sports,Mobile,16221.65,41,4435.43
West,Sports,Team Sports,Mobile,17958.78,63,2877.91
South,Clothing,Women,Mobile,14709.42,33,1167.11
West,Furniture,Office,Mobile,23168.48,89,10004.55
West,Clothing,Men,Mobile,3304.8,10,259.16
North,Clothing,Women,Mobile,49237.5,125,21322.5
East,Groceries,Dairy,Online,63423.02,151,8222.5
East,Electronics,Tablets,Online,35689.97,149,11520.4
North,Electronics,Laptops,Mobile,30160.2,86,12802.43
North,Beauty,Haircare,Mobile,69297.42,142,10093.39
East,Beauty,Haircare,In-Store,34541.98,197,11430.81
East,Sports,Gym,Mobile,2596.32,18,277.42
East,Electronics,Accessories,In-Store,5782.38,17,1690.58
South,Electronics,Phones,Mobile,45593.76,94,14301.69
South,Furniture,Bedroom,In-Store,20264.92,52,3518.44
North,Groceries,Dairy,In-Store,35610.4,140,2115.04
South,Furniture,Living Room,Online,35094.4,160,8677.29
South,Groceries,Dairy,In-Store,45502.4,160,9801.91
South,Electronics,Tablets,Mobile,35605.71,189,8160.24
North,Furniture,Office,Mobile,48985.41,111,3038.75
West,Beauty,Skincare,Online,12007.8,140,4023.62
South,Groceries,Bakery,Mobile,21005.25,175,5674.35
South,Groceries,Bakery,Mobile,48670.85,139,20689.27
South,Beauty,Haircare,Mobile,45027.84,156,2536.78
West,Electronics,Accessories,Mobile,15340.8,141,5269.25
South,Beauty,Skincare,Mobile,68044.44,174,26724.1
West,Beauty,Skincare,Online,5104.32,48,1589.41
East,Groceries,Dairy,In-Store,32449.68,72,12083.2
East,Electronics,Phones,Mobile,1126.2,30,360.54
East,Electronics,Accessories,Mobile,56661.24,159,13160.43
North,Sports,Gym,In-Store,15050.81,47,1707.12
South,Beauty,Makeup,Mobile,19304.25,175,3628.27
West,Electronics,Phones,In-Store,1554.96,93,321.58
West,Sports,Outdoor,Mobile,23315.76,104,6993.03
North,Furniture,Bedroom,In-Store,23744.76,124,9853.56
North,Furniture,Living Room,Mobile,19741.68,72,8568.84
West,Groceries,Dairy,In-Store,2284.92,99,707.98
South,Groceries,Bakery,In-Store,3222.48,8,1404.8
North,Groceries,Produce,Online,17484.74,182,6889.52
East,Groceries,Dairy,Online,19723.5,54,4476.05
South,Furniture,Office,Online,3199.2,10,263.86
West,Beauty,Makeup,In-Store,75680.77,187,24690.27
South,Clothing,Women,Mobile,19344,160,3413.01
West,Clothing,Men,In-Store,3795,12,601.19
North,Sports,Team Sports,In-Store,9594.48,28,1073.41
East,Electronics,Phones,In-Store,56108,130,22839.88
South,Electronics,Laptops,Online,39465.48,103,12727.01
North,Sports,Gym,In-Store,49593.25,119,3961.83
North,Sports,Gym,In-Store,52092.7,115,5124.53
North,Beauty,Haircare,Mobile,18306.4,70,1194.99
North,Groceries,Produce,In-Store,79441.83,169,35045.11
East,Groceries,Bakery,Mobile,18668.88,72,3458.38
North,Furniture,Office,In-Store,45259.84,134,18519.63
South,Furniture,Living Room,Online,4791.26,82,1518.28
South,Clothing,Kids,Mobile,2613.83,19,1170.17
West,Sports,Team Sports,Online,2665.74,66,806.26
West,Clothing,Kids,Mobile,943.44,6,161.68
West,Groceries,Bakery,Mobile,30772.17,117,1629.87
East,Furniture,Bedroom,Mobile,49202.76,102,5321.19
West,Furniture,Bedroom,Online,2685.1,22,1201.59
West,Groceries,Bakery,In-Store,49902.25,137,6880.76
West,Clothing,Women,Mobile,17251.12,191,6147.13
West,Beauty,Makeup,Mobile,28089.26,97,9228.8
South,Beauty,Skincare,Online,62805.8,172,14925.28
South,Clothing,Women,Online,38790.71,107,5581.89
East,Sports,Gym,In-Store,18761.74,38,1328.89
West,Groceries,Dairy,Online,1429.96,4,419.27
South,Electronics,Phones,Mobile,37357.48,188,16342.94
South,Sports,Gym,Online,60119.94,123,22563.92
North,Clothing,Women,Mobile,39165.7,98,16799.59
West,Groceries,Produce,In-Store,15308.34,69,1931.69
West,Electronics,Accessories,Mobile,39343.65,155,4583.86
North,Electronics,Accessories,In-Store,16059.64,86,5405.99
West,Sports,Team Sports,In-Store,157.1,2,61.6
North,Sports,Gym,Online,56971.35,135,17507.28
East,Sports,Outdoor,In-Store,45300.9,123,14873.44
East,Clothing,Men,Online,42172.8,191,12930.69
South,Beauty,Haircare,Mobile,9614,50,542.66
North,Furniture,Living Room,Mobile,84723.66,171,31630.51
South,Clothing,Men,Mobile,5638.56,136,2429.54
East,Clothing,Women,Online,25995.45,195,4732.07
North,Electronics,Laptops,Mobile,29278.06,163,9581.24
West,Beauty,Makeup,Online,25710.58,67,9968.19
West,Furniture,Living Room,Mobile,12785.08,49,2174.73
West,Clothing,Men,Online,65281.58,182,29365.67
East,Sports,Gym,In-Store,4628.7,30,1151.23
South,Beauty,Haircare,In-Store,37705.26,106,10072.79
South,Groceries,Produce,Online,25917.15,105,11287.09
East,Groceries,Dairy,In-Store,4605,50,979.3
North,Clothing,Kids,Online,11188.76,44,3620.09
North,Furniture,Bedroom,In-Store,6947.46,78,2908.01
East,Furniture,Office,Mobile,41404.23,189,3904.02
West,Clothing,Women,In-Store,9210.69,87,2814.74
North,Electronics,Phones,Mobile,26001.36,66,9564.2
East,Electronics,Tablets,In-Store,45991.44,99,8279.48
West,Clothing,Kids,In-Store,9914.45,35,4382.32
North,Groceries,Dairy,In-Store,80118.25,167,19372.57
North,Beauty,Haircare,Online,5290.22,13,2043.73
West,Beauty,Haircare,Mobile,4687.3,190,1839.02
South,Beauty,Haircare,Online,35162.4,138,11548.12
South,Groceries,Bakery,Online,14135.55,55,2851.31
West,Electronics,Tablets,Mobile,49785.8,158,9452.86
West,Groceries,Bakery,Online,9565.12,71,4200.73
West,Beauty,Skincare,In-Store,42459.33,141,3476.38
West,Beauty,Makeup,Online,25484.74,137,6291.71
West,Sports,Team Sports,Mobile,28661.07,141,8900.73
North,Beauty,Haircare,Online,30620.04,132,1680.67
West,Clothing,Kids,Online,81501.61,191,33725.86
East,Groceries,Produce,In-Store,3676.05,27,705.03
East,Furniture,Bedroom,In-Store,52078.5,163,13773.97
East,Groceries,Bakery,In-Store,27297.5,61,10138.14
West,Groceries,Produce,In-Store,39425.4,105,2449.87
North,Clothing,Men,Mobile,19234.38,151,4237.07
West,Electronics,Laptops,Mobile,37406.6,98,6250.5
East,Electronics,Laptops,Online,26131.29,89,5655.85
North,Electronics,Accessories,In-Store,23604.15,185,2972.15
North,Sports,Gym,In-Store,2713.6,40,886.05
West,Electronics,Laptops,Online,1255.57,103,512.92
South,Groceries,Dairy,Mobile,70525.68,174,20527.67
North,Electronics,Tablets,Mobile,7586.41,169,423.11
West,Sports,Outdoor,In-Store,19798.38,126,7649.66
East,Beauty,Makeup,Online,32547.9,66,8367.26
South,Sports,Team Sports,Online,7402.14,41,2242.04
North,Electronics,Phones,Online,69047.73,183,18436.57
North,Beauty,Skincare,Mobile,21794.85,119,1645.68
North,Sports,Team Sports,Online,17631.68,176,2937.81
East,Furniture,Office,In-Store,4575.01,121,1738.91
South,Electronics,Accessories,In-Store,5015.15,23,919.33
North,Beauty,Haircare,Online,44038.28,143,13415.93
West,Furniture,Bedroom,Online,1600.56,9,169.45
West,Electronics,Phones,In-Store,60872.44,178,5391.33
South,Electronics,Accessories,In-Store,9364.95,35,4145.52
East,Groceries,Bakery,Online,4594.4,40,1241.21
North,Groceries,Produce,In-Store,17708.9,110,6966.65
South,Sports,Team Sports,In-Store,42609.44,158,9649.29
South,Beauty,Haircare,In-Store,67433.8,196,16549.36
East,Beauty,Makeup,Mobile,52266.06,198,8469.65
East,Electronics,Accessories,In-Store,35742,175,6976.97
South,Sports,Outdoor,In-Store,67968.3,142,27458.53
North,Sports,Gym,Mobile,3334.31,133,855.46
East,Groceries,Dairy,Mobile,10657.54,41,4037.73
North,Groceries,Dairy,Online,6085.26,177,559.66
East,Furniture,Living Room,In-Store,33070.15,145,11409.34
East,Furniture,Bedroom,Online,8061.74,17,1562.41
East,Furniture,Bedroom,Online,6352.14,138,2051.84
East,Furniture,Bedroom,In-Store,20341.86,111,6099.72
East,Electronics,Phones,Mobile,18260,110,2023.2
South,Electronics,Accessories,Online,55964.48,143,13870.89
South,Sports,Team Sports,In-Store,211.2,24,61.2
East,Electronics,Laptops,Online,5525.68,136,1418.56
West,Groceries,Produce,Mobile,6388,100,1025.99
West,Beauty,Makeup,Mobile,48140.4,105,7897.39
East,Furniture,Living Room,In-Store,786.6,92,291.68
North,Sports,Gym,Mobile,262.78,2,57.28
East,Clothing,Women,In-Store,39733.44,96,9705.4
West,Furniture,Office,In-Store,503.55,27,192.15
North,Furniture,Office,Mobile,1621.65,15,311.44
North,Electronics,Phones,Online,57192.48,162,15224.91
East,Clothing,Men,Online,5935.37,49,2428.13
North,Furniture,Living Room,In-Store,7497.08,46,3370.05
East,Beauty,Makeup,Mobile,17536.11,123,4514.88
East,Clothing,Men,Mobile,35907.8,151,6742.11
North,Electronics,Phones,Online,64728.63,171,8373.98
South,Sports,Team Sports,In-Store,20604.12,103,4443.94
West,Electronics,Laptops,In-Store,9056.19,39,3437.89
North,Clothing,Men,Online,29778.56,119,7464.44
North,Furniture,Office,Mobile,33842.4,177,10143.11
South,Sports,Team Sports,Mobile,1123.36,68,75.62
West,Furniture,Office,Online,2717.55,135,1087.82
North,Groceries,Produce,In-Store,67553.64,154,13307.41
East,Clothing,Women,Mobile,467.48,31,165.97
South,Sports,Outdoor,Online,21447.66,62,1237.56
North,Groceries,Dairy,Online,40193.1,111,6612.76
South,Electronics,Accessories,Mobile,1998.06,6,465.01
East,Clothing,Men,Online,33289.06,119,6802.38
West,Electronics,Laptops,Mobile,20606.6,140,2072.5
North,Sports,Outdoor,Mobile,3620.5,50,736.49
East,Groceries,Bakery,Online,19544,80,3389.09
East,Beauty,Makeup,Online,9054.45,45,1559.15
South,Electronics,Tablets,In-Store,656.64,64,110.15
East,Clothing,Women,Mobile,77692.16,184,19590.4
East,Groceries,Dairy,Online,36828.48,169,7298.36
East,Groceries,Dairy,Mobile,98406,198,42412.07
East,Electronics,Tablets,Online,14566.68,36,6051.3
North,Beauty,Makeup,Online,863.6,170,247.08
East,Beauty,Skincare,Online,1800.44,92,510.94
East,Furniture,Office,Online,9492.56,56,1195.38
North,Clothing,Men,Online,9075.82,26,2093.89
West,Sports,Team Sports,Online,25121.52,82,8838.47
East,Sports,Outdoor,In-Store,70645.93,179,15295.87
East,Beauty,Skincare,In-Store,27802.32,134,1717.43
West,Beauty,Skincare,Online,8005.16,116,2135.31
North,Clothing,Kids,Mobile,3582.36,9,421.19
East,Groceries,Bakery,In-Store,26370.27,111,4477.55
South,Furniture,Living Room,Mobile,12378.41,43,3670.65
East,Beauty,Haircare,Online,1068.46,82,293.04
East,Furniture,Bedroom,Mobile,7717.06,134,998.88
East,Sports,Gym,In-Store,46146.87,99,5068.86
East,Beauty,Skincare,Mobile,2265.25,13,249.4
South,Electronics,Tablets,Online,11888.49,57,4280.64
South,Sports,Gym,In-Store,34745.22,141,2814.24
North,Sports,Gym,In-Store,8708.01,109,3305.92
West,Electronics,Phones,In-Store,11295.05,65,4962.46
North,Beauty,Haircare,In-Store,8377.75,23,2108.12
East,Sports,Outdoor,In-Store,49977.2,104,12801.54
West,Furniture,Office,In-Store,10654.56,72,2950
East,Sports,Team Sports,Mobile,10143.12,39,1317.93
South,Furniture,Bedroom,Mobile,9043.65,33,1997.99
East,Beauty,Skincare,Online,21625.24,182,3729.7
West,Beauty,Skincare,In-Store,6302.72,64,2139.2
West,Beauty,Makeup,In-Store,19872.48,48,5468.38
East,Beauty,Haircare,In-Store,2503.5,50,609.09
North,Furniture,Bedroom,Online,2796.85,35,621.23
South,Furniture,Bedroom,Mobile,15815.44,68,5868.18
South,Furniture,Living Room,In-Store,1741.8,15,736.67
East,Electronics,Tablets,Online,2287.8,20,539.78
East,Clothing,Women,In-Store,16607.43,81,991.86
South,Furniture,Living Room,Mobile,6568.32,22,765.82
South,Sports,Outdoor,Mobile,39618,93,17168.73
North,Furniture,Bedroom,Mobile,11825.76,142,4142.81
West,Groceries,Dairy,Mobile,6626.94,102,2022.96
East,Beauty,Skincare,Online,30979.11,173,4073.9
East,Beauty,Makeup,In-Store,74.35,1,13.12
South,Beauty,Haircare,Mobile,53575.76,116,14662.11
South,Beauty,Makeup,In-Store,57135.28,152,24018.17
North,Sports,Gym,In-Store,2972.07,9,155.09
South,Furniture,Living Room,Mobile,22499.4,154,4740.96
South,Beauty,Skincare,Online,24458,70,3984.49
South,Groceries,Produce,Mobile,14293.2,43,2052.59
West,Electronics,Phones,Online,70055.7,195,11105.57
West,Clothing,Women,In-Store,1622.28,12,457.71
North,Sports,Outdoor,In-Store,20208.02,107,1726.11
South,Furniture,Bedroom,Online,10310.08,29,1378.47
East,Sports,Team Sports,Online,55466.25,175,9781.02
South,Beauty,Makeup,In-Store,53162.78,167,21278.91
East,Groceries,Produce,Mobile,69958.82,146,12427.12
North,Groceries,Dairy,In-Store,9487.84,38,1609.16
South,Beauty,Skincare,Online,20725.65,45,6183.25
North,Beauty,Makeup,Online,59998.38,169,19801.84
North,Beauty,Skincare,In-Store,2091.36,24,352.64
North,Beauty,Haircare,Mobile,1020.5,10,393.39
North,Electronics,Laptops,Online,689.3,61,57.69
North,Electronics,Laptops,Online,12099.75,73,3208.29
North,Clothing,Kids,Online,64593.76,196,15185.86
South,Sports,Outdoor,Online,27399.96,63,8681.18
West,Sports,Outdoor,Online,10043.4,190,3225.28
East,Clothing,Women,Mobile,29578.38,78,3066.08
North,Clothing,Women,In-Store,36217.1,142,7795.01
East,Groceries,Dairy,Mobile,13696.2,36,2158.69
North,Sports,Team Sports,In-Store,45560.45,145,18144.84
South,Electronics,Laptops,Online,12542.25,175,2530.83
North,Electronics,Tablets,In-Store,5197.23,27,2327.07
West,Sports,Team Sports,Online,8644.71,141,645.73
West,Sports,Outdoor,Online,7394.28,43,2699.46
East,Electronics,Tablets,Online,2051.46,6,270.68
South,Clothing,Kids,Mobile,21434.27,169,6669.26
West,Furniture,Office,In-Store,17457.92,64,5763.61
West,Sports,Gym,Mobile,5565,14,1540.04
East,Beauty,Haircare,In-Store,66830.6,190,26490.3
West,Sports,Outdoor,In-Store,83686.88,184,16813.31
North,Groceries,Dairy,In-Store,30469.02,138,9973.21
East,Furniture,Office,Mobile,76605.4,170,31183.76
North,Electronics,Accessories,Mobile,1125.75,75,176.64
North,Electronics,Tablets,In-Store,53914,140,13085.64
West,Clothing,Kids,Mobile,52419.84,136,3227.76
North,Furniture,Office,Mobile,24102.5,125,9354.6
East,Furniture,Bedroom,In-Store,18607.7,146,3394.16
East,Groceries,Produce,In-Store,53650.48,158,14482.03
South,Clothing,Men,Online,4294.8,15,232.01
South,Furniture,Living Room,In-Store,2197.42,23,566.18
South,Electronics,Tablets,In-Store,48785.92,152,16036.55
East,Groceries,Produce,Mobile,16764.3,63,6355.88
West,Electronics,Phones,In-Store,36160.1,74,3570.88
East,Clothing,Women,Mobile,4650.03,121,1694.4
East,Furniture,Living Room,Online,85127.76,174,32660.87
North,Electronics,Phones,Online,11404.86,131,4091.66
West,Beauty,Makeup,Online,88941.52,179,11736.39
East,Clothing,Kids,Online,15582.84,78,4907.67
South,Clothing,Men,Online,51229.08,116,11637.97
South,Electronics,Laptops,Mobile,22608.72,72,3264.66
North,Electronics,Laptops,In-Store,3966.68,131,401.52
East,Sports,Team Sports,In-Store,11603.2,80,793.02
East,Groceries,Produce,In-Store,23676.61,181,5213.73
West,Furniture,Living Room,Online,46427.45,95,15162.62
North,Sports,Outdoor,In-Store,18975.02,157,4581.94
West,Electronics,Tablets,Online,344.7,5,73.14
South,Clothing,Women,Online,16838.93,127,1068.67
West,Clothing,Men,Online,10114.65,171,1073.95
East,Beauty,Makeup,Mobile,33741.4,70,7891.95
South,Sports,Team Sports,Online,54617.64,154,5886.91
North,Furniture,Living Room,Mobile,17282.5,50,5288.64
West,Clothing,Kids,Mobile,11295.88,178,3848.61
North,Clothing,Women,Mobile,23062.4,80,1565.64
North,Sports,Gym,In-Store,799.4,70,147.55
East,Clothing,Men,Online,27415.9,85,9688.54
West,Furniture,Living Room,Online,9183.75,79,3247.23
East,Beauty,Haircare,Mobile,51415.2,193,3607.79
East,Groceries,Dairy,Mobile,42086,110,4873.3
South,Beauty,Haircare,Mobile,35766.05,185,14055.14
South,Furniture,Bedroom,Mobile,2313.08,11,335.02
East,Clothing,Kids,Mobile,23653.44,96,1793.28
North,Groceries,Dairy,Online,21377.52,162,5120.32
South,Furniture,Bedroom,In-Store,23409.53,151,6864.98
South,Sports,Gym,Online,39978.8,178,15231.85
West,Groceries,Dairy,Online,31672.36,188,10663.05
South,Clothing,Women,Online,29467.81,127,5292.86
North,Beauty,Haircare,In-Store,16513.16,41,2542.24
North,Clothing,Women,In-Store,16696.75,175,5847.81
West,Groceries,Produce,In-Store,8500.2,62,2356.81
West,Beauty,Skincare,In-Store,22118.72,169,3700.56
North,Clothing,Men,Online,41675.06,109,3672.54
East,Groceries,Dairy,Online,55602.72,144,13208.45
South,Groceries,Bakery,In-Store,12270.5,115,4749.54
North,Clothing,Men,Mobile,2494.44,9,901.94
South,Clothing,Kids,Online,13938.81,181,2594.6
East,Furniture,Living Room,In-Store,340.8,60,67.19
North,Electronics,Laptops,In-Store,4345.16,92,520.49
South,Groceries,Bakery,Online,17995.57,199,2768.22
East,Furniture,Living Room,In-Store,33880,100,4537.42
West,Beauty,Haircare,In-Store,5425.95,61,1288.27
North,Electronics,Phones,Online,7037.25,165,1801.87
West,Sports,Team Sports,Online,24971.44,52,2490.1
North,Beauty,Haircare,Online,34785.17,109,6825.49
West,Clothing,Kids,In-Store,66092.16,174,6456.1
North,Furniture,Office,Mobile,33488.44,94,5058.15
East,Groceries,Dairy,Online,37289.2,101,11353.25
West,Sports,Team Sports,In-Store,1876.6,10,608.88
South,Furniture,Bedroom,Mobile,3527.35,19,433.17
West,Groceries,Produce,Mobile,81894.54,182,7529.99
North,Electronics,Phones,Online,83220.1,170,12214.25
South,Sports,Outdoor,Mobile,16348,67,1446.87
West,Sports,Outdoor,Mobile,8881.17,57,3052.34
East,Sports,Gym,Online,12309.34,29,2032.64
South,Sports,Team Sports,Online,10035.1,170,3221.71
East,Groceries,Produce,Online,3216.46,178,768.87
East,Clothing,Women,Online,5410.17,141,1912.67
North,Furniture,Bedroom,Mobile,13249.5,55,1588.4
South,Beauty,Skincare,Mobile,29877.12,133,2136.14
West,Sports,Team Sports,Online,17818.68,132,3043.37
North,Beauty,Haircare,Mobile,5800.32,18,409.58
East,Beauty,Skincare,Mobile,29451.65,85,10361.7
West,Electronics,Laptops,Mobile,11958.31,119,3941.28
South,Sports,Team Sports,Online,15988.86,58,3283.27
West,Electronics,Accessories,In-Store,4242.57,103,1826.49
West,Furniture,Bedroom,In-Store,28777.84,182,5066.45
East,Beauty,Haircare,Online,17884.9,142,2779.3
South,Beauty,Skincare,Online,58354.56,176,6886.89
West,Furniture,Bedroom,In-Store,5960.68,31,534
South,Clothing,Men,Mobile,35205.06,82,4570
North,Furniture,Bedroom,Mobile,9730.28,38,2427.62
North,Groceries,Dairy,Mobile,13433.85,135,1692.45
West,Electronics,Laptops,In-Store,56543.13,189,6366.65
West,Beauty,Makeup,Online,7948.28,109,524.42
South,Clothing,Kids,Mobile,8758.92,47,698.98
East,Electronics,Laptops,Mobile,40978.44,171,6607.41
East,Sports,Team Sports,In-Store,20727.32,191,8090.46
East,Sports,Gym,Online,257.44,1,110.35
West,Clothing,Kids,Online,63914.48,133,15417.18
South,Beauty,Haircare,Online,7015.75,25,1360.33
South,Electronics,Phones,In-Store,37437.84,116,7617.99
East,Beauty,Haircare,Online,366.99,3,73.33
North,Clothing,Kids,Mobile,51433.65,135,5781.34
North,Beauty,Makeup,Online,74118.24,152,11068.12
South,Beauty,Makeup,Online,39984.8,80,16919.76
West,Sports,Gym,Mobile,54165.4,170,16372.65
West,Sports,Gym,Online,28763.1,135,10481.73
East,Electronics,Phones,In-Store,5150.4,174,1821.85
West,Furniture,Living Room,Mobile,4488.12,126,1077.58
East,Beauty,Skincare,In-Store,56381.36,196,12751.81
North,Sports,Team Sports,Mobile,9658.32,168,1254.9
South,Furniture,Office,Online,3137.97,111,192.85
East,Sports,Gym,Online,32678.76,166,7103.25
East,Beauty,Makeup,Online,31380.24,106,2731.12
West,Beauty,Makeup,Mobile,62141.04,156,12937.89
West,Beauty,Haircare,Mobile,69957.56,172,16255.49
South,Groceries,Bakery,In-Store,17787.8,76,1155.13
West,Groceries,Bakery,Online,5607,12,1530.73
West,Furniture,Bedroom,Mobile,3579.8,35,785.73
East,Furniture,Bedroom,Online,12910.14,51,2471.42
East,Beauty,Haircare,In-Store,9247.67,139,4079.35
West,Furniture,Office,In-Store,4993.92,32,368.03
South,Sports,Gym,In-Store,69185.84,184,12365.4
West,Electronics,Tablets,Online,18527.15,155,3609.67
South,Beauty,Makeup,In-Store,38345.67,99,7234.49
North,Sports,Gym,In-Store,14652.81,61,2269.62
South,Furniture,Bedroom,Mobile,4971,25,536.22
West,Furniture,Bedroom,Online,13954.56,138,5195.53
East,Beauty,Makeup,Mobile,57687.91,161,13249.96
North,Beauty,Haircare,In-Store,3857.25,111,864.26
West,Electronics,Phones,Online,4135.86,74,1544.33
West,Groceries,Dairy,Mobile,23831.04,96,6510.21
South,Electronics,Accessories,Online,54583.71,199,12827.8
East,Beauty,Makeup,Online,8443.47,31,2957.21
North,Groceries,Bakery,Online,18509.4,113,5951.73
North,Sports,Team Sports,Mobile,18076.1,62,2116.35
East,Electronics,Phones,Mobile,74371.32,166,17093.08
West,Furniture,Living Room,Online,7408.26,18,3293.76
West,Groceries,Bakery,Mobile,38039.48,124,11629.66
East,Electronics,Phones,In-Store,9407.86,149,830.49
North,Groceries,Produce,Mobile,67111.8,140,16252.85
North,Groceries,Bakery,Mobile,11045.7,27,3551.47
North,Groceries,Dairy,Mobile,69676.88,182,19582.51
West,Clothing,Men,Mobile,25479.52,62,6578.07
West,Clothing,Men,Online,2380.9,145,565.74
East,Furniture,Office,In-Store,23570.4,138,2388.25
West,Electronics,Tablets,Online,17298.4,40,7454.98
South,Electronics,Phones,In-Store,42595.28,91,16582.79
South,Groceries,Dairy,Mobile,15079.95,45,1908.17
North,Clothing,Men,Mobile,21768.74,194,2697.79
East,Sports,Team Sports,Mobile,42914.2,140,9196.59
East,Sports,Team Sports,In-Store,8213.76,96,3290.11
South,Groceries,Dairy,Mobile,8389.02,23,3440.53
East,Electronics,Accessories,In-Store,58941.08,194,11795.3
North,Electronics,Tablets,Mobile,20676.6,135,4441.07
East,Electronics,Phones,In-Store,10583.1,55,1497.98
North,Clothing,Women,Mobile,12886,34,2506.76
South,Electronics,Tablets,Online,17606.19,49,3102.1
North,Groceries,Produce,In-Store,8200.2,79,3600.81
West,Sports,Team Sports,Online,44189.55,135,11448
East,Groceries,Dairy,Mobile,50784.63,197,3648.12
East,Electronics,Laptops,Mobile,14825.72,182,6169.87
East,Electronics,Tablets,Mobile,14147.4,51,4583.59
East,Furniture,Office,Online,557.15,5,247.17
West,Furniture,Living Room,Mobile,31927.28,77,5404.47
West,Electronics,Laptops,Online,14164.5,57,6153.37
South,Sports,Outdoor,In-Store,19496.34,178,3030.42
East,Sports,Outdoor,Online,36185.8,140,7512.14
East,Sports,Gym,Online,27404.64,72,9771.14
West,Groceries,Produce,In-Store,26704.94,82,9081.7
West,Beauty,Makeup,Online,26260.41,151,3196.12
North,Clothing,Kids,Mobile,18249.51,41,1678.57
West,Groceries,Bakery,Mobile,23327.46,78,9489.64
West,Furniture,Bedroom,In-Store,7783.75,25,1082.19
East,Electronics,Phones,Mobile,10108.14,82,3250.6
North,Groceries,Dairy,Mobile,3924,8,405.99
East,Beauty,Makeup,In-Store,69009.1,155,27943.34
South,Furniture,Bedroom,In-Store,30107.35,65,3948.48
East,Electronics,Phones,In-Store,314.64,36,19.65
North,Sports,Outdoor,In-Store,4049.52,12,799.37
East,Electronics,Accessories,Mobile,2749,25,1042.95
East,Clothing,Women,Mobile,1827,12,777.77
North,Clothing,Women,Online,25515.36,174,2883.35
West,Furniture,Living Room,In-Store,25964.25,65,9254.95
South,Groceries,Produce,Mobile,40592.55,95,12542.13
West,Furniture,Living Room,Mobile,27207,75,4909.75
South,Electronics,Tablets,Mobile,19749.29,151,6268.49
North,Beauty,Skincare,In-Store,29040.72,69,4651.7
West,Groceries,Bakery,Mobile,24767.54,199,6698.1
North,Groceries,Dairy,Online,41130.24,128,6882.74
West,Furniture,Living Room,Mobile,55789.11,123,17850.15
East,Sports,Gym,Online,35638.48,158,2396.89
South,Furniture,Living Room,In-Store,35019.91,97,2896.55
South,Clothing,Kids,Mobile,28778.15,89,3126.98
North,Beauty,Haircare,Online,6572.08,113,1364.79
South,Furniture,Office,Mobile,19935.84,82,4684.06
South,Furniture,Office,Online,19312.93,91,4099.77
South,Electronics,Tablets,In-Store,305.83,7,27.56
South,Beauty,Haircare,Mobile,33041.08,82,7298.22
South,Beauty,Skincare,In-Store,62999.39,157,16709.06
South,Clothing,Kids,Online,50351.08,148,15743.02
North,Sports,Team Sports,Online,4664.54,134,1757.89
West,Furniture,Office,Mobile,62779.2,145,25467.87
East,Electronics,Laptops,Online,31051.93,91,3544.88
North,Clothing,Kids,In-Store,31341.35,89,13657.65
North,Groceries,Dairy,In-Store,14478.84,74,3716.5
East,Beauty,Skincare,Mobile,15818.4,48,3019.81
South,Furniture,Office,Online,6142.2,15,2627.41
East,Clothing,Men,Mobile,64773.52,188,21604.95
North,Groceries,Dairy,In-Store,39830.04,129,15696.01
North,Electronics,Laptops,Mobile,36110.46,191,5694.04
North,Groceries,Produce,In-Store,323.19,1,44.44
South,Furniture,Office,In-Store,26020.8,160,9937.12
West,Clothing,Women,In-Store,33363.75,75,7148.96
East,Sports,Gym,Mobile,15213.55,55,1676.11
East,Clothing,Kids,In-Store,2696.1,55,571.3
South,Beauty,Haircare,Online,7374.69,67,887.97
North,Furniture,Office,In-Store,17518.48,196,2630.16
South,Beauty,Haircare,Online,6886,20,1238.38
East,Sports,Gym,In-Store,30483.2,176,12904.98
South,Clothing,Kids,Online,12883.5,175,3476.51
East,Beauty,Makeup,In-Store,61407.6,146,22797.54
West,Electronics,Tablets,In-Store,11348.13,43,1480.64
North,Beauty,Skincare,Mobile,66668.1,194,20840.03
East,Beauty,Skincare,Online,11074.49,97,4067.22
North,Beauty,Haircare,Online,55266.36,164,16379.85
North,Clothing,Men,In-Store,2288.08,37,296.46
West,Electronics,Accessories,In-Store,8077.14,23,1168.2
West,Beauty,Haircare,Mobile,21496,160,1894.46
West,Clothing,Kids,Mobile,32825.6,115,10073.19
East,Sports,Outdoor,Online,2775.08,119,796.28
South,Clothing,Kids,In-Store,91524.23,197,13061.22
West,Electronics,Phones,In-Store,43188.2,134,5300.59
North,Beauty,Makeup,In-Store,37084.32,144,6137.45
South,Clothing,Men,In-Store,3454.66,11,629.35
East,Groceries,Produce,Mobile,19945.4,155,5691.14
West,Sports,Outdoor,In-Store,3374.82,18,1113.62
West,Sports,Outdoor,In-Store,2805.3,135,1220.68
East,Electronics,Accessories,Mobile,1610.08,29,98.65
West,Furniture,Living Room,Online,390.27,1,101.96
East,Beauty,Haircare,Mobile,4042,20,1060.8
East,Clothing,Women,Mobile,45537.14,121,7270.88
North,Sports,Team Sports,In-Store,10442.4,114,1653.37
East,Groceries,Produce,Mobile,45231.2,164,8481
South,Electronics,Accessories,In-Store,2829.6,20,1124.6
East,Furniture,Living Room,In-Store,21356.19,181,6050.85
North,Clothing,Men,Online,12491.05,55,1405.95
East,Clothing,Women,Mobile,31659.87,197,6200.55
East,Electronics,Accessories,In-Store,102.36,12,6.28
North,Sports,Outdoor,Mobile,9858.61,43,2704.8
South,Clothing,Women,In-Store,31457.79,91,7651.12
West,Clothing,Men,Online,13057.2,30,5633.26
West,Furniture,Office,Mobile,24031.6,146,8308.41
North,Beauty,Haircare,In-Store,7573.02,73,2826.2
West,Groceries,Produce,In-Store,958.68,4,417.36
West,Furniture,Living Room,In-Store,1329.79,157,182.25
West,Electronics,Accessories,Online,5921.16,19,677.5
South,Furniture,Office,In-Store,29956.32,72,12170.76
South,Electronics,Phones,Online,16893.04,184,3060.72
North,Sports,Team Sports,In-Store,41507.7,145,2388.34
North,Clothing,Men,Online,16993.2,170,5923.62
East,Electronics,Accessories,In-Store,3807.6,24,357.64
South,Electronics,Accessories,In-Store,32621.66,71,10260.98
West,Electronics,Tablets,In-Store,3948.8,8,1158.98
South,Sports,Outdoor,Mobile,655.26,6,39.95
South,Groceries,Produce,Mobile,23824.32,78,3645.85
West,Beauty,Skincare,In-Store,9704.7,82,2529.76
East,Electronics,Accessories,Mobile,16987.65,109,6480.14
South,Clothing,Kids,In-Store,75939.84,192,33394.76
West,Clothing,Men,Online,28029.66,89,8451.09
West,Beauty,Haircare,Mobile,9237.76,128,3387.97
North,Sports,Team Sports,Online,16206.76,194,2742.4
North,Clothing,Women,In-Store,370.29,3,102.6
South,Beauty,Haircare,Mobile,2376.36,18,310.28
South,Groceries,Bakery,Mobile,12595.88,44,4606.93
North,Clothing,Men,Online,89251.4,185,18672.74
East,Electronics,Tablets,In-Store,72361.3,157,14044.6
West,Sports,Team Sports,In-Store,26092.08,63,9281.6
North,Furniture,Living Room,Mobile,40296.75,195,14575.02
South,Furniture,Office,Online,45398.07,123,18908.97
West,Beauty,Makeup,In-Store,11006.55,31,3917.24
East,Furniture,Living Room,Online,31827.63,69,3205.55
North,Sports,Team Sports,Mobile,45433.96,188,16513.32
East,Groceries,Bakery,Mobile,40701.36,98,11179.45
East,Groceries,Dairy,Mobile,19443.06,117,8392.37
South,Sports,Gym,Mobile,705.55,137,183.34
North,Electronics,Tablets,In-Store,6067.52,32,2639.13
East,Sports,Outdoor,In-Store,3736.8,90,1162.6
West,Beauty,Makeup,Online,44091.54,102,12618.51
North,Furniture,Bedroom,In-Store,20365.72,127,1206.21
North,Groceries,Produce,Online,13230.39,159,4104.68
East,Electronics,Tablets,Online,45520.86,118,16362
West,Groceries,Produce,Mobile,797.79,21,201.8
East,Beauty,Makeup,Online,3504.96,48,224.94
East,Groceries,Bakery,Mobile,15232.32,144,5683.74
North,Sports,Team Sports,Mobile,17514,90,2851.53
North,Clothing,Women,In-Store,1989.12,28,506.98
West,Furniture,Office,Mobile,70167.9,165,5864.9
North,Furniture,Bedroom,Mobile,6231.81,29,2643.56
East,Beauty,Skincare,Mobile,29348.84,179,13063.74
North,Clothing,Women,Mobile,61034.85,135,11678.9
South,Groceries,Produce,Mobile,25071.15,169,7668.53
East,Clothing,Women,In-Store,7525.9,19,906.38
South,Electronics,Tablets,Mobile,30905.45,157,3121.52
South,Groceries,Produce,In-Store,46991.75,95,5397.87
North,Beauty,Skincare,In-Store,22150.7,55,6183.53
West,Beauty,Haircare,Mobile,10410,30,1137.55
North,Sports,Gym,Online,36601.76,104,2680.3
West,Clothing,Women,Online,1577.46,61,84.88
North,Sports,Outdoor,In-Store,5345.4,60,1493.6
South,Groceries,Bakery,Mobile,62225.77,179,27960.59
South,Beauty,Skincare,Mobile,65804.72,134,20245.14
West,Sports,Gym,Online,29204.63,67,3314.59
South,Electronics,Accessories,Mobile,65825.96,158,14624.47
West,Beauty,Haircare,Online,1313.78,31,222.68
South,Clothing,Kids,Online,12031.53,159,2342.93
East,Beauty,Skincare,Mobile,30476.19,127,11095.92
West,Furniture,Office,Online,988.28,2,254.72
East,Clothing,Women,Mobile,17992.18,58,3696.31
North,Sports,Gym,Mobile,8069.04,126,3565.53
North,Groceries,Bakery,Online,42215.37,97,3680.3
West,Groceries,Bakery,In-Store,12697.84,92,663.39
South,Furniture,Living Room,Online,5553.9,66,1423.48
East,Sports,Team Sports,Mobile,7404.6,172,2473.93
South,Groceries,Dairy,Online,27257.8,170,11303.22
West,Beauty,Haircare,In-Store,3983.04,9,809.34
West,Beauty,Skincare,Mobile,28228.8,60,1912.36
South,Furniture,Living Room,In-Store,35564.52,109,12329.76
East,Groceries,Bakery,Online,13415.87,31,5114.08
West,Groceries,Produce,Online,2005.08,14,228.27
South,Sports,Outdoor,Online,1786.62,22,615.96
South,Clothing,Men,Online,19667.66,146,2966.28
South,Electronics,Tablets,In-Store,3597.65,35,538.58
South,Groceries,Produce,In-Store,560.76,3,115.74
East,Groceries,Dairy,Mobile,18936.3,47,2249.15
South,Sports,Outdoor,In-Store,31249.68,76,12857.07
South,Electronics,Tablets,In-Store,6139.12,26,1845.19
South,Furniture,Bedroom,In-Store,1502.12,34,211.6
East,Sports,Outdoor,Online,48802.32,168,19407.72
West,Groceries,Produce,Mobile,3749.76,124,1434.6
West,Groceries,Bakery,Online,530.24,8,166.91
East,Sports,Team Sports,Mobile,15694.35,105,1903.24
West,Sports,Outdoor,Online,8668.14,39,1709.7
West,Clothing,Men,Online,1479.33,27,184.56
East,Groceries,Dairy,Online,40035.18,138,8678.26
West,Beauty,Makeup,Mobile,66856.24,164,3672.21
North,Beauty,Makeup,Mobile,405.1,5,60.31
West,Beauty,Haircare,Mobile,32159.19,131,10420.75
North,Furniture,Bedroom,Mobile,8099.82,17,2142.89
East,Groceries,Dairy,Online,1561.8,12,402.62
East,Groceries,Dairy,In-Store,17840.79,99,3499.23
East,Beauty,Makeup,Online,45054.3,179,19130.72
East,Groceries,Bakery,Online,59886.16,166,8429.44
West,Furniture,Office,In-Store,15725.34,51,4772.93
East,Clothing,Kids,In-Store,12831.84,168,4907.7
North,Sports,Team Sports,Mobile,51623.22,187,8245.1
East,Electronics,Accessories,In-Store,20898.38,167,9012.37
North,Clothing,Women,In-Store,36262.54,142,3075.86
North,Groceries,Dairy,Mobile,28159.6,178,8958.67
West,Beauty,Makeup,Online,41782.86,126,4385.63
North,Electronics,Phones,Mobile,158.65,1,44.07
North,Clothing,Women,In-Store,28433.05,145,8445.86
East,Sports,Team Sports,Mobile,2892,80,192.64
South,Electronics,Accessories,Online,2901.92,28,204.36
East,Furniture,Office,In-Store,13603.42,37,4781.54
East,Sports,Gym,Mobile,6662.24,52,954.22
South,Electronics,Accessories,In-Store,45311.58,114,16255.58
West,Electronics,Accessories,Online,19723.46,41,6156.58
South,Clothing,Women,In-Store,50051.4,170,7944.28
West,Clothing,Kids,In-Store,6483.54,14,2126.62
West,Electronics,Phones,Online,84479.5,175,15673.02
South,Sports,Team Sports,Online,15415.68,74,1102.64
West,Sports,Outdoor,In-Store,13825.04,122,5379.11
West,Furniture,Bedroom,In-Store,724.35,3,176.7
East,Beauty,Makeup,Mobile,52726.08,176,9899.12
East,Clothing,Kids,In-Store,17798.88,176,4565.3
South,Groceries,Dairy,In-Store,13758.08,74,1049.3
South,Clothing,Women,Mobile,9679.18,94,2477.28
North,Sports,Team Sports,In-Store,3229.74,9,1060.48
East,Groceries,Bakery,Online,6214.32,108,1479.11
North,Electronics,Laptops,In-Store,34317.8,110,12167.94
South,Beauty,Makeup,In-Store,92487.93,191,7905.19
North,Sports,Outdoor,In-Store,20800.52,169,8935.38
South,Electronics,Phones,Mobile,31100.84,188,13443.79
West,Sports,Outdoor,Online,25785.33,197,5711.2
South,Electronics,Tablets,In-Store,44755.04,118,16069.45
East,Electronics,Accessories,Mobile,15470,68,869.97
South,Sports,Team Sports,In-Store,582.36,2,61.5
East,Clothing,Women,Online,13196.3,65,5704.21
South,Electronics,Tablets,Mobile,42704.36,124,3066.44
East,Clothing,Women,In-Store,55006.56,189,19930.37
West,Clothing,Kids,In-Store,27426.3,55,2231.14
West,Electronics,Phones,Online,4165.14,141,787.64
North,Electronics,Phones,Mobile,2565.66,122,541.36
North,Beauty,Makeup,Online,93986.73,197,34474.11
South,Beauty,Haircare,Mobile,658.86,2,74.04
East,Clothing,Men,In-Store,406.16,1,43.47
South,Clothing,Men,Online,11589.56,103,1859.06
East,Beauty,Skincare,Online,13787.76,87,5153.12
East,Electronics,Tablets,Online,58374.33,137,17997.43
West,Electronics,Accessories,In-Store,8490.6,20,3082.4
North,Electronics,Accessories,Mobile,72655.38,149,23824.41
West,Electronics,Laptops,Online,365.44,64,53.41
North,Electronics,Phones,In-Store,56041.92,198,7182.11
West,Clothing,Men,Mobile,3568,80,739.3
South,Groceries,Produce,In-Store,65951.82,198,26636.6
East,Electronics,Phones,Online,14380.74,162,5664.98
West,Clothing,Men,Mobile,39786.88,112,8763.09
West,Clothing,Women,Online,13848.12,78,2170.76
East,Groceries,Bakery,In-Store,4266.36,12,1141.78
North,Sports,Team Sports,In-Store,42740.17,101,11212.2
West,Clothing,Kids,Online,26411.91,173,10520.18
North,Electronics,Phones,In-Store,73639.26,166,11194.27
South,Electronics,Laptops,In-Store,28251,150,7382.05
West,Sports,Gym,Online,50509.98,171,9351.94
South,Electronics,Laptops,In-Store,2264.24,62,495.95
West,Clothing,Kids,Mobile,4123.36,16,923.69
South,Groceries,Bakery,In-Store,43970.56,113,14144.46
West,Groceries,Produce,Mobile,7436.25,25,957.44
West,Clothing,Men,Online,2902.59,9,403.28
North,Beauty,Skincare,Mobile,35527.68,108,7630.9
West,Electronics,Laptops,Online,14591.79,197,1968.41
West,Furniture,Office,In-Store,41855.5,194,4720.66
North,Groceries,Bakery,Mobile,18014.52,61,7705.87
West,Sports,Team Sports,In-Store,27374.2,140,9862.92
West,Sports,Gym,Mobile,39680.63,181,4202.38
West,Furniture,Office,Mobile,13148.76,73,3338.59
West,Groceries,Produce,In-Store,21087.15,57,5100.81
East,Beauty,Makeup,Mobile,59216.16,129,17460.21
North,Furniture,Living Room,In-Store,56073.64,134,6656.62
East,Furniture,Office,Mobile,21077.96,68,3902.74
West,Beauty,Makeup,Online,36846.33,157,15927.86
East,Groceries,Produce,Online,2085,60,801.81
North,Sports,Outdoor,Online,2175.04,16,649.7
South,Electronics,Tablets,In-Store,52987.08,109,6167.02
East,Furniture,Living Room,In-Store,23997.33,189,9456.34
East,Sports,Gym,Online,54305.37,177,11544.76
South,Furniture,Living Room,Mobile,6176.1,170,2587.93
North,Groceries,Dairy,Mobile,53898.82,146,5541.88
East,Beauty,Makeup,Online,2624.88,24,950.04
North,Groceries,Dairy,Mobile,354.57,1,94.78
East,Furniture,Office,Mobile,5033.78,46,1026.81
East,Beauty,Makeup,In-Store,8660.85,33,3524.41
East,Electronics,Phones,Mobile,67664.32,152,7708.95
North,Furniture,Living Room,Online,5275.2,160,556.84
North,Electronics,Tablets,Online,6473.6,160,2067.15
West,Electronics,Laptops,In-Store,1036.56,7,393.21
West,Beauty,Haircare,Mobile,14275.56,39,1143.96
North,Beauty,Skincare,In-Store,29115.91,59,6542.74
South,Sports,Gym,In-Store,42437,100,8067.01
West,Furniture,Living Room,In-Store,8089.31,37,3067.24
North,Furniture,Living Room,In-Store,9841.05,45,1484.54
North,Clothing,Kids,Mobile,76533.7,191,16242.8
East,Furniture,Living Room,In-Store,52062.54,174,4985.45
West,Beauty,Makeup,Online,9661.7,158,1656.34
South,Electronics,Accessories,In-Store,10041.5,38,4042.46
West,Furniture,Office,Mobile,26603.46,78,8325.72
North,Sports,Outdoor,Online,3489.64,7,1414.16
South,Beauty,Skincare,Mobile,1669.04,62,187.48
East,Electronics,Tablets,Mobile,5938.35,55,2008.48
East,Groceries,Produce,Online,9377.53,61,802.05
West,Furniture,Bedroom,In-Store,21852.85,95,5554.77
West,Clothing,Men,In-Store,5587.92,117,2388.48
South,Clothing,Kids,In-Store,14940.4,40,5847.77
West,Electronics,Accessories,Mobile,1241,68,257.64
North,Clothing,Women,In-Store,4634.89,13,1752.75
South,Electronics,Laptops,In-Store,18694.48,76,6450.73
North,Furniture,Bedroom,In-Store,24244.38,114,5372.58
West,Electronics,Accessories,Mobile,28286.17,121,5052.89
South,Groceries,Bakery,In-Store,52970.8,151,14620.26
North,Beauty,Makeup,Online,66759.91,163,3954.77
South,Groceries,Dairy,Online,8619.21,27,1752.07
South,Electronics,Tablets,Mobile,50052.94,122,8979.26
South,Furniture,Living Room,In-Store,15298.64,56,3541
West,Electronics,Phones,Online,20752.41,51,7937.5
South,Groceries,Dairy,Mobile,46880.43,163,13817.75
West,Sports,Outdoor,Online,61554.24,176,4141.35
West,Clothing,Women,In-Store,9625.85,59,1057.55
West,Clothing,Men,Online,31647.6,72,6405.2
South,Clothing,Men,In-Store,70875.64,158,18810.96
North,Furniture,Bedroom,Mobile,65067.41,151,11011.76
East,Clothing,Kids,In-Store,38256.19,157,14713.59
South,Electronics,Phones,Mobile,19621.03,143,3428.1
North,Sports,Gym,Mobile,18313.6,97,6778.88
East,Clothing,Women,Mobile,6541.32,19,2798.93
East,Furniture,Living Room,In-Store,2482.74,6,247.69
North,Groceries,Dairy,Online,8310.24,18,3560.79
North,Sports,Outdoor,Online,41356.21,197,15119.64
East,Beauty,Skincare,In-Store,60220.39,191,10199.64
West,Furniture,Bedroom,Online,36266.56,88,3414.18
South,Electronics,Laptops,Mobile,58614.12,138,6172.88
South,Beauty,Skincare,Online,76512.72,184,17672.54
East,Beauty,Makeup,In-Store,25299.3,169,4073.73
West,Groceries,Dairy,Mobile,18921,85,7442.68
South,Sports,Team Sports,In-Store,54261.9,162,17115.52
North,Groceries,Produce,Online,3873.38,73,600.57
East,Beauty,Skincare,In-Store,18146.46,87,5385.46
South,Furniture,Office,In-Store,2242.38,42,829.27
South,Sports,Gym,Online,15800.32,64,4964.6
South,Electronics,Phones,Mobile,53538.96,118,9664.54
West,Clothing,Kids,Online,9584.01,83,4042.18
West,Electronics,Accessories,In-Store,22536,100,3556.92
West,Clothing,Men,Online,39081,105,16284.61
North,Clothing,Women,Mobile,29825.95,127,6264.46
West,Groceries,Bakery,In-Store,22637.36,106,5357.03
West,Clothing,Men,In-Store,9279,20,2762.17
North,Clothing,Men,Mobile,20788.8,80,7165.22
West,Groceries,Dairy,In-Store,4707.92,56,523.45
West,Electronics,Accessories,Mobile,865.59,3,331.17
East,Groceries,Bakery,In-Store,11814,150,4889.01
South,Beauty,Haircare,Online,22001.2,52,6033.73
North,Furniture,Bedroom,Online,20513.22,78,3944.81
North,Clothing,Men,Online,26404.8,160,6102.25
West,Beauty,Skincare,Online,5998.96,88,634.86
South,Furniture,Living Room,Mobile,3433.2,60,1062.7
North,Sports,Gym,Online,75152.07,153,24630.77
East,Electronics,Accessories,Online,37355.82,129,5104.62
South,Sports,Team Sports,Mobile,973.12,4,247.69
West,Electronics,Laptops,Mobile,3954.51,21,1575.97
East,Furniture,Living Room,In-Store,40758.3,198,10799.57
South,Groceries,Dairy,Online,2697.8,164,1047.91
West,Clothing,Men,Mobile,44662.32,93,18855.55
North,Sports,Gym,Mobile,52086.4,160,6600.8
West,Sports,Outdoor,Online,31510.92,196,8647.21
East,Clothing,Men,Mobile,28550.3,146,10740.62
West,Clothing,Men,Mobile,21330.89,161,9572.63
South,Groceries,Dairy,In-Store,4652.05,65,737.42
East,Groceries,Dairy,Online,33347.88,102,13132.66
East,Electronics,Accessories,In-Store,21244,100,6966.89
South,Clothing,Men,Online,2001.23,113,724.9
West,Sports,Gym,In-Store,77966.68,158,15982.78
East,Sports,Gym,In-Store,8756.93,91,1292.48
East,Electronics,Phones,Online,14827.12,56,2731.32
West,Sports,Team Sports,In-Store,5424,100,2123.9
North,Electronics,Phones,In-Store,33029.6,82,1687.01
South,Electronics,Tablets,Online,39892.82,86,11615.61
North,Clothing,Women,Mobile,939.84,4,199.42
South,Groceries,Dairy,Mobile,47684.02,163,13366.99
North,Furniture,Bedroom,Online,3822.84,164,1299.9
South,Sports,Outdoor,Mobile,13735.56,58,3957.97
West,Sports,Gym,In-Store,2659.56,74,522.38
North,Beauty,Skincare,Online,54028.7,110,22483.94
North,Electronics,Laptops,In-Store,20573.39,139,2164.8
North,Furniture,Living Room,Online,25180.72,74,2912.22
West,Beauty,Skincare,Mobile,28789.56,138,3052.17
North,Furniture,Office,Mobile,38074.08,132,5190.19
East,Beauty,Haircare,In-Store,38516.72,88,15504.18
South,Beauty,Haircare,Online,13499.42,86,3109.54
East,Beauty,Skincare,In-Store,19256.52,92,1587.12
West,Groceries,Bakery,Online,36927,165,3422.48
West,Beauty,Haircare,Online,52938,153,20727.32
South,Groceries,Produce,Online,960.21,141,61.3
South,Groceries,Bakery,Online,14283.36,36,862.92
South,Furniture,Bedroom,Online,64940.55,185,24173.17
North,Electronics,Phones,In-Store,38604.6,81,9902.1
South,Beauty,Makeup,Mobile,18470.43,81,3376.54
North,Clothing,Women,Mobile,10144.75,55,3756.09
North,Beauty,Haircare,In-Store,6881.62,181,745.75
North,Groceries,Bakery,Mobile,30631.2,80,8095.42
North,Clothing,Women,Mobile,22972.14,54,10222.92
South,Groceries,Produce,Online,34704.82,103,12419.65
South,Groceries,Dairy,Online,69217.2,180,12258.41
West,Furniture,Office,Online,58823.68,128,5762.58
North,Furniture,Office,Mobile,754.16,11,176.95
North,Sports,Team Sports,Online,374.91,1,144.09
North,Electronics,Laptops,Online,2714.67,21,230.15
South,Sports,Team Sports,Online,10582.1,145,2185.75
North,Sports,Gym,In-Store,4866.38,62,2160.67
North,Electronics,Tablets,Mobile,10116.63,89,3646.67
South,Electronics,Tablets,In-Store,356.7,5,131.36
South,Sports,Outdoor,In-Store,1562.64,17,123.09
East,Sports,Team Sports,Online,18055.2,120,2380.23
East,Furniture,Office,Online,64217.2,185,3759.88
West,Beauty,Makeup,In-Store,20984.6,130,6926.56
East,Sports,Gym,Online,18173.1,55,2761.24
North,Clothing,Men,In-Store,19651.95,45,5999.47
West,Beauty,Makeup,Online,49488.51,137,10705.57
East,Clothing,Men,Online,11628.06,129,2174.69
East,Groceries,Bakery,Mobile,1515.24,6,144.61
North,Beauty,Skincare,In-Store,25263.36,54,2884.56
North,Electronics,Accessories,Online,10971.6,123,2533.7
North,Furniture,Office,In-Store,55978.56,114,24927.05
East,Electronics,Laptops,Mobile,48826.43,101,18539.72
North,Clothing,Kids,Online,23114.77,49,7418.58
North,Electronics,Tablets,Mobile,2262.14,19,163.91
North,Beauty,Makeup,Online,26340.08,104,1593.66
North,Sports,Outdoor,Online,77925.12,156,16456.83
North,Groceries,Produce,Mobile,2304.21,89,829.99
West,Clothing,Kids,Online,52289.55,135,12078.6
South,Sports,Gym,Online,9011.84,32,2846.36
South,Electronics,Accessories,Online,68377.85,185,12667.71
West,Furniture,Living Room,Mobile,77975.58,177,7450.76
South,Beauty,Haircare,Online,5703.92,148,2379.51
South,Groceries,Produce,Mobile,26545.48,71,9608.04
East,Groceries,Dairy,Online,1977.36,24,384.53
North,Sports,Gym,Online,4623,30,1340.38
South,Clothing,Kids,Mobile,5827.26,51,717.18
North,Electronics,Accessories,Mobile,4984.2,45,1913.18
South,Clothing,Women,In-Store,12165.36,173,2502.27
North,Electronics,Phones,Online,48051.15,105,18272.79
South,Clothing,Kids,Mobile,11040.64,52,3405.84
West,Beauty,Skincare,Online,12958.56,72,5558.51
South,Beauty,Haircare,In-Store,2138.07,93,241.23
North,Furniture,Living Room,Mobile,24242.26,49,5158.53
South,Furniture,Office,In-Store,17748.48,192,7226.78
South,Beauty,Skincare,Online,3930.48,18,1097.44
East,Electronics,Phones,In-Store,2151.72,36,285.65
South,Beauty,Haircare,Mobile,32421.6,95,13893.59
South,Sports,Team Sports,Mobile,8532.72,28,2786.8
East,Furniture,Office,In-Store,4832.85,55,1282.66
West,Electronics,Accessories,Online,38534.87,121,11964.16
West,Furniture,Office,Mobile,2949.9,15,377.01
North,Furniture,Bedroom,Mobile,11455.56,108,4750.18
East,Groceries,Produce,Mobile,52431.68,178,7203.41
South,Sports,Outdoor,Online,51216.76,196,9515.26
West,Electronics,Laptops,In-Store,24174.87,191,3433.49
South,Electronics,Tablets,Mobile,60423.76,184,17726.75
North,Clothing,Kids,In-Store,34984.18,154,7640.76
North,Electronics,Accessories,Online,38687.13,83,13649.69
North,Beauty,Skincare,Online,3570.68,178,195.11
South,Sports,Outdoor,Mobile,26581.83,109,3112.89
North,Beauty,Haircare,Mobile,880.86,2,383.48
East,Sports,Gym,Mobile,60663.46,143,14465.86
West,Beauty,Skincare,In-Store,2833.6,20,1249.8
South,Electronics,Laptops,Online,45720.05,109,14074.82
East,Beauty,Haircare,Online,6000.54,78,1911.04
West,Furniture,Living Room,Online,68821.98,138,11752.93
East,Groceries,Bakery,Online,43707.4,110,2473.38
West,Electronics,Accessories,In-Store,8407.35,63,790.41
East,Groceries,Produce,Mobile,59626.83,181,18279.62
North,Electronics,Laptops,Online,15424.05,31,1456.41
West,Clothing,Women,Online,22902.03,57,9433.89
East,Furniture,Bedroom,Online,10120.24,74,1107.86
South,Sports,Team Sports,Online,15460.48,34,4481.41
West,Furniture,Living Room,Mobile,37331.13,93,2792.33
North,Beauty,Skincare,Online,81785.16,164,25281.43
South,Furniture,Office,Online,20169.38,154,3554.58
South,Clothing,Women,In-Store,11451.3,35,2729.72
East,Beauty,Skincare,Mobile,64137.38,139,23608.23
East,Clothing,Women,In-Store,58948.51,139,13458.92
West,Sports,Gym,Online,69875.25,151,7979.45
West,Electronics,Tablets,Online,21488.74,182,9232.39
North,Groceries,Dairy,In-Store,10846.34,34,611.13
West,Electronics,Accessories,In-Store,26223.95,97,1991.92
South,Groceries,Bakery,In-Store,2560.56,6,859.16
North,Beauty,Skincare,In-Store,23891.5,142,7851.01
East,Groceries,Dairy,In-Store,26786.94,82,11117.38
West,Sports,Gym,In-Store,10857.21,39,556.38
West,Beauty,Makeup,Online,20423.1,57,7552.22
East,Sports,Gym,Mobile,33399.9,74,8469.31
West,Clothing,Men,Mobile,11707.7,106,1589.71
South,Sports,Outdoor,Online,7002.12,43,788.64
North,Sports,Outdoor,Online,32838.08,88,4427.84
South,Electronics,Tablets,Mobile,26525.22,59,7570.45
North,Groceries,Bakery,Mobile,16260.48,64,3887.36
East,Sports,Outdoor,Mobile,1304.24,17,200.07
East,Electronics,Phones,Online,42929.26,166,4162.55
North,Sports,Outdoor,In-Store,26313,70,5442.96
North,Furniture,Bedroom,Mobile,42888,150,8642.28
North,Beauty,Haircare,In-Store,20612.34,114,6529.55
East,Sports,Gym,Online,53992.5,138,2931.89
North,Sports,Gym,In-Store,53277.12,156,9383.74
South,Electronics,Phones,In-Store,9140.04,189,3189
South,Electronics,Accessories,Online,2266.35,145,982.53
South,Groceries,Dairy,Online,1314.32,8,296.13
East,Sports,Outdoor,In-Store,11951.34,102,2832.51
South,Groceries,Dairy,In-Store,7511.92,104,2778.29
South,Clothing,Women,In-Store,14341.92,48,4986.81
North,Furniture,Bedroom,Online,8259.75,75,859.39
East,Beauty,Makeup,In-Store,35975.68,92,2554.77
South,Beauty,Makeup,Mobile,637.02,2,54.61
North,Beauty,Skincare,In-Store,2519.19,23,294.4
South,Clothing,Women,In-Store,26384.4,90,3435.44
South,Beauty,Haircare,In-Store,4854.8,53,2176.89
South,Clothing,Men,Online,28203.84,144,6532.48
South,Groceries,Produce,In-Store,2913.57,81,228.32
West,Sports,Team Sports,In-Store,73800.79,161,8463.64
West,Beauty,Makeup,Online,19369,100,4244.84
East,Clothing,Men,Mobile,4833.71,199,1744.54
East,Beauty,Haircare,In-Store,16340.95,103,2094.56
South,Groceries,Bakery,Online,44609.33,97,3723.82
South,Beauty,Makeup,Online,77257.62,198,6060.14
West,Groceries,Dairy,Online,6001.52,28,2048.82
North,Beauty,Makeup,Online,743.7,30,333.34
North,Furniture,Office,Mobile,4041,10,300.68
North,Groceries,Produce,Online,6692.73,33,2718.56
North,Beauty,Makeup,In-Store,24370.08,84,10931.35
East,Furniture,Living Room,In-Store,7907.84,32,951.72
West,Groceries,Bakery,In-Store,1017.81,43,58.83
South,Electronics,Laptops,Online,41548.32,172,15654.48
West,Groceries,Produce,Online,8808.84,36,2835.87
North,Sports,Gym,Online,1395.87,119,291.61
North,Electronics,Phones,Mobile,25509.12,52,3756.88
North,Furniture,Office,In-Store,51742.75,139,15885.18
West,Furniture,Bedroom,Online,29668.28,172,5112.16
South,Beauty,Skincare,Mobile,17214.25,185,7492.15
North,Groceries,Bakery,Mobile,15092.43,51,950.45
North,Electronics,Accessories,In-Store,3838.38,133,1368.21
North,Groceries,Produce,Online,2617.82,19,241.09
West,Sports,Team Sports,Online,73430.22,177,22868.04
East,Sports,Team Sports,Mobile,22689.24,84,5088.56
West,Sports,Gym,Mobile,33983.2,80,8545.88
North,Groceries,Dairy,Online,41825.7,126,3046.97
North,Sports,Team Sports,Online,35671.45,145,3172.13
North,Furniture,Office,Online,59610.65,121,12670.75
East,Furniture,Bedroom,Mobile,1723.62,46,696.27
South,Clothing,Kids,Mobile,2128.6,5,370.39
West,Furniture,Office,In-Store,1597.7,65,139.27
South,Groceries,Produce,Mobile,63344.52,179,5264.17
West,Groceries,Produce,Mobile,16258.47,69,4405.26
South,Groceries,Bakery,Mobile,1731.9,138,422.87
South,Furniture,Living Room,In-Store,6208.02,21,611.57
West,Beauty,Haircare,Mobile,11304.5,115,2711.17
South,Clothing,Women,Online,28996.66,77,9197.97
West,Groceries,Bakery,Online,29183.4,186,3168.43
North,Furniture,Office,Online,12011.56,44,1358.71
North,Groceries,Dairy,In-Store,51124.68,118,11613.55
North,Groceries,Dairy,Online,1004.37,3,191.21
West,Furniture,Office,Mobile,31441.6,160,9113.45
North,Sports,Outdoor,Mobile,14973.84,56,904.72
East,Sports,Gym,Mobile,39862.5,150,8242.02
North,Groceries,Produce,Online,37173.06,138,5561
North,Sports,Gym,In-Store,25698.96,56,1798.94
West,Groceries,Produce,Online,51380.52,103,6880.08
North,Sports,Team Sports,In-Store,12454.26,39,3589.28
East,Sports,Team Sports,Online,57466.76,169,18400.74
North,Sports,Team Sports,Online,33837.56,86,13185.25
West,Sports,Gym,Online,9800.76,53,3792.77
South,Sports,Outdoor,Mobile,8493.87,77,1080.15
East,Clothing,Kids,In-Store,30163.97,193,10694.53
West,Electronics,Phones,In-Store,4561.04,22,621.79
South,Sports,Gym,In-Store,31802.1,66,1960.17
South,Sports,Gym,Online,28340.71,139,8288.28
West,Clothing,Women,In-Store,2762.65,11,599.15
South,Furniture,Bedroom,In-Store,32309.48,161,8472.31
West,Beauty,Haircare,Online,2993.2,140,544.41
South,Sports,Team Sports,In-Store,30778.86,174,13402.94
East,Electronics,Phones,Online,30807,175,11744.8
East,Sports,Team Sports,Online,39239.72,118,10764.29
South,Beauty,Haircare,Mobile,25440.58,197,10458.37
South,Sports,Outdoor,In-Store,11286.24,24,3217.96
South,Beauty,Haircare,Mobile,49939.2,136,8144.98
East,Groceries,Produce,Online,21540.26,53,3986.5
West,Furniture,Bedroom,Online,106.61,1,28.33
East,Groceries,Dairy,Online,9721.8,22,4235.41
South,Electronics,Accessories,Online,1634.28,4,650.71
North,Electronics,Laptops,In-Store,29816.16,88,7139.17
East,Groceries,Bakery,Online,62596.3,130,15491.12
South,Sports,Team Sports,In-Store,6432.18,158,1327.88
South,Clothing,Women,Online,29137.2,60,9822.28
North,Electronics,Tablets,Mobile,9599.04,176,2552.47
South,Furniture,Bedroom,In-Store,62878.47,129,21360.54
North,Electronics,Tablets,Mobile,40513.35,115,8355.49
West,Electronics,Phones,In-Store,25170.6,78,5999.38
South,Furniture,Bedroom,Mobile,10177.44,52,2270.47
East,Electronics,Laptops,In-Store,49463.37,187,6660.86
South,Groceries,Produce,In-Store,34286.45,187,9871.95
West,Clothing,Women,In-Store,24447,100,3687.91
North,Groceries,Produce,Online,35592.68,163,14156.16
North,Clothing,Kids,In-Store,57802.14,198,22090.65
West,Groceries,Produce,In-Store,3077.1,13,647.72
North,Groceries,Bakery,Mobile,3996.08,76,201.84
South,Clothing,Women,In-Store,2615.11,17,587.75
North,Sports,Gym,Online,60039.98,182,19873.17
East,Electronics,Accessories,In-Store,1209.88,116,69.35
West,Clothing,Kids,Mobile,13630.26,46,2792.08
South,Clothing,Kids,In-Store,2764.48,32,723.73
North,Clothing,Kids,Online,11425.4,70,1800.53
South,Electronics,Laptops,Online,20109.54,66,3892.12
South,Electronics,Tablets,Mobile,76618.92,159,12765.83
South,Clothing,Kids,Mobile,70341.25,175,30769.02
West,Electronics,Accessories,Online,5540.09,53,864.01
West,Sports,Team Sports,In-Store,18844.56,84,1895.82
East,Clothing,Men,In-Store,1286.12,11,444.25
West,Electronics,Tablets,Online,34683.88,154,3111.73
North,Furniture,Office,Mobile,13099.5,150,3684.47
South,Groceries,Dairy,Online,23953.54,181,10512.52
North,Furniture,Living Room,Online,35782.68,124,13594.8
West,Sports,Gym,In-Store,66869.12,163,16561.95
West,Clothing,Women,Mobile,50175.84,129,9700.88
West,Clothing,Men,In-Store,26424.44,133,11083.35
North,Beauty,Makeup,Mobile,53811.35,149,16308.21
South,Sports,Gym,Mobile,10771.2,198,4399.39
East,Beauty,Skincare,Online,74140.88,173,22654.51
South,Groceries,Dairy,Online,29146.26,78,8239.86
South,Groceries,Produce,In-Store,989.8,70,65.39
East,Beauty,Makeup,In-Store,80093.55,179,8680.53
South,Clothing,Women,Mobile,9245.44,128,1925.88
North,Clothing,Kids,Mobile,12664.08,132,4325.25
North,Beauty,Haircare,In-Store,11778.76,92,1835.52
North,Groceries,Dairy,Online,17510,170,5901.37
East,Groceries,Bakery,Online,4168.14,127,1080.19
East,Sports,Team Sports,In-Store,16543.56,151,4015.86
West,Electronics,Accessories,Mobile,18391.28,136,4185.39
North,Electronics,Laptops,Online,2615.8,164,468.32
North,Furniture,Office,Online,20186.04,196,7768.41
West,Electronics,Laptops,In-Store,5331.63,69,709.87
North,Beauty,Skincare,Online,15406.02,126,4726.82
North,Furniture,Living Room,Online,12724.52,92,2466.73
North,Furniture,Office,In-Store,37378.31,193,6688.88
West,Beauty,Makeup,In-Store,46501.58,109,5167.31
South,Clothing,Women,In-Store,8335.14,173,1391.44
North,Sports,Team Sports,In-Store,23993.9,151,6099.82
West,Groceries,Produce,Mobile,8079.24,26,2312.94
West,Furniture,Living Room,Online,27960.36,164,2273.27
West,Sports,Team Sports,In-Store,35596.5,150,6003.25
North,Sports,Gym,Mobile,33547.9,74,13178.46
South,Groceries,Dairy,In-Store,43748.82,153,15181.94
South,Sports,Team Sports,In-Store,69552,184,15519.95
East,Sports,Outdoor,Mobile,39948.72,84,6541.02
West,Sports,Outdoor,Online,1281.4,4,292.41
South,Furniture,Living Room,In-Store,11562.86,67,4264.62
South,Beauty,Haircare,Mobile,64399.68,144,15116.43
East,Sports,Outdoor,Mobile,26483.38,58,9185.39
West,Electronics,Phones,Mobile,1289.6,32,453.01
East,Groceries,Produce,In-Store,924.84,12,344.45
South,Furniture,Office,Online,10955.88,156,4234.98
South,Furniture,Office,In-Store,5486.07,17,2422.65
West,Clothing,Kids,In-Store,4937.34,71,1245.43
South,Furniture,Living Room,Online,11165.76,96,951.98
South,Electronics,Laptops,Online,33631.09,79,10916.85
East,Clothing,Kids,Mobile,18975.2,40,4567.99
North,Clothing,Women,Mobile,41835.77,199,2884.09
North,Clothing,Kids,Mobile,9972.48,21,1279.63
South,Clothing,Kids,Mobile,20089.52,44,6826.7
East,Furniture,Office,Online,3448.88,76,540.76
West,Sports,Gym,Online,12447.26,67,2867.6
West,Clothing,Kids,In-Store,6286.54,13,2367.15
East,Furniture,Bedroom,Mobile,21638.64,58,8286.33
East,Groceries,Produce,Mobile,23118.56,59,2422.5
North,Sports,Outdoor,Online,3855.24,9,841.24
South,Electronics,Tablets,Mobile,33068.88,104,1886.41
East,Beauty,Haircare,In-Store,18196.08,84,1967.98
South,Sports,Gym,Mobile,20316.32,76,7941.07
East,Sports,Gym,In-Store,60439.6,130,15659.52
East,Beauty,Haircare,Mobile,945.6,96,370.2
West,Furniture,Living Room,Mobile,11479.68,48,736.88
East,Furniture,Bedroom,Mobile,21920.8,176,7999.7
South,Groceries,Dairy,In-Store,82635.8,185,7608.08
East,Sports,Team Sports,Online,97788.6,199,31186.09
North,Electronics,Phones,In-Store,54236.62,127,23101.15
West,Furniture,Office,Online,6341.25,19,763.14
East,Sports,Outdoor,Online,18764.12,106,4053.13
East,Electronics,Laptops,Online,21372.48,82,4861.73
South,Beauty,Skincare,Mobile,17601.57,139,7559.2
East,Beauty,Skincare,Mobile,91355.3,191,39778.93
West,Electronics,Phones,In-Store,13846.52,82,2242.95
West,Groceries,Bakery,Online,577.36,8,232.01
South,Clothing,Kids,Online,43318.8,126,7672.53
West,Beauty,Skincare,Mobile,18005.52,174,7813.19
North,Electronics,Laptops,Online,36137.76,158,8297.47
East,Sports,Gym,Online,16346.33,161,1045.73
North,Beauty,Haircare,Mobile,46153.53,141,19502.98
North,Beauty,Skincare,In-Store,3142.3,134,276.05
East,Furniture,Bedroom,Online,70255.9,187,27730.6
East,Sports,Gym,Online,96909.02,199,19160.96
North,Beauty,Skincare,Online,42999.16,167,7511.78
South,Beauty,Haircare,Mobile,11630.88,123,4706.49
North,Beauty,Makeup,Mobile,13328.28,54,5976.93
West,Clothing,Men,Online,27332.7,155,9974.95
West,Sports,Team Sports,In-Store,16967.7,85,3973.4
South,Sports,Team Sports,In-Store,2218.4,40,417.95
East,Groceries,Produce,Online,60087.43,151,5683.23
North,Groceries,Dairy,In-Store,32653.06,131,4022.02
West,Furniture,Living Room,Online,42179.2,98,17653.48
North,Clothing,Women,Mobile,17446.8,186,1763.32
South,Electronics,Laptops,Mobile,46120.88,104,5809.86
West,Clothing,Men,Mobile,51545.37,141,15742.63
South,Beauty,Makeup,In-Store,41543.25,123,7627.73
West,Furniture,Office,Online,9988.25,25,4420.89
East,Sports,Team Sports,In-Store,63950.81,157,19584.21
East,Electronics,Tablets,In-Store,61725.25,185,21880.77
South,Sports,Gym,Mobile,633.6,72,283.76
North,Furniture,Living Room,Mobile,30051.8,139,8496.48
North,Electronics,Tablets,Online,9311.01,149,1465
East,Sports,Team Sports,Mobile,15173.76,96,5799.26
West,Clothing,Men,Online,1613.16,36,699.72
South,Electronics,Phones,In-Store,25091.92,74,6559.85
South,Electronics,Laptops,In-Store,8063.98,19,2559.46
South,Electronics,Accessories,In-Store,20953.46,101,6815.39
South,Sports,Outdoor,In-Store,28010.25,59,6503.66
East,Beauty,Haircare,In-Store,7515.42,33,1268.39
West,Groceries,Produce,In-Store,73353.08,167,11702.84
West,Groceries,Dairy,Mobile,26196.07,131,7191.86
East,Electronics,Laptops,In-Store,27710.2,70,11328.92
North,Electronics,Laptops,Online,49358.22,191,9887.02
South,Groceries,Dairy,In-Store,71468.25,175,10648.9
West,Sports,Gym,Online,5311.96,164,783.03
South,Sports,Team Sports,In-Store,13.29,1,4.43
North,Sports,Team Sports,In-Store,4310.46,99,1317.12
East,Beauty,Haircare,In-Store,3835.53,9,1337.14
East,Groceries,Bakery,Online,57278.55,147,13914.62
North,Groceries,Produce,Online,13482.03,113,5446.87
South,Clothing,Men,Online,11881.44,36,3017.44
East,Furniture,Living Room,Online,7570.78,34,2985.36
North,Electronics,Tablets,Mobile,53030.64,156,5632.55
South,Electronics,Laptops,Mobile,7389.86,38,1216.05
West,Electronics,Phones,Online,1898.71,11,430.37
West,Beauty,Makeup,In-Store,42413,166,5470.47
West,Beauty,Haircare,Mobile,5046.48,12,1799.41
North,Furniture,Office,Mobile,2199.75,175,122.56
East,Clothing,Kids,In-Store,6885.18,29,943.18
South,Clothing,Women,In-Store,52603.44,136,6550.72
West,Groceries,Bakery,In-Store,28606.05,99,4918.7
East,Furniture,Living Room,Mobile,20707.7,85,9103.04
West,Beauty,Makeup,In-Store,5426.05,185,2187.73
East,Sports,Team Sports,Mobile,6949.68,138,1149.59
West,Sports,Outdoor,In-Store,44674.32,101,3121.14
West,Electronics,Accessories,In-Store,43970.85,105,7314.22
West,Electronics,Accessories,Online,24179.31,81,9756.47
West,Electronics,Accessories,In-Store,2635.8,115,212.33
East,Groceries,Dairy,Online,37025.47,83,11703.48
East,Beauty,Skincare,Online,5871.36,32,1226.97
North,Electronics,Laptops,Mobile,3631.25,175,936.77
North,Electronics,Tablets,Mobile,2984.06,31,206.45
South,Furniture,Bedroom,Mobile,50556,120,8706.67
East,Groceries,Dairy,Mobile,28925.82,154,10999.13
South,Electronics,Accessories,Mobile,12852,136,4310.3
West,Beauty,Skincare,Online,51277.35,115,4307.26
South,Beauty,Makeup,In-Store,13414.74,71,3416.58
North,Clothing,Men,Online,1385.52,184,99.6
East,Clothing,Kids,In-Store,16697.12,176,2099.36
South,Sports,Team Sports,Online,75853.28,164,24323.09
North,Electronics,Tablets,In-Store,663.42,6,214.72
South,Groceries,Bakery,Mobile,10811.79,99,1429.33
North,Electronics,Laptops,Online,24741.9,74,7739.74
South,Furniture,Office,Online,11729.97,63,3504.23
South,Electronics,Tablets,Online,21428.84,68,2754.47
East,Clothing,Kids,Mobile,65931.6,141,8364.45
East,Groceries,Dairy,Online,51548.76,153,17320.25
North,Sports,Gym,Online,39852.56,121,13794.74
North,Electronics,Phones,In-Store,6736.5,75,2007.42
South,Clothing,Kids,Mobile,6584.9,70,2011.3
West,Sports,Gym,Mobile,39192.48,136,13575.97
South,Clothing,Women,Online,17736.32,37,6097.78
West,Clothing,Women,Online,4160.58,51,272.5
South,Furniture,Office,In-Store,6417.45,195,2490.08
North,Clothing,Men,In-Store,35558.88,133,6149.79
West,Groceries,Produce,In-Store,3248.7,30,998.82
North,Furniture,Office,Online,9658.44,44,3941.94
West,Sports,Team Sports,Online,6936.26,157,2742.54
North,Sports,Gym,Online,26997.6,168,2706.01
West,Groceries,Produce,In-Store,79142.36,188,16197.65
East,Beauty,Makeup,In-Store,12149.06,46,5127.68
East,Electronics,Phones,In-Store,297.96,12,25.06
West,Clothing,Kids,Online,38916.4,85,15014.32
West,Furniture,Bedroom,In-Store,13781.6,161,1229.19
South,Groceries,Dairy,In-Store,12356.76,178,3372.51
West,Sports,Team Sports,Online,57287.16,179,11647.06
West,Furniture,Office,Mobile,65112.44,197,24601.13
West,Electronics,Tablets,In-Store,19529.51,77,6324.86
South,Electronics,Tablets,Online,21998.72,148,2545.25
West,Furniture,Living Room,In-Store,3211.6,148,747.31
South,Beauty,Makeup,In-Store,34246.8,151,11618.54
East,Clothing,Women,Mobile,28627.5,150,1809.33
West,Sports,Team Sports,In-Store,18803.04,129,3711.99
North,Sports,Team Sports,In-Store,32277.9,170,4073.02
West,Sports,Team Sports,Online,13717.08,36,1868.69
South,Clothing,Kids,Mobile,5726.31,23,1676.15
South,Clothing,Kids,In-Store,15686.97,57,2557.15
East,Clothing,Men,Online,28952.4,120,12941.32
North,Sports,Team Sports,Online,2556.06,6,549.23
South,Groceries,Produce,In-Store,40095.03,167,15185.85
East,Electronics,Accessories,In-Store,8814.57,129,1543.84
South,Beauty,Makeup,Online,70054.6,154,4735.68
North,Groceries,Bakery,Online,17822.4,158,4469.5
East,Sports,Outdoor,Mobile,20928.96,52,6303.36
West,Beauty,Makeup,In-Store,36369.96,118,12973.71
North,Sports,Team Sports,Mobile,366.72,6,55.9
West,Furniture,Office,In-Store,1127.84,8,152.41
East,Clothing,Women,Mobile,22584,150,4938.24
East,Groceries,Dairy,In-Store,8547.36,24,597.81
East,Clothing,Men,Mobile,2892.02,46,317.44
North,Groceries,Bakery,In-Store,6811.56,68,390.55
East,Beauty,Makeup,Mobile,369.93,3,96.2
North,Furniture,Living Room,Online,20580.99,57,4548.86
North,Groceries,Bakery,Mobile,61957.18,149,12054.32
North,Furniture,Office,Online,6892.2,28,2599.67
North,Furniture,Bedroom,In-Store,48819.11,167,6645.93
West,Furniture,Office,In-Store,1268.19,183,227.68
North,Sports,Outdoor,Online,8518.4,20,1251.23
West,Groceries,Produce,In-Store,19422.28,94,3186.67
South,Groceries,Dairy,In-Store,60229.56,181,6929.85
South,Clothing,Women,Mobile,15870.69,51,5758.04
East,Groceries,Produce,Online,9954.86,38,3181.7
East,Furniture,Bedroom,In-Store,66382.56,144,12987.88
West,Groceries,Dairy,In-Store,40912.4,92,13775.1
East,Sports,Outdoor,Online,62800.23,159,25508.23
South,Groceries,Produce,In-Store,8419.44,24,1867.99
West,Beauty,Haircare,Mobile,73048.92,199,23620.63
East,Sports,Outdoor,Online,28207.65,173,1504
West,Furniture,Office,Online,3604.5,89,1431.78
West,Electronics,Laptops,Mobile,18009.25,41,4521.92
South,Electronics,Tablets,In-Store,11517.22,143,1425.73
West,Electronics,Accessories,Mobile,38244.15,135,12851.98
South,Beauty,Haircare,Online,18757.5,50,6758.96
North,Clothing,Women,In-Store,19579.6,155,1459.84
South,Electronics,Phones,Online,376.5,1,39.53
North,Beauty,Makeup,Mobile,44304.08,94,15500.66
East,Furniture,Office,Online,29112.48,144,7025.53
West,Clothing,Men,Online,17254.72,56,3923.52
South,Electronics,Phones,Online,6460.5,177,1735.8
East,Sports,Outdoor,In-Store,9196.42,134,1608.94
West,Groceries,Bakery,In-Store,2508.48,48,701.86
South,Furniture,Bedroom,Mobile,14146.86,78,4017.48
West,Beauty,Makeup,Online,27465.68,88,6970.62
North,Furniture,Bedroom,Mobile,85363.56,177,12303.9
West,Clothing,Women,In-Store,26925.64,74,4100.25
South,Clothing,Women,In-Store,36332.4,170,10762.11
East,Beauty,Makeup,In-Store,1713.45,5,334.45
West,Beauty,Skincare,Mobile,3374.93,13,1355.85
West,Clothing,Kids,In-Store,5438.16,84,1169
East,Sports,Outdoor,Mobile,9048.65,65,457.11
East,Sports,Team Sports,Online,39171.24,106,12791.77
South,Sports,Outdoor,Mobile,29956.48,64,8865.8
North,Clothing,Men,In-Store,30071.01,111,5679.17
West,Clothing,Women,In-Store,8342.75,65,1917.29
East,Furniture,Office,Online,18193.3,43,6291.55
West,Electronics,Laptops,Mobile,13849.82,58,4600.83
West,Electronics,Phones,In-Store,2328.87,149,778.65
North,Electronics,Laptops,Online,21477.96,63,8017.03
East,Sports,Team Sports,In-Store,59278.6,166,21029.87
North,Groceries,Dairy,Mobile,37005.98,118,14965.26
East,Groceries,Produce,In-Store,37117.38,142,14235.62
West,Furniture,Living Room,In-Store,53064.51,183,6851.79
West,Beauty,Skincare,Online,45577.5,118,4599.32
East,Clothing,Kids,Online,11970,84,3834.13
East,Electronics,Phones,Online,38608.2,89,10733.96
West,Electronics,Phones,Mobile,41350.5,135,4250.25
South,Groceries,Dairy,Mobile,6804.78,69,1630.13
North,Sports,Gym,Online,63625.8,140,12612.01
West,Groceries,Dairy,Online,6167.59,19,2551.09
North,Beauty,Makeup,Online,3950.05,13,1150.32
East,Beauty,Makeup,In-Store,50744.88,123,15763.57
East,Beauty,Skincare,Online,71938.59,173,15397.7
North,Beauty,Makeup,Mobile,31103.52,84,12467.36
West,Furniture,Living Room,Mobile,25842.28,148,5678.76
North,Electronics,Accessories,Online,9958.32,72,1072.66
East,Beauty,Makeup,Online,51840.58,134,7685.88
East,Furniture,Bedroom,Online,66885.21,189,4823.69
North,Beauty,Haircare,Mobile,26814.91,59,1373.8
West,Beauty,Skincare,In-Store,799.54,7,250.21
West,Beauty,Haircare,Online,18586.58,74,1969.99
North,Electronics,Accessories,Mobile,2763.24,12,304.8
East,Clothing,Women,Mobile,3314.3,131,230.45
South,Clothing,Women,Online,46678.44,118,20316.61
East,Groceries,Dairy,In-Store,37491.2,128,6298.07
West,Electronics,Tablets,In-Store,41486.72,176,14035.35
East,Furniture,Bedroom,Online,3581.76,16,565.16
South,Sports,Gym,Online,45473.65,95,14922.83
West,Furniture,Office,In-Store,60627.1,170,24098.93
West,Furniture,Office,Online,35657.44,112,14792.86
West,Groceries,Produce,In-Store,46035.22,179,18834.97
South,Electronics,Tablets,Online,5859.36,18,2493.98
West,Sports,Gym,Online,16245.9,45,2834.91
North,Groceries,Dairy,Mobile,1410.69,177,426.79
North,Sports,Outdoor,Mobile,39977.9,95,7231.35
North,Sports,Team Sports,In-Store,76758,165,13731.68
West,Beauty,Skincare,In-Store,12878,47,834.32
North,Electronics,Tablets,Mobile,11780.31,93,4595.54
North,Clothing,Women,Online,934.7,13,100.24
South,Sports,Team Sports,In-Store,18159.88,92,4889.51
North,Furniture,Living Room,In-Store,69582.37,169,7198.66
South,Sports,Gym,Mobile,61852.92,129,5827.72
North,Clothing,Men,In-Store,40217.2,145,15455.03
East,Beauty,Makeup,Mobile,42614.4,192,12801.85
South,Beauty,Makeup,Mobile,1245.03,47,228.82
West,Electronics,Tablets,In-Store,51272.52,138,16900.4
East,Sports,Outdoor,Online,38185.54,157,9262.47
South,Electronics,Accessories,In-Store,11233.92,48,4162.06
North,Clothing,Kids,Mobile,13925.34,66,2312.87
East,Furniture,Living Room,In-Store,8534.26,94,3418.55
East,Electronics,Laptops,Mobile,26935.2,144,6875.94
South,Groceries,Dairy,Mobile,32002.5,85,10053.48
West,Furniture,Bedroom,Online,2768.7,110,836.75
North,Groceries,Dairy,Mobile,9621.69,39,682.32
North,Clothing,Men,Online,6982.44,124,2976.26
North,Electronics,Accessories,Online,2846.34,6,316.05
East,Electronics,Laptops,In-Store,71284.45,197,25889.35
West,Sports,Team Sports,Online,45680.28,101,9540.61
East,Groceries,Produce,Online,46532.72,104,9857.73
West,Sports,Gym,In-Store,10096.24,28,3322.63
North,Beauty,Skincare,In-Store,9889.36,74,3997.92
West,Groceries,Produce,In-Store,1207.35,9,262.98
West,Groceries,Dairy,Mobile,25043.08,74,3414.59
South,Sports,Team Sports,Online,34881.98,82,4469.64
North,Electronics,Phones,In-Store,55624.14,198,17489.62
West,Electronics,Laptops,Online,2152.5,150,512.89
South,Furniture,Bedroom,In-Store,3597.37,119,1366.49
South,Clothing,Women,In-Store,8902.38,23,2299.34
East,Electronics,Laptops,Mobile,26699.4,105,9752
West,Clothing,Kids,In-Store,59715.76,134,8118.05
West,Sports,Team Sports,In-Store,33988.28,139,5117.13
North,Beauty,Skincare,Mobile,22866.6,46,9457.3
North,Clothing,Kids,Online,75492.35,167,5632.69
East,Electronics,Tablets,Online,3103.68,53,1378.08
West,Sports,Outdoor,Mobile,74047.12,184,26310.33
West,Groceries,Bakery,In-Store,13047.33,51,1585.81
North,Electronics,Laptops,Mobile,12841,50,4325.09
South,Clothing,Women,Online,57823.75,125,6648.49
South,Beauty,Skincare,In-Store,4098.33,129,1030.5
West,Furniture,Living Room,In-Store,47894.4,180,20425.52
North,Sports,Gym,Mobile,8870.4,45,1136.66
East,Clothing,Kids,Online,27296.92,196,6955.49
South,Clothing,Kids,Mobile,70461.12,152,29124.52
West,Groceries,Produce,Online,5538.4,140,1164.1
West,Furniture,Bedroom,In-Store,8551.8,36,3583.02
South,Furniture,Bedroom,In-Store,483,46,153.92
South,Groceries,Bakery,Mobile,10959.84,177,3071.22
East,Furniture,Office,Mobile,15099,105,2254.59
East,Sports,Team Sports,Mobile,40122.24,192,2671.33
North,Clothing,Men,Online,58299.54,123,22709.8
West,Sports,Team Sports,In-Store,28813.35,61,2125.22
South,Electronics,Accessories,Mobile,502.15,55,129.63
West,Electronics,Laptops,Mobile,52837.65,135,21694.68
North,Beauty,Makeup,Mobile,60494.58,174,14745.91
North,Sports,Outdoor,Online,7702.74,18,3416.8
South,Electronics,Phones,Online,25541.25,147,10876.32
North,Groceries,Produce,Online,3880.42,101,483.75
West,Beauty,Haircare,Online,6571.29,33,637.35
South,Furniture,Office,In-Store,44023.54,158,11064.79
South,Beauty,Haircare,Mobile,2379.78,18,324.99
North,Groceries,Bakery,In-Store,450.09,3,98.15
West,Furniture,Living Room,In-Store,7969.28,64,778.63
North,Furniture,Bedroom,Mobile,50108.72,113,9727.59
North,Electronics,Tablets,Online,19956.64,184,7348.59
South,Electronics,Phones,Mobile,15365.7,105,6764.41
East,Groceries,Bakery,Mobile,17128.85,145,7700.57
East,Clothing,Men,Mobile,9819.11,49,3662
North,Electronics,Tablets,In-Store,65187.42,186,26001.66
South,Furniture,Office,Online,17800.7,170,3449.08
West,Furniture,Bedroom,In-Store,72832.32,171,3969.48
East,Beauty,Haircare,Mobile,40920.53,137,7400.66
South,Sports,Team Sports,In-Store,31984.68,91,4068.48
East,Clothing,Men,Online,2236,8,277.19
South,Sports,Outdoor,Mobile,11016,180,4065.93
North,Sports,Outdoor,Mobile,2697.12,36,478.4
West,Groceries,Produce,In-Store,21076.62,87,5339.31
West,Groceries,Bakery,Online,3449.25,27,763.28
East,Electronics,Laptops,Online,66168.24,184,18983.58
South,Sports,Gym,Mobile,8975.59,169,3170.7
East,Sports,Gym,Mobile,25757.25,61,8820.8
North,Beauty,Haircare,Mobile,28496.24,107,4409.28
West,Electronics,Phones,Mobile,2397.98,23,1036.53
East,Electronics,Accessories,In-Store,8003.4,60,1591.55
South,Beauty,Haircare,Mobile,26476.44,183,6456.13
East,Groceries,Bakery,Mobile,8066.25,125,1775.83
West,Clothing,Men,Online,12202.62,87,4586.79
South,Electronics,Phones,Online,4308.24,116,1389.2
South,Sports,Gym,Mobile,56246.52,132,14237.8
North,Electronics,Phones,In-Store,47755.99,149,20564.84
South,Electronics,Accessories,In-Store,42390.6,105,16795.4
East,Beauty,Makeup,Mobile,12161.24,26,4743.38
West,Groceries,Dairy,In-Store,72912.23,181,24274.41
West,Sports,Outdoor,In-Store,9198.8,52,1515.89
East,Electronics,Laptops,Online,3111.5,70,416.56
East,Beauty,Haircare,In-Store,36128.4,92,13119.99
West,Beauty,Makeup,Mobile,12653.41,77,4479.72
South,Furniture,Bedroom,Mobile,14210.58,29,3748.71
West,Beauty,Makeup,In-Store,5364.87,177,1270.08
West,Electronics,Tablets,Mobile,46206.44,118,10443.55
South,Electronics,Phones,Online,30159.44,92,3523.77
South,Clothing,Men,Online,2607.56,188,513.43
North,Clothing,Women,Mobile,575.04,32,154.92
South,Clothing,Men,Online,23914.38,97,8621.17
West,Sports,Outdoor,Online,551.22,3,173.23
West,Groceries,Dairy,Mobile,2315.28,33,940.07
West,Clothing,Kids,Mobile,41740.4,184,7419.55
South,Sports,Outdoor,Online,83680.8,170,9237.86
West,Clothing,Men,Online,1480.92,41,329.71
West,Furniture,Bedroom,Online,328.79,1,110.08
East,Clothing,Kids,Mobile,26047.32,118,7697.76
South,Furniture,Office,In-Store,23381.56,188,9968.73
East,Clothing,Women,Online,15705.69,39,2272.46
East,Groceries,Bakery,Online,167.16,4,22.89
West,Furniture,Living Room,Mobile,37231.9,134,2032.33
West,Groceries,Bakery,Mobile,26047.7,127,8897.2
South,Furniture,Bedroom,Mobile,16873.5,75,3179.16
East,Electronics,Accessories,Mobile,52575.9,130,22635.55
South,Furniture,Office,Online,40056.93,153,7280.55
West,Clothing,Women,Online,10789.2,30,3106.88
South,Beauty,Skincare,Mobile,10446.72,48,4555.52
South,Clothing,Women,Mobile,38342.4,160,15372.49
West,Sports,Team Sports,Mobile,21216.4,58,5849.83
East,Groceries,Bakery,Online,9280.36,76,1185.7
West,Clothing,Women,In-Store,66765.56,142,25066.99
West,Electronics,Tablets,Mobile,32025.6,180,1636.62
North,Sports,Gym,Online,14198.74,34,1972.26
South,Clothing,Women,In-Store,61897.55,143,23432.53
South,Electronics,Laptops,In-Store,14763.06,39,4121.6
East,Beauty,Makeup,Online,80569.92,178,27008.6
East,Clothing,Women,In-Store,41155.14,114,4376.77
South,Beauty,Makeup,In-Store,49714.56,108,4769.17
East,Sports,Gym,Online,1750.51,193,778.1
East,Groceries,Bakery,Online,10589.4,30,2116.64
South,Beauty,Makeup,Mobile,17392.96,52,2897.29
East,Furniture,Office,In-Store,17475.64,182,2976.97
West,Groceries,Dairy,In-Store,2979.9,126,420.76
North,Furniture,Living Room,Mobile,3001.5,87,1182.8
North,Sports,Outdoor,In-Store,29759.6,104,8606.78
West,Groceries,Bakery,Mobile,66359.19,157,25530.07
North,Clothing,Women,In-Store,26376.12,123,6377.01
East,Electronics,Tablets,Mobile,10046.25,141,2330.5
South,Clothing,Kids,Online,54401.2,140,5564.55
East,Furniture,Office,Online,24240.76,62,7824.38
South,Furniture,Office,Mobile,32363.52,147,5216.76
South,Electronics,Accessories,Mobile,1679.02,7,84.49
North,Groceries,Dairy,Mobile,16620.06,57,1247.81
South,Beauty,Skincare,Mobile,11158.89,57,2202.37
East,Groceries,Dairy,Online,26796.25,85,9284.28
East,Electronics,Laptops,Online,30970.58,179,11561.86
North,Furniture,Office,Mobile,38951.72,94,3623.51
West,Beauty,Haircare,Mobile,70325.82,162,9895.88
North,Electronics,Laptops,Mobile,411.1,2,66.94
West,Furniture,Office,Online,1691.86,58,406.02
North,Clothing,Men,Mobile,51746.56,128,3627.69
South,Furniture,Office,In-Store,58717.54,158,12359.51
North,Clothing,Women,Mobile,5868.45,81,1959.57
South,Clothing,Women,Online,18695.54,43,3022.95
South,Electronics,Accessories,Online,53088.66,129,12344.61
South,Groceries,Bakery,Online,2168.76,186,313.14
South,Beauty,Skincare,In-Store,201.24,1,70.15
West,Sports,Gym,Mobile,20746.12,68,2805.14
South,Furniture,Bedroom,Mobile,7640.92,58,1058.86
West,Electronics,Laptops,Online,3759.2,127,582.57
North,Sports,Outdoor,Mobile,48528,144,11097.37
East,Furniture,Bedroom,Online,4924.4,40,1096.05
South,Groceries,Bakery,Mobile,28256.8,88,8390.03
South,Furniture,Office,Online,5669.82,117,681.49
East,Electronics,Tablets,Online,39047.68,128,3901.77
East,Clothing,Men,Mobile,3879.45,185,1330.43
West,Clothing,Women,Mobile,6789.44,196,2609.98
East,Beauty,Haircare,In-Store,24596.09,107,3405.08
North,Beauty,Skincare,Mobile,1134.72,72,431.53
West,Beauty,Makeup,Mobile,19211.85,189,8183.66
West,Beauty,Haircare,In-Store,75065.44,179,8469.23
West,Beauty,Makeup,In-Store,55744.5,150,13401.51
North,Beauty,Skincare,In-Store,44636.58,158,8435.43
South,Clothing,Women,Online,44403.35,113,9796.54
North,Beauty,Haircare,Online,18948.72,42,4342.37
South,Groceries,Bakery,In-Store,37614.78,107,3354.43
South,Sports,Team Sports,Online,13453.44,196,3509.86
East,Furniture,Office,Mobile,13436.09,163,5284.94
West,Electronics,Phones,Online,5511.44,22,2458.62
North,Beauty,Skincare,Mobile,30229.56,131,12865.63
South,Furniture,Bedroom,Mobile,7588.63,17,1786.94
East,Groceries,Bakery,Mobile,6825.81,47,2528.32
West,Electronics,Tablets,Online,52111.72,106,18368.66
North,Clothing,Kids,In-Store,2434.2,12,354.18
West,Clothing,Kids,Online,12580.37,121,2415.54
South,Sports,Gym,In-Store,7693.38,162,2151.07
East,Furniture,Living Room,Online,2315.25,135,844.61
North,Clothing,Women,Online,63868.2,132,20960.43
South,Beauty,Haircare,Mobile,30234.07,199,13012.92
East,Groceries,Dairy,Mobile,25518.36,84,7393.57
South,Beauty,Skincare,Mobile,14375.5,50,1924.28
South,Beauty,Makeup,Mobile,19828.3,74,2756.13
West,Clothing,Men,Mobile,61771.08,151,27246.28
West,Groceries,Produce,In-Store,4757.6,152,1072.77
South,Sports,Team Sports,Mobile,13096.15,37,1820.06
East,Electronics,Phones,Mobile,28274.96,98,11476.3
North,Electronics,Phones,Online,85062.64,178,12280.32
East,Electronics,Laptops,Online,21162.39,137,7053.21
North,Furniture,Office,Mobile,35962.32,174,8405.45
North,Groceries,Dairy,Mobile,60389.36,188,19417.76
South,Groceries,Dairy,Online,22397.32,109,8603.13
South,Beauty,Haircare,In-Store,28872,60,12573.19
South,Sports,Team Sports,Mobile,40534.59,127,3443.21
South,Electronics,Accessories,In-Store,24528.35,77,4637.97
East,Clothing,Men,Online,16984.92,118,7426.08
West,Beauty,Skincare,Online,7385,70,1843.86
East,Sports,Team Sports,In-Store,10297.98,198,799.82
South,Furniture,Office,In-Store,28334.68,142,6766.32
East,Clothing,Women,Online,578.24,16,180.58
South,Sports,Gym,Online,74336.36,178,17499.61
East,Sports,Team Sports,Online,9599.29,29,4041.56
South,Groceries,Produce,Mobile,4009.28,176,1090.99
North,Furniture,Living Room,Mobile,8941.25,23,3901.12
North,Sports,Gym,Online,26491.4,92,2174.75
West,Beauty,Skincare,Online,46946.9,143,2934.9
North,Sports,Outdoor,Online,74538.36,156,32723.81
East,Beauty,Skincare,Mobile,3573.68,124,424.81
East,Electronics,Tablets,In-Store,50004.99,147,8585.17
North,Electronics,Phones,In-Store,6087.6,60,856.77
North,Furniture,Office,In-Store,72527.24,149,20390.2
North,Clothing,Kids,Mobile,45180.18,162,15857.97
West,Clothing,Kids,Online,66182.4,135,5100.36
South,Beauty,Haircare,Mobile,8277.64,28,2568.97
East,Sports,Team Sports,In-Store,36489.03,111,6899.41
South,Groceries,Bakery,Mobile,33242.65,185,2702.14
East,Furniture,Office,In-Store,4582.5,13,1733.12
West,Groceries,Bakery,Online,18617.04,52,7720.08
West,Groceries,Produce,In-Store,12588.66,63,1966.68
West,Clothing,Men,Mobile,30536.73,151,7154.94
West,Electronics,Laptops,In-Store,418.86,13,57
West,Beauty,Makeup,Mobile,5712.68,17,331.14
East,Electronics,Phones,Mobile,8931.23,49,854.74
South,Clothing,Kids,Mobile,827.46,18,137.62
South,Groceries,Bakery,Mobile,32094.42,114,12441.62
West,Furniture,Living Room,Online,12145.14,54,4043.13
East,Electronics,Tablets,Online,39524.4,120,6728.77
South,Clothing,Women,Online,6493.32,68,2665.73
South,Clothing,Women,Mobile,73576.5,150,23391.66
West,Furniture,Living Room,In-Store,12732.66,114,5550.74
East,Sports,Gym,Online,8768.48,56,2014.13
North,Sports,Outdoor,Online,29588.66,158,3057.73
South,Beauty,Skincare,Mobile,50299.02,103,21163.14
West,Sports,Outdoor,In-Store,15868.62,46,3422.51
South,Beauty,Haircare,In-Store,22615.14,74,5955.18
West,Sports,Outdoor,Mobile,34921.44,144,14200.17
West,Clothing,Kids,In-Store,574.76,4,163.1
West,Clothing,Men,In-Store,15573.3,183,5987.01
East,Groceries,Produce,Online,9589.38,181,2733.45
East,Beauty,Haircare,In-Store,36448.88,101,11996.94
West,Sports,Team Sports,Mobile,56488.25,169,4984
North,Furniture,Living Room,In-Store,3627.1,38,1119.07
North,Electronics,Phones,Mobile,12461.39,59,4388.71
West,Electronics,Laptops,Mobile,13950.72,144,4736.78
North,Clothing,Men,In-Store,18297.42,138,8186.15
North,Clothing,Men,In-Store,23821.99,193,3489.6
North,Beauty,Makeup,Online,14577.2,40,6137.61
East,Sports,Outdoor,Mobile,29733.44,88,2005.42
East,Electronics,Tablets,Online,9787.68,48,3913.05
North,Clothing,Women,Online,18483.96,67,7223.26
West,Sports,Outdoor,Mobile,17486.29,53,3361.33
East,Groceries,Produce,In-Store,9222.55,67,2297.74
North,Sports,Team Sports,Online,25234.2,90,2691.65
West,Clothing,Kids,Online,68681.28,174,13525.43
East,Groceries,Bakery,Mobile,47403.96,124,21017.64
West,Clothing,Women,Mobile,14255.36,172,3324.25
West,Beauty,Skincare,Online,1424.24,38,235.17
West,Groceries,Dairy,In-Store,20792.07,117,3763.72
South,Beauty,Haircare,In-Store,4500.36,108,1516.61
South,Sports,Gym,Mobile,13324.64,28,5529.65
South,Furniture,Bedroom,In-Store,57722,155,16341.56
North,Beauty,Makeup,Online,9055.2,154,2397.71
North,Sports,Team Sports,In-Store,60104.07,141,24634.86
South,Sports,Gym,In-Store,7043.64,79,2644.36
South,Furniture,Living Room,Online,28290.9,165,12412.98
East,Groceries,Produce,In-Store,9064,40,1957.42
East,Sports,Gym,Online,32481.4,140,9932.01
East,Clothing,Men,Mobile,49959.56,113,19871.18
North,Furniture,Living Room,Mobile,63220.32,144,6152.69
West,Clothing,Women,In-Store,4136.31,9,916.53
South,Furniture,Bedroom,Online,20617.74,162,2364.09
South,Electronics,Tablets,Online,12543.8,76,5230.13
South,Electronics,Laptops,Online,7625.08,38,2225.13
West,Furniture,Office,In-Store,9153.69,21,2118.78
West,Furniture,Bedroom,Online,13802.4,40,2576.51
East,Clothing,Men,Mobile,84724.8,190,17099.39
West,Electronics,Phones,Online,14421.12,174,4482.69
South,Furniture,Office,Mobile,21179.14,47,2387.14
South,Clothing,Kids,In-Store,11266,50,3014.26
North,Beauty,Makeup,In-Store,6715.8,117,2214.48
North,Groceries,Dairy,In-Store,37402.99,167,16418.77
North,Electronics,Phones,Online,52866.09,153,2946.54
North,Groceries,Dairy,Mobile,44336.64,96,8885.37
North,Sports,Team Sports,In-Store,9496.86,83,1357.64
North,Beauty,Skincare,In-Store,29752.39,163,10299.07
North,Electronics,Phones,Mobile,25801.1,130,3230.92
West,Clothing,Men,Mobile,12540.57,147,2904.66
West,Beauty,Haircare,Online,109.1,5,26.44
East,Beauty,Skincare,Mobile,27472.82,62,7892.89
East,Clothing,Men,In-Store,35553,75,12831.76
South,Clothing,Women,Online,8445.95,155,1498.95
West,Furniture,Office,Online,19240.21,121,1293.54
East,Sports,Team Sports,Online,6012,167,2414.53
North,Furniture,Living Room,Mobile,10666.2,58,2680.27
North,Furniture,Living Room,Online,29719.68,64,8345.16
East,Groceries,Produce,Online,5085.72,68,1959.98
East,Sports,Outdoor,Mobile,9500.4,28,2643.91
West,Electronics,Phones,Mobile,6782.84,37,1507.05
East,Furniture,Living Room,In-Store,4359.08,11,892.17
North,Beauty,Skincare,Online,9820.8,33,3419.21
South,Furniture,Bedroom,Online,31031.63,119,2349.86
East,Sports,Gym,Online,8530.56,36,1552.08
East,Electronics,Laptops,In-Store,16370.94,69,5273.1
West,Furniture,Bedroom,In-Store,4357.66,106,304.57
West,Beauty,Makeup,In-Store,35204.26,182,9339.09
East,Beauty,Makeup,Mobile,65510.01,153,26432.05
North,Furniture,Office,Online,76,2,16.2
East,Groceries,Bakery,Mobile,10567.7,65,3716.44
South,Furniture,Bedroom,Online,2756.16,198,415.04
West,Electronics,Phones,In-Store,50619.14,121,4428.45
East,Beauty,Makeup,Mobile,74515.32,198,11759.64
West,Electronics,Tablets,Mobile,16591.42,107,7074.27
West,Furniture,Bedroom,Mobile,353.12,16,25.97
North,Electronics,Phones,Mobile,3718,20,820.98
South,Groceries,Dairy,In-Store,20307.3,65,2844.43
West,Groceries,Dairy,Mobile,53794.51,133,15562.39
West,Clothing,Men,Mobile,28042.24,64,9101.48
North,Sports,Team Sports,Mobile,6011.32,14,587.5
South,Electronics,Tablets,Online,76257.93,183,19586.37
South,Furniture,Bedroom,Online,13256.22,186,4184.1
South,Clothing,Kids,Online,14406,175,4495.75
East,Beauty,Skincare,Mobile,42741.36,116,11797.7
South,Groceries,Produce,In-Store,42796.95,105,10685.33
North,Clothing,Kids,Mobile,12564.21,131,5604.71
West,Electronics,Tablets,Online,41300.64,172,9957.52
South,Clothing,Men,Mobile,57449.7,165,18040.97
South,Beauty,Skincare,Online,48882.75,175,20166.64
South,Electronics,Laptops,Mobile,3459,100,797.71
West,Electronics,Accessories,In-Store,29129.87,77,11745.61
West,Beauty,Makeup,Online,6951,84,525.42
North,Clothing,Men,Mobile,7603.5,37,2051.77
West,Electronics,Laptops,In-Store,15946.7,133,5254.89
East,Groceries,Bakery,Online,26725.7,199,10780.14
East,Furniture,Bedroom,Mobile,4842.72,16,1865.55
East,Furniture,Bedroom,Mobile,22927.92,166,2511.36
West,Beauty,Skincare,In-Store,17617.94,142,4284.93
East,Beauty,Haircare,Mobile,6114.9,85,1356.24
North,Clothing,Men,In-Store,1136.15,155,97.88
East,Clothing,Kids,In-Store,8097.51,31,3034.59
North,Groceries,Produce,In-Store,70960.55,155,4011.93
East,Groceries,Dairy,In-Store,75364.52,154,33305.59
West,Beauty,Skincare,Online,10109.9,95,1178.55
North,Groceries,Dairy,Online,21108.96,144,1934.33
East,Electronics,Laptops,Mobile,63372.75,175,22826.45
North,Furniture,Office,Mobile,51697.14,146,12947.81
North,Electronics,Tablets,Mobile,6988.5,50,2142.4
South,Sports,Gym,Mobile,26451.6,120,5776.64
South,Clothing,Women,Mobile,43387.74,99,10469.45
South,Clothing,Men,Mobile,21131.46,186,7834.79
West,Sports,Team Sports,Online,36599.04,96,8361.51
North,Clothing,Women,In-Store,33342.96,168,5206.41
North,Sports,Outdoor,Online,74514.96,152,30175.85
West,Sports,Gym,In-Store,4815.14,86,1956.57
South,Electronics,Accessories,In-Store,31313.7,99,9737.91
East,Sports,Team Sports,Mobile,36783.7,178,11873.9
East,Clothing,Kids,In-Store,11300.75,85,3077.02
North,Furniture,Bedroom,In-Store,37784.97,93,8805.67
South,Sports,Outdoor,In-Store,65853.11,167,24612.18
North,Beauty,Haircare,Mobile,12070.08,108,4386.74
South,Sports,Team Sports,Online,3229.3,10,216.61
South,Sports,Gym,Mobile,6121.84,118,1434.53
East,Sports,Team Sports,In-Store,58046.72,128,17112.58
West,Groceries,Bakery,In-Store,61203.92,124,20380.79
East,Electronics,Laptops,Online,27213.16,118,11030.77
East,Sports,Team Sports,Online,59589,150,11542.52
East,Electronics,Tablets,Mobile,29712.15,65,12352.41
West,Electronics,Laptops,Online,38086.61,199,7021.23
East,Furniture,Bedroom,Mobile,63915.56,163,25674.61
North,Furniture,Living Room,Online,5828.75,125,1018.41
South,Clothing,Women,Online,14453.92,52,1270.96
East,Sports,Gym,Online,3384.3,174,1507.79
South,Beauty,Makeup,In-Store,4935.3,30,538.52
West,Sports,Team Sports,Online,12515.8,44,1471.88
West,Beauty,Haircare,Online,8628.27,21,1776.12
South,Furniture,Bedroom,Mobile,12530.7,90,2361.92
West,Groceries,Dairy,Online,7155.7,163,553.12
East,Groceries,Produce,Online,7822.32,24,1619.35
West,Beauty,Skincare,Online,47976.2,97,5981.37
West,Beauty,Makeup,Mobile,29326.92,84,9594.89
East,Beauty,Haircare,Mobile,30009.6,64,12649.01
West,Sports,Outdoor,In-Store,44643.69,161,17697.44
South,Furniture,Bedroom,Online,5620.23,33,2152.41
East,Clothing,Men,Online,36213.84,104,12034.53
West,Clothing,Kids,Mobile,10008.46,22,626.33
East,Furniture,Bedroom,Online,6362.4,44,2505.95
West,Furniture,Office,In-Store,2907.32,13,1209.36
South,Beauty,Haircare,In-Store,1399.05,9,140.91
East,Furniture,Office,In-Store,29604.3,165,8812.51
South,Groceries,Dairy,Online,4333.2,92,1377.59
West,Groceries,Bakery,In-Store,22300.16,62,5671.14
South,Sports,Gym,Online,1417.49,23,229.14
West,Sports,Team Sports,Mobile,8381.28,114,3422.47
East,Beauty,Haircare,Online,13018.68,172,5718.11
South,Electronics,Accessories,Mobile,23183.88,129,3770.19
North,Clothing,Women,Mobile,51012.5,125,11479.73
East,Sports,Outdoor,Mobile,11591.9,38,3358.82
South,Groceries,Bakery,In-Store,12958.42,34,2226.86
North,Beauty,Makeup,Mobile,13142.8,88,1225.77
East,Groceries,Dairy,In-Store,71433,180,6834.05
East,Groceries,Produce,Mobile,6068.75,25,758.33
South,Furniture,Living Room,In-Store,4591.84,176,819.37
East,Clothing,Men,Mobile,14655.6,92,2144.34
East,Clothing,Men,In-Store,26674,100,10063.67
West,Clothing,Men,Online,6728.88,69,2967.29
West,Groceries,Produce,Mobile,16284,120,3000.55
South,Clothing,Women,Mobile,10168,41,2584.75
South,Furniture,Office,In-Store,4811.2,32,2099.91
West,Sports,Team Sports,In-Store,29854.9,106,6862.26
South,Furniture,Living Room,Mobile,33050.03,139,2714.87
North,Electronics,Accessories,Online,10416.24,36,4124.07
South,Sports,Gym,Online,59769.6,165,8326.59
East,Beauty,Makeup,In-Store,5900.16,16,1349.79
East,Clothing,Women,Mobile,65713.2,140,4010.25
North,Beauty,Skincare,In-Store,38465.2,185,14121.83
West,Groceries,Dairy,Mobile,10844.86,53,4048.1
South,Furniture,Office,In-Store,20684.13,93,6334.42
West,Electronics,Accessories,In-Store,6751.65,103,1840.24
West,Electronics,Phones,In-Store,16722.05,85,976.75
East,Electronics,Laptops,Mobile,13583.4,60,5840.38
South,Beauty,Haircare,Online,12966.48,87,1992.26
West,Electronics,Laptops,Online,44216.85,155,15255.17
North,Furniture,Living Room,Mobile,10926.91,29,767.65
South,Clothing,Men,Online,5527.4,145,983.93
West,Beauty,Makeup,Online,1770.72,48,269.58
South,Clothing,Women,Online,34423.47,151,5807.33
North,Furniture,Office,Online,40422.67,131,3112.69
West,Electronics,Accessories,In-Store,21165.3,134,3820.35
West,Electronics,Laptops,Mobile,47012.08,197,11369.96
West,Clothing,Women,In-Store,1531.35,45,188.49
West,Clothing,Kids,Online,5019.56,196,645.45
East,Clothing,Women,Online,41061.98,103,4444.66
South,Clothing,Men,In-Store,14622.4,152,830.52
North,Sports,Outdoor,Online,81750.94,193,6209.46
South,Furniture,Bedroom,Mobile,72990.12,186,6324.03
South,Clothing,Kids,In-Store,53651.85,185,11079.05
West,Clothing,Men,Online,3311.94,191,732.04
West,Sports,Team Sports,Mobile,14374.88,52,4024
North,Electronics,Laptops,In-Store,9143.64,99,2461.94
North,Furniture,Office,In-Store,20765.8,110,2714.42
East,Sports,Team Sports,Mobile,85945.89,177,28629.82
South,Electronics,Laptops,In-Store,8028.38,62,768.84
North,Sports,Outdoor,Mobile,23715.45,165,5281.03
South,Clothing,Kids,Mobile,39328.15,155,13526.34
North,Furniture,Living Room,In-Store,50650.12,109,3202.02
West,Clothing,Women,Mobile,5833.64,188,1616.14
South,Beauty,Haircare,In-Store,87342.96,184,8575.21
West,Furniture,Living Room,Online,15688.4,52,5824.12
North,Beauty,Skincare,In-Store,43941.3,190,7870.26
East,Electronics,Tablets,In-Store,10177.64,22,645.18
South,Furniture,Living Room,Mobile,14815.68,92,3396.22
West,Beauty,Skincare,In-Store,25556.01,167,9234.34
South,Sports,Team Sports,Online,9657.6,128,4121.61
North,Groceries,Bakery,In-Store,15825.8,106,5267.6
South,Beauty,Skincare,Mobile,42302.12,119,4567.19
East,Furniture,Bedroom,Mobile,8701.5,150,1528.45
West,Furniture,Office,Online,38412.36,108,10613.69
West,Beauty,Makeup,Online,10491.84,32,3440.33
North,Sports,Outdoor,In-Store,43757,133,8218.07
North,Sports,Gym,In-Store,21572.64,144,2095.19
East,Groceries,Produce,In-Store,2100.3,6,406.61
West,Sports,Outdoor,Mobile,670.08,96,278.81
West,Clothing,Women,Online,19072.2,60,7227.37
East,Groceries,Bakery,In-Store,7176.96,24,3110.95
South,Electronics,Phones,In-Store,53859.4,170,5708.59
East,Clothing,Kids,Online,7546.33,31,1177.05
North,Groceries,Dairy,Mobile,43147.44,98,15765.34
South,Furniture,Bedroom,In-Store,36721.02,111,7382.77
North,Electronics,Phones,Online,13002.54,74,1493.68
West,Clothing,Kids,In-Store,37720.27,127,15784.78
East,Sports,Team Sports,Online,7068,76,1799.63
East,Furniture,Living Room,In-Store,26869,100,5718.58
South,Clothing,Men,In-Store,13338.71,119,5874.23
North,Sports,Team Sports,In-Store,354.36,4,69.67
North,Sports,Gym,Online,2960.58,114,1082.73
West,Sports,Team Sports,Mobile,45813.6,189,5241.75
South,Groceries,Dairy,Mobile,539.4,30,61.36
East,Sports,Gym,In-Store,20691.66,66,5688.88
East,Furniture,Office,Online,11714.4,144,4552.38
North,Furniture,Bedroom,In-Store,69250.9,178,20908.79
South,Furniture,Office,In-Store,6900.67,49,1308.05
East,Beauty,Skincare,Online,19965.66,78,6193.13
South,Beauty,Skincare,Online,44222.23,191,12437.89
North,Clothing,Kids,Online,6763.96,49,925.28
West,Sports,Team Sports,Mobile,16448.31,179,3439.01
East,Furniture,Living Room,In-Store,53239.52,152,5384.92
East,Electronics,Tablets,Online,13627.2,136,4025.68
North,Groceries,Bakery,Mobile,61344,150,9722.59
West,Sports,Outdoor,In-Store,1347.69,3,597.86
East,Clothing,Women,Mobile,48693.6,180,17506.23
North,Beauty,Skincare,Mobile,54096.9,195,10142.06
East,Sports,Team Sports,In-Store,60440.6,166,23414.47
South,Electronics,Tablets,Mobile,5650.81,47,632.76
East,Electronics,Tablets,In-Store,1214.4,6,402.65
East,Clothing,Kids,Mobile,7567.38,153,2901.23
East,Furniture,Living Room,Mobile,14599.75,55,3729.14
North,Clothing,Men,Online,72961.6,160,17144.34
North,Sports,Gym,Online,7809.97,17,771.33
North,Groceries,Produce,Mobile,2917.2,120,950.18
North,Beauty,Haircare,Mobile,7429.33,83,1623.03
North,Beauty,Skincare,In-Store,35891.36,101,14657.21
East,Groceries,Bakery,In-Store,29848.8,60,4879.71
North,Groceries,Bakery,Mobile,34622.7,105,8870.61
North,Clothing,Kids,In-Store,30716.62,191,4975.61
West,Beauty,Haircare,Mobile,3839.9,10,705.7
North,Beauty,Haircare,Mobile,9243.36,144,1169.65
West,Clothing,Kids,Online,28149.09,129,8132.36
South,Sports,Gym,Mobile,36165.75,75,5775.72
East,Groceries,Bakery,In-Store,46871,100,18819.75
East,Clothing,Women,In-Store,14646.8,56,4075.64
South,Clothing,Kids,In-Store,36761.56,116,15054.59
East,Sports,Team Sports,Online,38424.85,83,9323.22
South,Clothing,Women,Mobile,49875.9,155,13804.25
South,Groceries,Produce,Online,11726.25,59,4831.38
North,Clothing,Women,In-Store,46687.11,123,14750.88
West,Sports,Outdoor,In-Store,14841.84,156,6643.31
North,Electronics,Accessories,Online,21621.05,55,2135.1
West,Furniture,Bedroom,Online,34702.56,108,14130.37
East,Sports,Outdoor,Online,46152.54,126,5498.81
South,Groceries,Dairy,Mobile,67638.34,154,3914.18
North,Furniture,Living Room,Mobile,47473.17,177,13600.66
North,Beauty,Makeup,In-Store,27132.7,83,2801.35
East,Sports,Gym,In-Store,11673.88,92,2977.22
East,Electronics,Laptops,Online,38064.44,127,11734.74
North,Electronics,Accessories,Online,63471.72,183,25279.97
North,Electronics,Accessories,Online,21696.08,68,1457.28
East,Electronics,Tablets,Online,4201.88,73,1250.47
East,Beauty,Makeup,In-Store,6587.56,196,1611.03
East,Groceries,Bakery,Online,73899.4,151,11979.71
West,Electronics,Tablets,Mobile,9530.3,130,3853.8
North,Sports,Gym,Online,16903.08,81,6254.9
South,Electronics,Accessories,In-Store,15732.43,97,5416.18
East,Groceries,Dairy,Mobile,11498.08,47,2520.53
West,Furniture,Bedroom,Online,28728.63,63,12684.6
West,Electronics,Accessories,In-Store,4091.36,182,1683.04
East,Sports,Gym,Online,60223.62,142,8312.48
North,Furniture,Bedroom,In-Store,1087.72,142,435.96
West,Furniture,Office,Online,48339.14,113,6401.57
East,Clothing,Men,Online,49748.72,196,12043.34
North,Clothing,Women,In-Store,33088,88,4486.07
East,Furniture,Living Room,Mobile,10516,110,2153.93
West,Electronics,Tablets,In-Store,64487.28,132,21208.81
South,Groceries,Produce,Online,20913.83,109,6831.67
South,Electronics,Phones,Mobile,11684.24,38,3844.95
East,Beauty,Makeup,Mobile,3207.62,13,1084.49
South,Beauty,Skincare,Online,8180.87,23,1463.07
West,Clothing,Kids,Online,1466.25,5,538.25
South,Clothing,Kids,Online,2363.88,12,905.12
East,Electronics,Phones,Mobile,168,2,60.72
North,Clothing,Women,In-Store,3810.24,112,1177.56
North,Clothing,Men,Mobile,4442.88,128,680.21
West,Furniture,Living Room,Online,18517.05,45,4124.34
East,Electronics,Laptops,Online,29860.92,86,8795.29
West,Beauty,Makeup,Online,24137.99,101,4859.87
South,Sports,Team Sports,Online,39475.2,192,8259.06
North,Electronics,Laptops,Online,89947.44,198,32557.65
North,Furniture,Living Room,Online,17846.01,63,5600.39
North,Groceries,Bakery,Online,42316.56,132,4631.39
South,Beauty,Haircare,Online,21051.36,66,6381.55
North,Groceries,Bakery,In-Store,35763.91,91,15788.38
West,Groceries,Dairy,Mobile,8125.04,44,3415.96
West,Sports,Team Sports,Online,29392.47,81,3479.77
West,Electronics,Laptops,In-Store,12236.01,59,4702.47
West,Furniture,Office,Online,12023.04,62,4440.42
North,Electronics,Accessories,Mobile,963.75,3,139.53
South,Beauty,Haircare,In-Store,23517,75,7637.88
West,Beauty,Makeup,In-Store,68569.2,189,8510.61
West,Beauty,Makeup,Mobile,7099.68,42,2571.93
East,Beauty,Skincare,In-Store,23468.55,105,7431.62
North,Clothing,Kids,In-Store,7732.4,40,3015.96
East,Furniture,Bedroom,Online,12529,55,1813.41
East,Clothing,Kids,In-Store,3313.17,7,773.48
West,Electronics,Tablets,Online,15977.26,163,3760.84
North,Groceries,Dairy,Mobile,16170.4,40,1455.51
East,Furniture,Bedroom,Mobile,11465.62,83,4836.21
South,Sports,Gym,In-Store,14636.74,47,6457.01
East,Beauty,Makeup,Mobile,42767.82,159,16607.42
West,Groceries,Produce,Mobile,45196.86,134,19492.85
West,Electronics,Phones,Online,10695.52,22,3605.78
East,Beauty,Makeup,In-Store,7123.2,21,1254.38
West,Furniture,Living Room,In-Store,55493.44,136,20703.73
South,Sports,Gym,Mobile,2204.4,66,283.41
West,Groceries,Produce,Mobile,67426.75,173,10516.98
North,Beauty,Makeup,In-Store,5504.85,15,1401.75
North,Clothing,Women,Online,24962.19,67,7972.53
North,Clothing,Women,In-Store,19452.16,182,6410.15
West,Groceries,Produce,In-Store,15228.4,40,2297.09
West,Clothing,Men,In-Store,28865.28,64,8450.48
East,Sports,Outdoor,In-Store,2512.86,14,1090.29
North,Sports,Team Sports,Mobile,55847.12,124,12830.02
West,Electronics,Phones,Online,14948.16,48,3800.95
West,Clothing,Men,In-Store,3811.36,112,717.2
South,Sports,Gym,Mobile,61978.7,185,16249.84
South,Furniture,Office,Mobile,18384.56,74,6749.93
North,Beauty,Haircare,In-Store,817.88,14,248.68
West,Groceries,Produce,In-Store,46475.01,141,10257.5
South,Sports,Outdoor,Online,74565.15,165,4196.69
South,Sports,Team Sports,Mobile,29562.41,67,3103.24
North,Groceries,Produce,Online,78004.2,174,19746.14
North,Sports,Team Sports,Online,67176.45,165,14347.99
South,Sports,Team Sports,Online,40280.8,112,12244.43
East,Groceries,Bakery,Online,3745,125,726.64
North,Beauty,Skincare,Mobile,37542.88,118,4927.3
West,Clothing,Kids,Mobile,20493.2,140,5903.67
East,Electronics,Tablets,In-Store,9751.2,136,4354.85
South,Beauty,Haircare,Online,1689.04,43,208.62
North,Beauty,Skincare,Online,13700.64,48,2829.37
East,Beauty,Makeup,Online,7305.9,71,728.62
West,Beauty,Makeup,Online,9609.03,27,3451.58
South,Electronics,Laptops,In-Store,21612.44,68,8498.27
South,Furniture,Office,In-Store,3677.45,49,1216.31
South,Clothing,Men,In-Store,18082.08,58,7170.03
East,Sports,Outdoor,In-Store,1401.06,114,616.36
East,Furniture,Living Room,In-Store,30801.31,79,11810.02
South,Clothing,Men,In-Store,6558.4,40,421.95
North,Electronics,Tablets,Mobile,59461.35,195,19359.99
East,Groceries,Dairy,Online,4227.23,49,1877.78
East,Groceries,Bakery,In-Store,10563.68,103,4145.71
North,Groceries,Bakery,Mobile,22199.04,94,4507.41
North,Furniture,Living Room,Mobile,13132.5,85,991.5
North,Clothing,Women,Mobile,43592.8,145,19040.35
West,Beauty,Haircare,In-Store,282.24,21,49.89
South,Clothing,Men,Mobile,1975.74,6,162.18
South,Electronics,Tablets,Online,26076.8,80,4918.97
West,Groceries,Bakery,Online,48733.12,134,19242.82
East,Groceries,Bakery,Online,41443.6,110,17245.02
East,Electronics,Accessories,In-Store,9468.02,62,710.31
North,Groceries,Bakery,Online,25449.65,59,2142.16
West,Clothing,Men,Mobile,48349.76,139,16304.43
West,Electronics,Phones,In-Store,10024.56,153,2112.38
South,Furniture,Living Room,Online,23307.81,53,7418.07
South,Furniture,Office,Mobile,25332.93,63,8611.84
West,Sports,Gym,Mobile,37977.48,83,2929.02
South,Beauty,Skincare,Mobile,1214.4,30,76.8
East,Sports,Team Sports,Online,4757.76,21,448.64
West,Clothing,Kids,Online,16585.92,104,3769.08
West,Clothing,Men,Online,79899.6,165,19126.42
West,Electronics,Phones,In-Store,22695,150,6648.27
East,Sports,Gym,In-Store,715.98,3,177.92
North,Clothing,Women,Online,5331.64,41,545.38
North,Clothing,Kids,In-Store,23083.11,107,6685.05
North,Groceries,Bakery,Mobile,9022.78,26,1456.58
South,Electronics,Laptops,In-Store,33193.68,104,11893.56
South,Electronics,Laptops,In-Store,5658.37,43,1515.16
South,Sports,Team Sports,Mobile,8125.74,18,3247.44
West,Beauty,Skincare,In-Store,7320.3,30,735.29
South,Electronics,Accessories,In-Store,18791.41,139,5238.18
South,Groceries,Bakery,In-Store,59656.48,172,5568.25
South,Sports,Team Sports,Mobile,17244.21,57,3699.02
East,Electronics,Accessories,Online,3131.1,42,1401.27
East,Clothing,Kids,Online,5710.75,53,1924.79
West,Sports,Gym,In-Store,16391.25,125,6471.31
North,Sports,Outdoor,Mobile,2085.71,11,246.66
North,Beauty,Makeup,Online,82410.9,187,14100.05
North,Furniture,Office,In-Store,4113.94,173,1025.77
East,Furniture,Bedroom,Mobile,56840.88,148,18563.32
South,Furniture,Office,In-Store,1688.1,10,246.05
East,Clothing,Men,Online,26141.08,89,4711.87
North,Beauty,Makeup,Online,38265.78,186,3587.7
East,Furniture,Bedroom,Online,7155.72,66,546.17
South,Sports,Outdoor,In-Store,24543,135,1814.11
South,Electronics,Phones,In-Store,80270.68,172,14109.41
East,Sports,Gym,Mobile,16944,40,2643.34
East,Groceries,Produce,Online,25021.7,86,3917.79
West,Sports,Outdoor,Mobile,33528.4,109,5672.42
West,Furniture,Bedroom,In-Store,69.9,2,10.82
South,Sports,Gym,Mobile,33883.92,83,3634.35
North,Electronics,Laptops,Mobile,490.96,1,212.44
North,Groceries,Produce,Mobile,4438.98,182,247.94
South,Furniture,Office,Online,51134.6,121,9089.63
North,Groceries,Bakery,Online,6537.96,22,2906.82
South,Groceries,Produce,Online,16530.93,39,4483.66
North,Clothing,Women,Mobile,773.67,123,173.92
East,Sports,Team Sports,In-Store,21604.77,157,9071.72
East,Electronics,Accessories,Online,12603.6,162,4306.99
South,Furniture,Bedroom,In-Store,27306.72,129,5807.53
South,Clothing,Women,In-Store,60678.02,173,5766.35
South,Beauty,Haircare,In-Store,17951.18,47,8025.81
South,Clothing,Kids,Mobile,2095.2,40,229.44
East,Sports,Team Sports,In-Store,55783.32,177,7656.25
East,Beauty,Makeup,Online,10952.04,33,4109.1
North,Groceries,Dairy,Online,4236,16,443.16
South,Electronics,Tablets,In-Store,17321.5,49,4590.65
East,Furniture,Bedroom,Online,68366.76,154,21139.5
South,Furniture,Office,Online,35.1,5,8.3
East,Groceries,Bakery,Mobile,24115.07,59,4737.54
South,Beauty,Makeup,Mobile,17608.25,55,5644.33
North,Electronics,Accessories,Online,10523.24,98,3143.48
North,Sports,Outdoor,Mobile,22057.92,144,1884.24
West,Sports,Gym,In-Store,65011.31,199,4991.95
West,Sports,Gym,Mobile,17153.98,53,3403.8
South,Furniture,Living Room,Online,14164.8,52,5897.09
West,Clothing,Men,In-Store,9251.88,163,618.88
North,Clothing,Women,Mobile,7525.06,37,3128.09
West,Electronics,Phones,Online,8900.6,191,2432.9
North,Sports,Outdoor,Online,3804.32,124,1264.79
North,Groceries,Bakery,In-Store,14628.84,71,1084.49
West,Electronics,Accessories,Online,26735.01,141,2464.79
West,Beauty,Skincare,Mobile,58139.33,127,13656.08
East,Beauty,Skincare,Online,9167.36,128,817.18
East,Electronics,Phones,In-Store,6203.08,79,2183.23
South,Sports,Gym,Mobile,826.4,8,351.79
East,Groceries,Dairy,Mobile,87980.98,193,29594.55
South,Sports,Team Sports,Online,13476.48,96,3386.62
East,Beauty,Haircare,Mobile,1616.24,8,428.33
South,Beauty,Haircare,Online,19783.92,104,1113.81
South,Electronics,Accessories,In-Store,41705.37,147,5913.53
West,Beauty,Haircare,Online,5146.99,131,2151.06
East,Electronics,Phones,Online,39300.5,83,3305.76
North,Furniture,Office,Mobile,12734.19,123,4021.23
North,Groceries,Dairy,Mobile,39235.36,82,10381.91
East,Clothing,Men,Online,1779.44,59,141.55
West,Sports,Outdoor,Online,2863.5,166,1134.47
West,Clothing,Men,Online,68039.08,188,18158.26
West,Clothing,Women,Mobile,11402.92,34,3179.51
South,Groceries,Dairy,Online,35321.52,78,2192.15
West,Beauty,Haircare,In-Store,11657.28,48,682.51
North,Sports,Gym,In-Store,13234.5,34,757.66
North,Electronics,Accessories,Online,6263.55,93,1358.3
West,Groceries,Dairy,In-Store,3964.4,34,219.42
East,Electronics,Phones,Mobile,8153.64,58,1706.52
North,Furniture,Bedroom,Mobile,33692.47,161,4182.52
South,Clothing,Men,In-Store,58906.2,124,13299.58
North,Beauty,Haircare,Online,5504.84,22,928.1
West,Furniture,Bedroom,In-Store,26486.22,106,7484.92
West,Beauty,Skincare,In-Store,17232,60,3890.6
North,Groceries,Produce,Mobile,13994.88,32,995.81
North,Beauty,Makeup,In-Store,9487.8,60,1362.22
South,Beauty,Makeup,Mobile,72726,150,29718.74
North,Beauty,Makeup,Mobile,64197.65,151,8269.33
South,Electronics,Accessories,In-Store,32075.4,196,7775.27
North,Furniture,Office,Mobile,14875.77,39,3066.64
West,Beauty,Skincare,Mobile,45587.83,139,4513.5
South,Groceries,Bakery,Online,1829.12,4,139.73
East,Sports,Gym,Mobile,6349.85,65,2636.7
North,Clothing,Kids,Mobile,7323.8,110,2899.84
South,Sports,Team Sports,Online,34536.11,161,2263.6
West,Electronics,Laptops,In-Store,7423.36,16,1468.48
West,Electronics,Laptops,In-Store,13131.28,106,2776.89
North,Sports,Team Sports,In-Store,50828.84,179,15022.39
North,Clothing,Men,Mobile,171.42,3,62.32
North,Furniture,Living Room,Online,13979.68,169,1506.46
North,Electronics,Accessories,Mobile,80714.88,173,7146.76
North,Electronics,Laptops,Online,1254.04,4,160.33
West,Furniture,Living Room,Online,38668.2,102,9914.06
East,Sports,Outdoor,In-Store,42755.65,151,11646.83
North,Furniture,Office,Online,5564.95,85,1098.39
South,Clothing,Women,Online,5875.74,162,916.53
West,Sports,Outdoor,Mobile,5169.7,17,964.55
South,Electronics,Tablets,Online,31006.26,67,3015.96
West,Electronics,Phones,In-Store,6739.2,104,1562.48
East,Furniture,Office,Mobile,39793.22,157,10496.99
North,Beauty,Makeup,Mobile,30176,100,13358.28
South,Clothing,Men,Mobile,16881.48,154,5689.22
North,Groceries,Produce,Mobile,32792.1,190,3900.87
West,Beauty,Haircare,In-Store,67831.2,144,14943.56
North,Furniture,Office,Online,15710.91,57,2315.32
North,Sports,Outdoor,In-Store,9080.19,49,2427.4
East,Clothing,Men,Mobile,1530.76,14,496.21
East,Beauty,Haircare,Online,24728.76,54,4489.31
South,Sports,Outdoor,In-Store,8964.48,46,1779.04
West,Groceries,Dairy,In-Store,422.94,19,143.03
North,Clothing,Men,Mobile,28575.68,112,11985.88
North,Groceries,Bakery,Mobile,45912.36,156,14190.03